Traceback (most recent call last):
  File "/Users/faustosasdelli/Python/send_email.py", line 1, in <module>
    import requests
ModuleNotFoundError: No module named 'requests'
Traceback (most recent call last):
  File "/Users/faustosasdelli/Python/send_email.py", line 1, in <module>
    import requests
ModuleNotFoundError: No module named 'requests'
Novidades já notificadas anteriormente. Sem envio...
Novidades já notificadas anteriormente. Sem envio...
Novidades já notificadas anteriormente. Sem envio...
Novidades já notificadas anteriormente. Sem envio...
Novidades já notificadas anteriormente. Sem envio...
Novidades já notificadas anteriormente. Sem envio...
Novidades já notificadas anteriormente. Sem envio...
Novidades já notificadas anteriormente. Sem envio...
Novidades já notificadas anteriormente. Sem envio...
Novidades já notificadas anteriormente. Sem envio...
Novidades já notificadas anteriormente. Sem envio...
Novidades já notificadas anteriormente. Sem envio...
Novidades já notificadas anteriormente. Sem envio...
Novidades já notificadas anteriormente. Sem envio...
Novidades já notificadas anteriormente. Sem envio...
Novidades já notificadas anteriormente. Sem envio...
Novidades já notificadas anteriormente. Sem envio...
Novidades já notificadas anteriormente. Sem envio...
Novidades já notificadas anteriormente. Sem envio...
Novidades já notificadas anteriormente. Sem envio...
Novidades já notificadas anteriormente. Sem envio...
Novidades já notificadas anteriormente. Sem envio...
Novidades já notificadas anteriormente. Sem envio...
Novidades já notificadas anteriormente. Sem envio...
Novidades já notificadas anteriormente. Sem envio...
Novidades já notificadas anteriormente. Sem envio...
Novidades já notificadas anteriormente. Sem envio...
Novidades já notificadas anteriormente. Sem envio...
Novidades já notificadas anteriormente. Sem envio...
Novidades já notificadas anteriormente. Sem envio...
Novidades já notificadas anteriormente. Sem envio...
Novidades já notificadas anteriormente. Sem envio...
Novidades já notificadas anteriormente. Sem envio...
Novidades já notificadas anteriormente. Sem envio...
Novidades já notificadas anteriormente. Sem envio...
Novidades já notificadas anteriormente. Sem envio...
Novidades já notificadas anteriormente. Sem envio...
Novidades já notificadas anteriormente. Sem envio...
Novidades já notificadas anteriormente. Sem envio...
Novidades já notificadas anteriormente. Sem envio...
Novidades já notificadas anteriormente. Sem envio...
Novidades já notificadas anteriormente. Sem envio...
Novidades já notificadas anteriormente. Sem envio...
Novidades já notificadas anteriormente. Sem envio...
Novidades já notificadas anteriormente. Sem envio...
Novidades já notificadas anteriormente. Sem envio...
Novidades já notificadas anteriormente. Sem envio...
Novidades já notificadas anteriormente. Sem envio...
Novidades já notificadas anteriormente. Sem envio...
Novidades já notificadas anteriormente. Sem envio...
Novidades já notificadas anteriormente. Sem envio...
Novidades já notificadas anteriormente. Sem envio...
Novidades já notificadas anteriormente. Sem envio...
Novidades já notificadas anteriormente. Sem envio...
Novidades já notificadas anteriormente. Sem envio...
Novidades já notificadas anteriormente. Sem envio...
Novidades já notificadas anteriormente. Sem envio...
Novidades já notificadas anteriormente. Sem envio...
Novidades já notificadas anteriormente. Sem envio...
Novidades já notificadas anteriormente. Sem envio...
Novidades já notificadas anteriormente. Sem envio...
Novidades já notificadas anteriormente. Sem envio...
Novidades já notificadas anteriormente. Sem envio...
Novidades já notificadas anteriormente. Sem envio...
Novidades já notificadas anteriormente. Sem envio...
Novidades já notificadas anteriormente. Sem envio...
Novidades já notificadas anteriormente. Sem envio...
Novidades já notificadas anteriormente. Sem envio...
Novidades já notificadas anteriormente. Sem envio...
Novidades já notificadas anteriormente. Sem envio...
Novidades já notificadas anteriormente. Sem envio...
Novidades já notificadas anteriormente. Sem envio...
Novidades já notificadas anteriormente. Sem envio...
Novidades já notificadas anteriormente. Sem envio...
Novidades já notificadas anteriormente. Sem envio...
Novidades já notificadas anteriormente. Sem envio...
Novidades já notificadas anteriormente. Sem envio...
Novidades já notificadas anteriormente. Sem envio...
Novidades já notificadas anteriormente. Sem envio...
Novidades já notificadas anteriormente. Sem envio...
Novidades já notificadas anteriormente. Sem envio...
Novidades já notificadas anteriormente. Sem envio...
Novidades já notificadas anteriormente. Sem envio...
Novidades já notificadas anteriormente. Sem envio...
Novidades já notificadas anteriormente. Sem envio...
Novidades já notificadas anteriormente. Sem envio...
Novidades já notificadas anteriormente. Sem envio...
Novidades já notificadas anteriormente. Sem envio...
Novidades já notificadas anteriormente. Sem envio...
Rodou em: 2025-11-21 08:10:06.225470
Novidades já notificadas anteriormente. Sem envio...
Rodou em: 2025-11-21 08:20:04.083370
Novidades já notificadas anteriormente. Sem envio...
Rodou em: 2025-11-21 08:30:06.802171
Novidades já notificadas anteriormente. Sem envio...
Rodou em: 2025-11-21 08:40:05.159809
Novidades já notificadas anteriormente. Sem envio...
Rodou em: 2025-11-21 08:50:04.412623
Novidades já notificadas anteriormente. Sem envio...
Rodou em: 2025-11-21 09:00:04.211020
Novidades já notificadas anteriormente. Sem envio...
Rodou em: 2025-11-21 09:10:05.413076
Novidades já notificadas anteriormente. Sem envio...
Rodou em: 2025-11-21 09:20:04.706748
Novidades já notificadas anteriormente. Sem envio...
Rodou em: 2025-11-21 09:30:05.212263
Novidades já notificadas anteriormente. Sem envio...
Rodou em: 2025-11-21 09:40:05.372952
Novidades já notificadas anteriormente. Sem envio...
Rodou em: 2025-11-21 09:50:04.950042
Email enviado com sucesso!
Rodou em: 2025-11-21 10:00:04.600668
Novidades já notificadas anteriormente. Sem envio...
Rodou em: 2025-11-21 10:10:04.110376
Novidades já notificadas anteriormente. Sem envio...
Rodou em: 2025-11-21 10:20:04.815949
Novidades já notificadas anteriormente. Sem envio...
Rodou em: 2025-11-21 10:30:09.109032
Novidades já notificadas anteriormente. Sem envio...
Rodou em: 2025-11-21 10:40:07.199762
Novidades já notificadas anteriormente. Sem envio...
Rodou em: 2025-11-21 10:50:07.192128
Novidades já notificadas anteriormente. Sem envio...
Rodou em: 2025-11-21 11:00:04.043685
Novidades já notificadas anteriormente. Sem envio...
Rodou em: 2025-11-21 11:10:04.373665
Novidades já notificadas anteriormente. Sem envio...
Rodou em: 2025-11-21 11:20:04.864916
Novidades já notificadas anteriormente. Sem envio...
Rodou em: 2025-11-21 11:30:04.629630
Novidades já notificadas anteriormente. Sem envio...
Rodou em: 2025-11-21 11:40:04.710460
Novidades já notificadas anteriormente. Sem envio...
Rodou em: 2025-11-21 11:50:06.412898
Novidades já notificadas anteriormente. Sem envio...
Rodou em: 2025-11-21 12:00:04.527545
Novidades já notificadas anteriormente. Sem envio...
Rodou em: 2025-11-21 12:10:04.228227
Novidades já notificadas anteriormente. Sem envio...
Rodou em: 2025-11-21 12:20:04.031214
Novidades já notificadas anteriormente. Sem envio...
Rodou em: 2025-11-21 12:30:03.821826
Novidades já notificadas anteriormente. Sem envio...
Rodou em: 2025-11-21 12:40:03.795590
Novidades já notificadas anteriormente. Sem envio...
Rodou em: 2025-11-21 12:50:06.456627
Novidades já notificadas anteriormente. Sem envio...
Rodou em: 2025-11-21 13:00:04.129902
Novidades já notificadas anteriormente. Sem envio...
Rodou em: 2025-11-21 13:10:05.031189
Novidades já notificadas anteriormente. Sem envio...
Rodou em: 2025-11-21 13:20:04.858328
Novidades já notificadas anteriormente. Sem envio...
Rodou em: 2025-11-21 13:30:04.086374
Novidades já notificadas anteriormente. Sem envio...
Rodou em: 2025-11-21 13:40:03.707547
Novidades já notificadas anteriormente. Sem envio...
Rodou em: 2025-11-21 13:50:06.490791
Novidades já notificadas anteriormente. Sem envio...
Rodou em: 2025-11-21 14:00:06.735108
Novidades já notificadas anteriormente. Sem envio...
Rodou em: 2025-11-21 14:10:04.235152
Novidades já notificadas anteriormente. Sem envio...
Rodou em: 2025-11-21 14:20:04.130243
Novidades já notificadas anteriormente. Sem envio...
Rodou em: 2025-11-21 14:30:05.945585
Novidades já notificadas anteriormente. Sem envio...
Rodou em: 2025-11-21 14:40:04.263086
Novidades já notificadas anteriormente. Sem envio...
Rodou em: 2025-11-21 14:50:07.223940
Novidades já notificadas anteriormente. Sem envio...
Rodou em: 2025-11-21 15:00:04.019751
Novidades já notificadas anteriormente. Sem envio...
Rodou em: 2025-11-21 15:10:05.629874
Novidades já notificadas anteriormente. Sem envio...
Rodou em: 2025-11-21 15:20:05.326533
Novidades já notificadas anteriormente. Sem envio...
Rodou em: 2025-11-21 15:30:05.354326
Novidades já notificadas anteriormente. Sem envio...
Rodou em: 2025-11-21 15:40:04.011543
Novidades já notificadas anteriormente. Sem envio...
Rodou em: 2025-11-21 15:50:03.598908
Novidades já notificadas anteriormente. Sem envio...
Rodou em: 2025-11-21 16:00:05.586324
Novidades já notificadas anteriormente. Sem envio...
Rodou em: 2025-11-21 16:10:05.401913
Novidades já notificadas anteriormente. Sem envio...
Rodou em: 2025-11-21 16:20:08.808255
Novidades já notificadas anteriormente. Sem envio...
Rodou em: 2025-11-21 16:30:05.368932
Novidades já notificadas anteriormente. Sem envio...
Rodou em: 2025-11-21 16:40:03.782530
Novidades já notificadas anteriormente. Sem envio...
Rodou em: 2025-11-21 16:50:05.012153
Novidades já notificadas anteriormente. Sem envio...
Rodou em: 2025-11-21 17:00:04.464388
Novidades já notificadas anteriormente. Sem envio...
Rodou em: 2025-11-21 17:10:04.238405
Novidades já notificadas anteriormente. Sem envio...
Rodou em: 2025-11-21 17:20:04.095047
Novidades já notificadas anteriormente. Sem envio...
Rodou em: 2025-11-21 17:30:04.942134
Novidades já notificadas anteriormente. Sem envio...
Rodou em: 2025-11-21 17:40:05.095358
Novidades já notificadas anteriormente. Sem envio...
Rodou em: 2025-11-21 17:50:06.391779
Novidades já notificadas anteriormente. Sem envio...
Rodou em: 2025-11-21 18:00:04.353499
Novidades já notificadas anteriormente. Sem envio...
Rodou em: 2025-11-21 18:10:05.445914
Novidades já notificadas anteriormente. Sem envio...
Rodou em: 2025-11-21 18:20:07.220319
Novidades já notificadas anteriormente. Sem envio...
Rodou em: 2025-11-21 18:30:04.187047
Novidades já notificadas anteriormente. Sem envio...
Rodou em: 2025-11-21 21:10:05.563885
Novidades já notificadas anteriormente. Sem envio...
Rodou em: 2025-11-22 04:08:34.581028
Novidades já notificadas anteriormente. Sem envio...
Rodou em: 2025-11-22 04:40:05.073866
Novidades já notificadas anteriormente. Sem envio...
Rodou em: 2025-11-22 04:58:58.646464
Novidades já notificadas anteriormente. Sem envio...
Rodou em: 2025-11-22 07:30:05.195706
Novidades já notificadas anteriormente. Sem envio...
Rodou em: 2025-11-22 10:30:06.764902
Novidades já notificadas anteriormente. Sem envio...
Rodou em: 2025-11-22 13:20:02.761050
Novidades já notificadas anteriormente. Sem envio...
Rodou em: 2025-11-22 13:20:03.731292
Novidades já notificadas anteriormente. Sem envio...
Rodou em: 2025-11-22 14:16:33.983183
Novidades já notificadas anteriormente. Sem envio...
Erro ao acessar o site: HTTPSConnectionPool(host='sitepd.org.br', port=443): Read timed out. (read timeout=10)
Rodou em: 2025-11-22 21:02:04.059393
Novidades já notificadas anteriormente. Sem envio...
Rodou em: 2025-11-22 21:10:05.573485
Novidades já notificadas anteriormente. Sem envio...
Rodou em: 2025-11-23 04:50:07.037900
Novidades já notificadas anteriormente. Sem envio...
Rodou em: 2025-11-23 05:00:04.021957
Novidades já notificadas anteriormente. Sem envio...
Rodou em: 2025-11-23 05:10:03.820026
Novidades já notificadas anteriormente. Sem envio...
Rodou em: 2025-11-23 05:20:04.538008
Novidades já notificadas anteriormente. Sem envio...
Rodou em: 2025-11-23 05:30:04.371800
Novidades já notificadas anteriormente. Sem envio...
Rodou em: 2025-11-23 05:40:05.447286
Novidades já notificadas anteriormente. Sem envio...
Rodou em: 2025-11-23 05:50:04.096268
Novidades já notificadas anteriormente. Sem envio...
Rodou em: 2025-11-23 06:00:03.896105
Novidades já notificadas anteriormente. Sem envio...
Rodou em: 2025-11-23 08:00:30.816040
Novidades já notificadas anteriormente. Sem envio...
Rodou em: 2025-11-23 09:30:09.903619
Novidades já notificadas anteriormente. Sem envio...
Rodou em: 2025-11-23 09:40:04.811735
Novidades já notificadas anteriormente. Sem envio...
Rodou em: 2025-11-23 09:50:04.158902
Novidades já notificadas anteriormente. Sem envio...
Rodou em: 2025-11-23 10:00:04.151681
Novidades já notificadas anteriormente. Sem envio...
Rodou em: 2025-11-23 10:10:03.962938
Novidades já notificadas anteriormente. Sem envio...
Rodou em: 2025-11-23 10:20:04.792911
Novidades já notificadas anteriormente. Sem envio...
Rodou em: 2025-11-23 10:30:06.764970
Novidades já notificadas anteriormente. Sem envio...
Rodou em: 2025-11-23 10:40:05.897128
Novidades já notificadas anteriormente. Sem envio...
Rodou em: 2025-11-23 10:50:04.134207
Novidades já notificadas anteriormente. Sem envio...
Rodou em: 2025-11-23 11:00:04.238855
Novidades já notificadas anteriormente. Sem envio...
Rodou em: 2025-11-23 11:10:06.141674
Novidades já notificadas anteriormente. Sem envio...
Rodou em: 2025-11-23 11:20:03.969049
Novidades já notificadas anteriormente. Sem envio...
Rodou em: 2025-11-23 11:30:03.690642
Novidades já notificadas anteriormente. Sem envio...
Rodou em: 2025-11-23 11:40:05.756338
Novidades já notificadas anteriormente. Sem envio...
Rodou em: 2025-11-23 11:50:04.327072
Novidades já notificadas anteriormente. Sem envio...
Rodou em: 2025-11-23 12:00:03.713526
Novidades já notificadas anteriormente. Sem envio...
Rodou em: 2025-11-23 12:10:03.880650
Novidades já notificadas anteriormente. Sem envio...
Rodou em: 2025-11-23 12:20:03.637962
Novidades já notificadas anteriormente. Sem envio...
Rodou em: 2025-11-23 12:30:04.193515
Novidades já notificadas anteriormente. Sem envio...
Rodou em: 2025-11-23 12:40:03.507240
Novidades já notificadas anteriormente. Sem envio...
Rodou em: 2025-11-23 12:50:04.103901
Novidades já notificadas anteriormente. Sem envio...
Rodou em: 2025-11-23 13:00:04.377437
Novidades já notificadas anteriormente. Sem envio...
Rodou em: 2025-11-23 13:10:03.621309
Novidades já notificadas anteriormente. Sem envio...
Rodou em: 2025-11-23 13:20:05.418137
Novidades já notificadas anteriormente. Sem envio...
Rodou em: 2025-11-23 13:30:03.991284
Novidades já notificadas anteriormente. Sem envio...
Rodou em: 2025-11-23 13:40:04.798651
Novidades já notificadas anteriormente. Sem envio...
Rodou em: 2025-11-23 13:50:03.977235
Novidades já notificadas anteriormente. Sem envio...
Rodou em: 2025-11-23 14:00:03.824768
Novidades já notificadas anteriormente. Sem envio...
Rodou em: 2025-11-23 14:10:04.095479
Novidades já notificadas anteriormente. Sem envio...
Rodou em: 2025-11-23 14:20:06.190417
Novidades já notificadas anteriormente. Sem envio...
Rodou em: 2025-11-23 14:30:05.093481
Novidades já notificadas anteriormente. Sem envio...
Rodou em: 2025-11-23 14:40:03.645427
Novidades já notificadas anteriormente. Sem envio...
Rodou em: 2025-11-23 14:50:04.205574
Novidades já notificadas anteriormente. Sem envio...
Rodou em: 2025-11-23 15:00:07.509485
Novidades já notificadas anteriormente. Sem envio...
Rodou em: 2025-11-23 15:10:05.414131
Novidades já notificadas anteriormente. Sem envio...
Rodou em: 2025-11-23 15:20:03.964256
Novidades já notificadas anteriormente. Sem envio...
Rodou em: 2025-11-23 15:30:03.801426
Novidades já notificadas anteriormente. Sem envio...
Rodou em: 2025-11-23 15:40:05.251976
Novidades já notificadas anteriormente. Sem envio...
Rodou em: 2025-11-23 15:50:03.687002
Novidades já notificadas anteriormente. Sem envio...
Rodou em: 2025-11-23 16:00:05.385719
Novidades já notificadas anteriormente. Sem envio...
Rodou em: 2025-11-23 16:10:05.147947
Novidades já notificadas anteriormente. Sem envio...
Rodou em: 2025-11-23 16:20:03.426990
Novidades já notificadas anteriormente. Sem envio...
Rodou em: 2025-11-23 16:30:03.852035
Novidades já notificadas anteriormente. Sem envio...
Rodou em: 2025-11-23 16:40:03.929623
Novidades já notificadas anteriormente. Sem envio...
Rodou em: 2025-11-23 16:50:03.457484
Novidades já notificadas anteriormente. Sem envio...
Rodou em: 2025-11-23 17:00:05.829800
Novidades já notificadas anteriormente. Sem envio...
Rodou em: 2025-11-23 17:10:05.075960
Novidades já notificadas anteriormente. Sem envio...
Rodou em: 2025-11-23 17:20:03.791545
Novidades já notificadas anteriormente. Sem envio...
Rodou em: 2025-11-23 17:30:04.923891
Novidades já notificadas anteriormente. Sem envio...
Rodou em: 2025-11-23 17:40:04.767801
Novidades já notificadas anteriormente. Sem envio...
Rodou em: 2025-11-23 17:50:05.411061
Novidades já notificadas anteriormente. Sem envio...
Rodou em: 2025-11-23 18:00:05.002184
Novidades já notificadas anteriormente. Sem envio...
Rodou em: 2025-11-23 18:10:04.932928
Novidades já notificadas anteriormente. Sem envio...
Rodou em: 2025-11-23 18:20:04.244631
Novidades já notificadas anteriormente. Sem envio...
Rodou em: 2025-11-23 18:30:03.983474
Novidades já notificadas anteriormente. Sem envio...
Rodou em: 2025-11-23 18:40:03.614036
Novidades já notificadas anteriormente. Sem envio...
Rodou em: 2025-11-23 18:50:05.196655
Novidades já notificadas anteriormente. Sem envio...
Rodou em: 2025-11-23 19:00:04.556444
Novidades já notificadas anteriormente. Sem envio...
Rodou em: 2025-11-23 19:10:05.218787
Novidades já notificadas anteriormente. Sem envio...
Rodou em: 2025-11-23 19:20:03.764368
Novidades já notificadas anteriormente. Sem envio...
Rodou em: 2025-11-23 19:30:05.494881
Novidades já notificadas anteriormente. Sem envio...
Rodou em: 2025-11-23 19:40:05.728344
Novidades já notificadas anteriormente. Sem envio...
Rodou em: 2025-11-23 19:50:03.969894
Novidades já notificadas anteriormente. Sem envio...
Rodou em: 2025-11-23 20:00:04.837098
Novidades já notificadas anteriormente. Sem envio...
Rodou em: 2025-11-23 20:10:06.002094
Novidades já notificadas anteriormente. Sem envio...
Rodou em: 2025-11-23 20:20:03.730744
Novidades já notificadas anteriormente. Sem envio...
Rodou em: 2025-11-23 20:30:04.827759
Novidades já notificadas anteriormente. Sem envio...
Rodou em: 2025-11-23 20:40:04.165992
Novidades já notificadas anteriormente. Sem envio...
Rodou em: 2025-11-23 20:50:04.232140
Novidades já notificadas anteriormente. Sem envio...
Rodou em: 2025-11-23 21:00:04.047183
Novidades já notificadas anteriormente. Sem envio...
Rodou em: 2025-11-23 21:10:06.425521
Novidades já notificadas anteriormente. Sem envio...
Rodou em: 2025-11-23 21:20:05.373582
Novidades já notificadas anteriormente. Sem envio...
Rodou em: 2025-11-23 21:30:04.240905
Novidades já notificadas anteriormente. Sem envio...
Rodou em: 2025-11-23 21:40:03.631972
Novidades já notificadas anteriormente. Sem envio...
Rodou em: 2025-11-23 21:50:04.139732
Novidades já notificadas anteriormente. Sem envio...
Rodou em: 2025-11-23 22:00:03.996194
Novidades já notificadas anteriormente. Sem envio...
Rodou em: 2025-11-23 22:10:04.562008
Novidades já notificadas anteriormente. Sem envio...
Rodou em: 2025-11-23 22:20:04.526379
Novidades já notificadas anteriormente. Sem envio...
Rodou em: 2025-11-23 22:30:05.010513
Novidades já notificadas anteriormente. Sem envio...
Rodou em: 2025-11-23 22:40:03.668051
Novidades já notificadas anteriormente. Sem envio...
Rodou em: 2025-11-23 22:50:05.058326
Novidades já notificadas anteriormente. Sem envio...
Rodou em: 2025-11-23 23:00:04.967280
Novidades já notificadas anteriormente. Sem envio...
Rodou em: 2025-11-23 23:10:04.792800
Novidades já notificadas anteriormente. Sem envio...
Rodou em: 2025-11-23 23:20:05.282744
Novidades já notificadas anteriormente. Sem envio...
Rodou em: 2025-11-23 23:30:05.349664
Novidades já notificadas anteriormente. Sem envio...
Rodou em: 2025-11-23 23:40:03.671618
Novidades já notificadas anteriormente. Sem envio...
Rodou em: 2025-11-23 23:50:04.311614
Novidades já notificadas anteriormente. Sem envio...
Rodou em: 2025-11-24 00:00:07.588890
Novidades já notificadas anteriormente. Sem envio...
Rodou em: 2025-11-24 00:10:05.845561
Novidades já notificadas anteriormente. Sem envio...
Rodou em: 2025-11-24 00:20:03.946050
Novidades já notificadas anteriormente. Sem envio...
Rodou em: 2025-11-24 00:30:04.490873
Novidades já notificadas anteriormente. Sem envio...
Rodou em: 2025-11-24 00:40:03.735832
Novidades já notificadas anteriormente. Sem envio...
Rodou em: 2025-11-24 00:50:04.330102
Novidades já notificadas anteriormente. Sem envio...
Rodou em: 2025-11-24 01:00:05.417628
Novidades já notificadas anteriormente. Sem envio...
Rodou em: 2025-11-24 01:10:05.319121
Novidades já notificadas anteriormente. Sem envio...
Rodou em: 2025-11-24 01:20:04.435846
Novidades já notificadas anteriormente. Sem envio...
Rodou em: 2025-11-24 01:30:04.146844
Novidades já notificadas anteriormente. Sem envio...
Rodou em: 2025-11-24 01:40:03.129952
Novidades já notificadas anteriormente. Sem envio...
Rodou em: 2025-11-24 01:50:03.624831
Novidades já notificadas anteriormente. Sem envio...
Rodou em: 2025-11-24 02:00:06.552909
Novidades já notificadas anteriormente. Sem envio...
Rodou em: 2025-11-24 02:10:04.377448
Novidades já notificadas anteriormente. Sem envio...
Rodou em: 2025-11-24 02:20:03.896338
Novidades já notificadas anteriormente. Sem envio...
Rodou em: 2025-11-24 02:30:03.926756
Novidades já notificadas anteriormente. Sem envio...
Rodou em: 2025-11-24 02:40:04.629074
Novidades já notificadas anteriormente. Sem envio...
Rodou em: 2025-11-24 02:50:05.670969
Novidades já notificadas anteriormente. Sem envio...
Rodou em: 2025-11-24 03:00:07.097340
Novidades já notificadas anteriormente. Sem envio...
Rodou em: 2025-11-24 03:10:03.727190
Novidades já notificadas anteriormente. Sem envio...
Rodou em: 2025-11-24 03:20:05.148699
Novidades já notificadas anteriormente. Sem envio...
Rodou em: 2025-11-24 03:30:04.079151
Novidades já notificadas anteriormente. Sem envio...
Rodou em: 2025-11-24 03:40:05.108287
Novidades já notificadas anteriormente. Sem envio...
Rodou em: 2025-11-24 03:50:04.545802
Novidades já notificadas anteriormente. Sem envio...
Rodou em: 2025-11-24 04:00:04.531645
Novidades já notificadas anteriormente. Sem envio...
Rodou em: 2025-11-24 04:10:05.010929
Novidades já notificadas anteriormente. Sem envio...
Rodou em: 2025-11-24 04:20:03.634203
Novidades já notificadas anteriormente. Sem envio...
Rodou em: 2025-11-24 04:30:05.119987
Novidades já notificadas anteriormente. Sem envio...
Rodou em: 2025-11-24 04:40:05.095686
Novidades já notificadas anteriormente. Sem envio...
Rodou em: 2025-11-24 04:50:03.703831
Novidades já notificadas anteriormente. Sem envio...
Erro ao acessar o site: HTTPSConnectionPool(host='sitepd.org.br', port=443): Read timed out. (read timeout=10)
Rodou em: 2025-11-24 05:10:04.313692
Novidades já notificadas anteriormente. Sem envio...
Rodou em: 2025-11-24 05:20:03.731926
Novidades já notificadas anteriormente. Sem envio...
Rodou em: 2025-11-24 05:30:04.245378
Novidades já notificadas anteriormente. Sem envio...
Rodou em: 2025-11-24 05:40:03.928909
Novidades já notificadas anteriormente. Sem envio...
Rodou em: 2025-11-24 05:50:04.259368
Novidades já notificadas anteriormente. Sem envio...
Rodou em: 2025-11-24 06:00:04.308254
Novidades já notificadas anteriormente. Sem envio...
Rodou em: 2025-11-24 06:10:05.583428
Novidades já notificadas anteriormente. Sem envio...
Rodou em: 2025-11-24 06:20:04.552897
Novidades já notificadas anteriormente. Sem envio...
Rodou em: 2025-11-24 06:30:04.384306
Novidades já notificadas anteriormente. Sem envio...
Rodou em: 2025-11-24 06:40:04.189735
Novidades já notificadas anteriormente. Sem envio...
Rodou em: 2025-11-24 06:50:05.374579
Novidades já notificadas anteriormente. Sem envio...
Rodou em: 2025-11-24 07:00:04.144253
Novidades já notificadas anteriormente. Sem envio...
Rodou em: 2025-11-24 07:10:04.145063
Novidades já notificadas anteriormente. Sem envio...
Rodou em: 2025-11-24 07:20:04.114575
Novidades já notificadas anteriormente. Sem envio...
Rodou em: 2025-11-24 07:30:04.611183
Novidades já notificadas anteriormente. Sem envio...
Rodou em: 2025-11-24 07:40:04.481778
Novidades já notificadas anteriormente. Sem envio...
Rodou em: 2025-11-24 07:50:04.193994
Novidades já notificadas anteriormente. Sem envio...
Rodou em: 2025-11-24 08:00:06.428821
Novidades já notificadas anteriormente. Sem envio...
Rodou em: 2025-11-24 08:10:05.467132
Novidades já notificadas anteriormente. Sem envio...
Rodou em: 2025-11-24 08:20:04.496577
Novidades já notificadas anteriormente. Sem envio...
Rodou em: 2025-11-24 08:30:03.888375
Novidades já notificadas anteriormente. Sem envio...
Rodou em: 2025-11-24 08:40:03.253687
Novidades já notificadas anteriormente. Sem envio...
Rodou em: 2025-11-24 08:50:04.742718
Novidades já notificadas anteriormente. Sem envio...
Rodou em: 2025-11-24 09:00:04.419643
Novidades já notificadas anteriormente. Sem envio...
Rodou em: 2025-11-24 09:10:05.139333
Novidades já notificadas anteriormente. Sem envio...
Rodou em: 2025-11-24 09:20:07.457920
Novidades já notificadas anteriormente. Sem envio...
Rodou em: 2025-11-24 09:30:10.263643
Novidades já notificadas anteriormente. Sem envio...
Rodou em: 2025-11-24 09:40:10.941346
Novidades já notificadas anteriormente. Sem envio...
Rodou em: 2025-11-24 09:50:04.434440
Novidades já notificadas anteriormente. Sem envio...
Rodou em: 2025-11-24 10:00:05.782347
Novidades já notificadas anteriormente. Sem envio...
Rodou em: 2025-11-24 10:10:04.695979
Novidades já notificadas anteriormente. Sem envio...
Rodou em: 2025-11-24 10:20:07.259138
Novidades já notificadas anteriormente. Sem envio...
Rodou em: 2025-11-24 10:30:04.417533
Novidades já notificadas anteriormente. Sem envio...
Rodou em: 2025-11-24 10:40:03.970731
Novidades já notificadas anteriormente. Sem envio...
Rodou em: 2025-11-24 10:50:05.839765
Novidades já notificadas anteriormente. Sem envio...
Rodou em: 2025-11-24 11:00:06.249040
Novidades já notificadas anteriormente. Sem envio...
Rodou em: 2025-11-24 11:10:03.999753
Novidades já notificadas anteriormente. Sem envio...
Rodou em: 2025-11-24 11:20:05.968728
Novidades já notificadas anteriormente. Sem envio...
Rodou em: 2025-11-24 11:30:04.929848
Novidades já notificadas anteriormente. Sem envio...
Rodou em: 2025-11-24 11:40:05.616402
Novidades já notificadas anteriormente. Sem envio...
Rodou em: 2025-11-24 11:50:05.504597
Novidades já notificadas anteriormente. Sem envio...
Rodou em: 2025-11-24 12:00:04.455954
Novidades já notificadas anteriormente. Sem envio...
Rodou em: 2025-11-24 12:10:08.777686
Novidades já notificadas anteriormente. Sem envio...
Rodou em: 2025-11-24 12:20:05.386282
Novidades já notificadas anteriormente. Sem envio...
Rodou em: 2025-11-24 12:30:05.165603
Novidades já notificadas anteriormente. Sem envio...
Rodou em: 2025-11-24 12:40:03.588517
Novidades já notificadas anteriormente. Sem envio...
Rodou em: 2025-11-24 12:50:05.353476
Novidades já notificadas anteriormente. Sem envio...
Rodou em: 2025-11-24 13:00:03.937739
Novidades já notificadas anteriormente. Sem envio...
Rodou em: 2025-11-24 13:10:04.968261
Novidades já notificadas anteriormente. Sem envio...
Rodou em: 2025-11-24 13:20:03.561018
Novidades já notificadas anteriormente. Sem envio...
Rodou em: 2025-11-24 13:30:06.924674
Novidades já notificadas anteriormente. Sem envio...
Rodou em: 2025-11-24 13:40:04.248641
Novidades já notificadas anteriormente. Sem envio...
Rodou em: 2025-11-24 13:50:04.396657
Novidades já notificadas anteriormente. Sem envio...
Rodou em: 2025-11-24 14:00:06.158435
Email enviado com sucesso!
Rodou em: 2025-11-24 14:10:04.734320
Novidades já notificadas anteriormente. Sem envio...
Rodou em: 2025-11-24 14:20:08.421792
Novidades já notificadas anteriormente. Sem envio...
Rodou em: 2025-11-24 14:30:08.692434
Novidades já notificadas anteriormente. Sem envio...
Rodou em: 2025-11-24 14:40:04.513584
Novidades já notificadas anteriormente. Sem envio...
Rodou em: 2025-11-24 14:50:04.732688
Novidades já notificadas anteriormente. Sem envio...
Rodou em: 2025-11-24 15:00:04.389717
Novidades já notificadas anteriormente. Sem envio...
Rodou em: 2025-11-24 15:10:04.012192
Novidades já notificadas anteriormente. Sem envio...
Rodou em: 2025-11-24 15:20:18.250635
Novidades já notificadas anteriormente. Sem envio...
Rodou em: 2025-11-24 15:30:04.928074
Novidades já notificadas anteriormente. Sem envio...
Rodou em: 2025-11-24 15:40:06.362402
Novidades já notificadas anteriormente. Sem envio...
Rodou em: 2025-11-24 15:50:04.333185
Novidades já notificadas anteriormente. Sem envio...
Rodou em: 2025-11-24 16:00:07.068451
Novidades já notificadas anteriormente. Sem envio...
Rodou em: 2025-11-24 16:10:05.247409
Novidades já notificadas anteriormente. Sem envio...
Rodou em: 2025-11-24 16:20:05.009837
Email enviado com sucesso!
Rodou em: 2025-11-24 16:30:05.443952
Novidades já notificadas anteriormente. Sem envio...
Rodou em: 2025-11-24 16:40:15.167634
Novidades já notificadas anteriormente. Sem envio...
Rodou em: 2025-11-24 16:50:04.924545
Novidades já notificadas anteriormente. Sem envio...
Rodou em: 2025-11-24 17:00:06.140542
Novidades já notificadas anteriormente. Sem envio...
Rodou em: 2025-11-24 17:10:04.246093
Novidades já notificadas anteriormente. Sem envio...
Rodou em: 2025-11-24 17:20:04.896464
Novidades já notificadas anteriormente. Sem envio...
Rodou em: 2025-11-24 17:30:03.852650
Novidades já notificadas anteriormente. Sem envio...
Rodou em: 2025-11-24 17:40:03.377523
Novidades já notificadas anteriormente. Sem envio...
Rodou em: 2025-11-24 17:50:04.027481
Novidades já notificadas anteriormente. Sem envio...
Rodou em: 2025-11-24 18:00:04.012844
Novidades já notificadas anteriormente. Sem envio...
Rodou em: 2025-11-24 18:10:04.934920
Novidades já notificadas anteriormente. Sem envio...
Rodou em: 2025-11-24 18:20:03.385607
Novidades já notificadas anteriormente. Sem envio...
Rodou em: 2025-11-24 18:30:04.286940
Novidades já notificadas anteriormente. Sem envio...
Rodou em: 2025-11-24 18:40:03.503243
Novidades já notificadas anteriormente. Sem envio...
Rodou em: 2025-11-24 18:50:03.769759
Novidades já notificadas anteriormente. Sem envio...
Rodou em: 2025-11-24 19:00:04.502793
Novidades já notificadas anteriormente. Sem envio...
Rodou em: 2025-11-24 19:10:05.205474
Novidades já notificadas anteriormente. Sem envio...
Rodou em: 2025-11-24 19:20:04.010630
Novidades já notificadas anteriormente. Sem envio...
Rodou em: 2025-11-24 19:30:05.739157
Novidades já notificadas anteriormente. Sem envio...
Rodou em: 2025-11-24 19:40:04.796183
Novidades já notificadas anteriormente. Sem envio...
Rodou em: 2025-11-24 19:50:04.298562
Novidades já notificadas anteriormente. Sem envio...
Rodou em: 2025-11-24 20:00:04.595919
Novidades já notificadas anteriormente. Sem envio...
Rodou em: 2025-11-24 20:10:04.276363
Novidades já notificadas anteriormente. Sem envio...
Rodou em: 2025-11-24 20:20:03.822615
Novidades já notificadas anteriormente. Sem envio...
Rodou em: 2025-11-24 20:30:04.473465
Novidades já notificadas anteriormente. Sem envio...
Rodou em: 2025-11-24 20:40:05.170389
Novidades já notificadas anteriormente. Sem envio...
Rodou em: 2025-11-24 20:50:03.834243
Novidades já notificadas anteriormente. Sem envio...
Rodou em: 2025-11-24 21:00:04.720823
Novidades já notificadas anteriormente. Sem envio...
Rodou em: 2025-11-24 21:10:05.620341
Novidades já notificadas anteriormente. Sem envio...
Rodou em: 2025-11-24 21:20:04.286036
Novidades já notificadas anteriormente. Sem envio...
Rodou em: 2025-11-24 21:30:03.714436
Novidades já notificadas anteriormente. Sem envio...
Rodou em: 2025-11-24 21:40:04.030472
Novidades já notificadas anteriormente. Sem envio...
Rodou em: 2025-11-24 21:50:04.432375
Novidades já notificadas anteriormente. Sem envio...
Rodou em: 2025-11-24 22:00:06.073287
Novidades já notificadas anteriormente. Sem envio...
Rodou em: 2025-11-24 22:10:05.203856
Novidades já notificadas anteriormente. Sem envio...
Rodou em: 2025-11-24 22:20:04.059130
Novidades já notificadas anteriormente. Sem envio...
Rodou em: 2025-11-24 22:30:03.438777
Novidades já notificadas anteriormente. Sem envio...
Rodou em: 2025-11-24 22:40:04.833143
Novidades já notificadas anteriormente. Sem envio...
Rodou em: 2025-11-24 22:50:04.408923
Novidades já notificadas anteriormente. Sem envio...
Rodou em: 2025-11-24 23:00:04.391141
Novidades já notificadas anteriormente. Sem envio...
Rodou em: 2025-11-24 23:10:05.280316
Novidades já notificadas anteriormente. Sem envio...
Rodou em: 2025-11-24 23:20:03.965201
Novidades já notificadas anteriormente. Sem envio...
Rodou em: 2025-11-24 23:30:03.952830
Novidades já notificadas anteriormente. Sem envio...
Rodou em: 2025-11-24 23:40:03.238179
Novidades já notificadas anteriormente. Sem envio...
Rodou em: 2025-11-24 23:50:03.788742
Novidades já notificadas anteriormente. Sem envio...
Rodou em: 2025-11-25 00:00:09.006438
Novidades já notificadas anteriormente. Sem envio...
Rodou em: 2025-11-25 00:10:04.578285
Novidades já notificadas anteriormente. Sem envio...
Rodou em: 2025-11-25 00:20:04.070436
Novidades já notificadas anteriormente. Sem envio...
Rodou em: 2025-11-25 00:30:04.102299
Novidades já notificadas anteriormente. Sem envio...
Rodou em: 2025-11-25 00:40:05.104378
Novidades já notificadas anteriormente. Sem envio...
Rodou em: 2025-11-25 00:50:04.315184
Novidades já notificadas anteriormente. Sem envio...
Rodou em: 2025-11-25 01:00:03.718004
Novidades já notificadas anteriormente. Sem envio...
Rodou em: 2025-11-25 01:10:05.507076
Novidades já notificadas anteriormente. Sem envio...
Rodou em: 2025-11-25 01:20:04.000942
Novidades já notificadas anteriormente. Sem envio...
Rodou em: 2025-11-25 01:30:04.326499
Novidades já notificadas anteriormente. Sem envio...
Rodou em: 2025-11-25 01:40:04.987419
Novidades já notificadas anteriormente. Sem envio...
Rodou em: 2025-11-25 01:50:03.949399
Novidades já notificadas anteriormente. Sem envio...
Rodou em: 2025-11-25 02:00:04.392400
Novidades já notificadas anteriormente. Sem envio...
Rodou em: 2025-11-25 02:10:05.448023
Novidades já notificadas anteriormente. Sem envio...
Rodou em: 2025-11-25 02:20:04.775140
Novidades já notificadas anteriormente. Sem envio...
Rodou em: 2025-11-25 02:30:04.209484
Novidades já notificadas anteriormente. Sem envio...
Rodou em: 2025-11-25 02:40:04.788679
Novidades já notificadas anteriormente. Sem envio...
Rodou em: 2025-11-25 02:50:04.294451
Novidades já notificadas anteriormente. Sem envio...
Rodou em: 2025-11-25 03:00:04.403950
Novidades já notificadas anteriormente. Sem envio...
Rodou em: 2025-11-25 03:10:04.879403
Novidades já notificadas anteriormente. Sem envio...
Rodou em: 2025-11-25 03:20:04.461457
Novidades já notificadas anteriormente. Sem envio...
Rodou em: 2025-11-25 03:30:03.840752
Novidades já notificadas anteriormente. Sem envio...
Rodou em: 2025-11-25 03:40:04.456058
Novidades já notificadas anteriormente. Sem envio...
Rodou em: 2025-11-25 03:50:03.812881
Novidades já notificadas anteriormente. Sem envio...
Rodou em: 2025-11-25 04:00:04.097204
Novidades já notificadas anteriormente. Sem envio...
Rodou em: 2025-11-25 04:10:05.503166
Novidades já notificadas anteriormente. Sem envio...
Rodou em: 2025-11-25 04:20:04.168164
Novidades já notificadas anteriormente. Sem envio...
Rodou em: 2025-11-25 04:30:03.767746
Novidades já notificadas anteriormente. Sem envio...
Rodou em: 2025-11-25 04:40:05.656141
Novidades já notificadas anteriormente. Sem envio...
Rodou em: 2025-11-25 04:50:03.712044
Novidades já notificadas anteriormente. Sem envio...
Rodou em: 2025-11-25 05:00:05.234473
Novidades já notificadas anteriormente. Sem envio...
Rodou em: 2025-11-25 05:10:03.808617
Novidades já notificadas anteriormente. Sem envio...
Rodou em: 2025-11-25 05:20:04.247525
Novidades já notificadas anteriormente. Sem envio...
Rodou em: 2025-11-25 05:30:04.163902
Novidades já notificadas anteriormente. Sem envio...
Rodou em: 2025-11-25 05:40:04.907898
Novidades já notificadas anteriormente. Sem envio...
Rodou em: 2025-11-25 05:50:03.407673
Novidades já notificadas anteriormente. Sem envio...
Rodou em: 2025-11-25 06:00:05.408530
Novidades já notificadas anteriormente. Sem envio...
Rodou em: 2025-11-25 06:10:04.144683
Novidades já notificadas anteriormente. Sem envio...
Rodou em: 2025-11-25 06:20:04.835641
Novidades já notificadas anteriormente. Sem envio...
Rodou em: 2025-11-25 06:30:04.517236
Novidades já notificadas anteriormente. Sem envio...
Rodou em: 2025-11-25 06:40:04.847130
Novidades já notificadas anteriormente. Sem envio...
Rodou em: 2025-11-25 06:50:04.517780
Novidades já notificadas anteriormente. Sem envio...
Rodou em: 2025-11-25 07:00:05.233910
Novidades já notificadas anteriormente. Sem envio...
Rodou em: 2025-11-25 07:10:04.648820
Novidades já notificadas anteriormente. Sem envio...
Rodou em: 2025-11-25 07:20:04.067398
Novidades já notificadas anteriormente. Sem envio...
Rodou em: 2025-11-25 07:30:05.943921
Novidades já notificadas anteriormente. Sem envio...
Rodou em: 2025-11-25 07:40:05.884044
Novidades já notificadas anteriormente. Sem envio...
Rodou em: 2025-11-25 07:50:09.699378
Novidades já notificadas anteriormente. Sem envio...
Rodou em: 2025-11-25 08:00:13.549594
Novidades já notificadas anteriormente. Sem envio...
Rodou em: 2025-11-25 08:10:04.016822
Novidades já notificadas anteriormente. Sem envio...
Rodou em: 2025-11-25 08:20:04.930799
Novidades já notificadas anteriormente. Sem envio...
Rodou em: 2025-11-25 08:30:04.608942
Novidades já notificadas anteriormente. Sem envio...
Rodou em: 2025-11-25 08:40:04.260907
Novidades já notificadas anteriormente. Sem envio...
Rodou em: 2025-11-25 08:50:05.270807
Novidades já notificadas anteriormente. Sem envio...
Rodou em: 2025-11-25 09:00:06.796422
Novidades já notificadas anteriormente. Sem envio...
Rodou em: 2025-11-25 09:10:03.990294
Novidades já notificadas anteriormente. Sem envio...
Rodou em: 2025-11-25 09:20:03.679113
Novidades já notificadas anteriormente. Sem envio...
Rodou em: 2025-11-25 09:30:04.450411
Novidades já notificadas anteriormente. Sem envio...
Rodou em: 2025-11-25 09:40:05.911274
Novidades já notificadas anteriormente. Sem envio...
Rodou em: 2025-11-25 09:50:05.832469
Novidades já notificadas anteriormente. Sem envio...
Rodou em: 2025-11-25 10:00:04.172783
Novidades já notificadas anteriormente. Sem envio...
Rodou em: 2025-11-25 10:10:05.262808
Novidades já notificadas anteriormente. Sem envio...
Rodou em: 2025-11-25 10:20:04.097075
Novidades já notificadas anteriormente. Sem envio...
Rodou em: 2025-11-25 10:30:06.632298
Novidades já notificadas anteriormente. Sem envio...
Rodou em: 2025-11-25 10:40:08.634222
Novidades já notificadas anteriormente. Sem envio...
Rodou em: 2025-11-25 10:50:06.720466
Novidades já notificadas anteriormente. Sem envio...
Rodou em: 2025-11-25 11:00:09.387613
Novidades já notificadas anteriormente. Sem envio...
Rodou em: 2025-11-25 11:10:04.963739
Novidades já notificadas anteriormente. Sem envio...
Rodou em: 2025-11-25 11:20:04.520564
Novidades já notificadas anteriormente. Sem envio...
Rodou em: 2025-11-25 11:30:05.485217
Novidades já notificadas anteriormente. Sem envio...
Rodou em: 2025-11-25 11:40:12.085776
Novidades já notificadas anteriormente. Sem envio...
Rodou em: 2025-11-25 11:50:06.289668
Novidades já notificadas anteriormente. Sem envio...
Rodou em: 2025-11-25 12:00:06.459575
Novidades já notificadas anteriormente. Sem envio...
Rodou em: 2025-11-25 12:10:04.177406
Novidades já notificadas anteriormente. Sem envio...
Rodou em: 2025-11-25 12:20:04.500117
Novidades já notificadas anteriormente. Sem envio...
Rodou em: 2025-11-25 12:30:04.154781
Novidades já notificadas anteriormente. Sem envio...
Rodou em: 2025-11-25 12:40:04.849559
Novidades já notificadas anteriormente. Sem envio...
Rodou em: 2025-11-25 12:50:04.041508
Novidades já notificadas anteriormente. Sem envio...
Rodou em: 2025-11-25 13:00:04.383749
Novidades já notificadas anteriormente. Sem envio...
Rodou em: 2025-11-25 13:10:04.074184
Novidades já notificadas anteriormente. Sem envio...
Rodou em: 2025-11-25 13:20:04.768954
Novidades já notificadas anteriormente. Sem envio...
Rodou em: 2025-11-25 13:30:07.353420
Novidades já notificadas anteriormente. Sem envio...
Rodou em: 2025-11-25 13:40:03.972641
Novidades já notificadas anteriormente. Sem envio...
Rodou em: 2025-11-25 13:50:06.172742
Novidades já notificadas anteriormente. Sem envio...
Rodou em: 2025-11-25 14:00:04.563355
Novidades já notificadas anteriormente. Sem envio...
Rodou em: 2025-11-25 14:10:04.038536
Novidades já notificadas anteriormente. Sem envio...
Rodou em: 2025-11-25 14:20:08.466406
Novidades já notificadas anteriormente. Sem envio...
Rodou em: 2025-11-25 14:30:05.328662
Novidades já notificadas anteriormente. Sem envio...
Rodou em: 2025-11-25 14:40:05.329192
Novidades já notificadas anteriormente. Sem envio...
Rodou em: 2025-11-25 14:50:07.252261
Novidades já notificadas anteriormente. Sem envio...
Rodou em: 2025-11-25 15:00:37.130440
Novidades já notificadas anteriormente. Sem envio...
Rodou em: 2025-11-25 15:10:12.551942
Novidades já notificadas anteriormente. Sem envio...
Rodou em: 2025-11-25 15:20:05.932657
Novidades já notificadas anteriormente. Sem envio...
Rodou em: 2025-11-25 15:30:08.686454
Novidades já notificadas anteriormente. Sem envio...
Rodou em: 2025-11-25 15:40:04.219698
Novidades já notificadas anteriormente. Sem envio...
Rodou em: 2025-11-25 15:50:05.107234
Novidades já notificadas anteriormente. Sem envio...
Rodou em: 2025-11-25 16:00:04.004436
Novidades já notificadas anteriormente. Sem envio...
Rodou em: 2025-11-25 16:10:05.484663
Novidades já notificadas anteriormente. Sem envio...
Rodou em: 2025-11-25 16:20:04.371811
Novidades já notificadas anteriormente. Sem envio...
Rodou em: 2025-11-25 16:30:04.068225
Novidades já notificadas anteriormente. Sem envio...
Rodou em: 2025-11-25 16:40:04.765684
Novidades já notificadas anteriormente. Sem envio...
Rodou em: 2025-11-25 16:50:04.750128
Novidades já notificadas anteriormente. Sem envio...
Rodou em: 2025-11-25 17:00:05.942834
Novidades já notificadas anteriormente. Sem envio...
Rodou em: 2025-11-25 17:10:05.946816
Novidades já notificadas anteriormente. Sem envio...
Rodou em: 2025-11-25 17:20:04.465804
Novidades já notificadas anteriormente. Sem envio...
Rodou em: 2025-11-25 17:30:05.607459
Novidades já notificadas anteriormente. Sem envio...
Rodou em: 2025-11-25 17:40:03.767330
Novidades já notificadas anteriormente. Sem envio...
Rodou em: 2025-11-25 17:50:04.160590
Novidades já notificadas anteriormente. Sem envio...
Rodou em: 2025-11-25 18:00:04.758643
Novidades já notificadas anteriormente. Sem envio...
Rodou em: 2025-11-25 18:10:04.409456
Novidades já notificadas anteriormente. Sem envio...
Rodou em: 2025-11-25 18:20:05.473902
Novidades já notificadas anteriormente. Sem envio...
Rodou em: 2025-11-25 18:30:05.722876
Novidades já notificadas anteriormente. Sem envio...
Rodou em: 2025-11-25 18:40:04.504711
Novidades já notificadas anteriormente. Sem envio...
Rodou em: 2025-11-25 18:50:04.042299
Novidades já notificadas anteriormente. Sem envio...
Rodou em: 2025-11-25 19:00:06.077351
Novidades já notificadas anteriormente. Sem envio...
Rodou em: 2025-11-25 19:10:05.264748
Novidades já notificadas anteriormente. Sem envio...
Rodou em: 2025-11-25 19:20:04.367988
Novidades já notificadas anteriormente. Sem envio...
Rodou em: 2025-11-25 19:30:05.615008
Novidades já notificadas anteriormente. Sem envio...
Rodou em: 2025-11-25 19:40:04.558968
Novidades já notificadas anteriormente. Sem envio...
Rodou em: 2025-11-25 19:50:05.435081
Novidades já notificadas anteriormente. Sem envio...
Rodou em: 2025-11-25 20:00:05.832857
Novidades já notificadas anteriormente. Sem envio...
Rodou em: 2025-11-25 20:10:06.511388
Novidades já notificadas anteriormente. Sem envio...
Rodou em: 2025-11-25 20:20:04.175056
Novidades já notificadas anteriormente. Sem envio...
Rodou em: 2025-11-25 20:30:05.273694
Novidades já notificadas anteriormente. Sem envio...
Rodou em: 2025-11-25 20:40:03.970096
Novidades já notificadas anteriormente. Sem envio...
Rodou em: 2025-11-25 20:50:03.924299
Novidades já notificadas anteriormente. Sem envio...
Rodou em: 2025-11-25 21:00:05.594377
Novidades já notificadas anteriormente. Sem envio...
Rodou em: 2025-11-25 21:10:04.851427
Novidades já notificadas anteriormente. Sem envio...
Rodou em: 2025-11-25 21:20:03.635778
Novidades já notificadas anteriormente. Sem envio...
Rodou em: 2025-11-25 21:30:05.057793
Novidades já notificadas anteriormente. Sem envio...
Rodou em: 2025-11-25 21:40:04.893498
Novidades já notificadas anteriormente. Sem envio...
Rodou em: 2025-11-25 21:50:03.967768
Novidades já notificadas anteriormente. Sem envio...
Rodou em: 2025-11-25 22:00:04.861378
Novidades já notificadas anteriormente. Sem envio...
Rodou em: 2025-11-25 22:10:03.584293
Novidades já notificadas anteriormente. Sem envio...
Rodou em: 2025-11-25 22:20:05.128987
Novidades já notificadas anteriormente. Sem envio...
Rodou em: 2025-11-25 22:30:05.107556
Novidades já notificadas anteriormente. Sem envio...
Rodou em: 2025-11-25 22:40:05.040146
Novidades já notificadas anteriormente. Sem envio...
Rodou em: 2025-11-25 22:50:03.941880
Novidades já notificadas anteriormente. Sem envio...
Rodou em: 2025-11-25 23:00:05.055160
Novidades já notificadas anteriormente. Sem envio...
Rodou em: 2025-11-25 23:10:04.851014
Novidades já notificadas anteriormente. Sem envio...
Rodou em: 2025-11-25 23:20:04.098474
Novidades já notificadas anteriormente. Sem envio...
Rodou em: 2025-11-25 23:30:05.224764
Novidades já notificadas anteriormente. Sem envio...
Rodou em: 2025-11-25 23:40:04.190799
Novidades já notificadas anteriormente. Sem envio...
Rodou em: 2025-11-25 23:50:03.634369
Novidades já notificadas anteriormente. Sem envio...
Rodou em: 2025-11-26 00:00:06.666295
Novidades já notificadas anteriormente. Sem envio...
Rodou em: 2025-11-26 00:10:04.541784
Novidades já notificadas anteriormente. Sem envio...
Rodou em: 2025-11-26 00:20:04.892896
Novidades já notificadas anteriormente. Sem envio...
Rodou em: 2025-11-26 00:30:05.062805
Novidades já notificadas anteriormente. Sem envio...
Rodou em: 2025-11-26 00:40:03.849482
Novidades já notificadas anteriormente. Sem envio...
Rodou em: 2025-11-26 00:50:06.007785
Novidades já notificadas anteriormente. Sem envio...
Rodou em: 2025-11-26 01:00:05.171674
Novidades já notificadas anteriormente. Sem envio...
Rodou em: 2025-11-26 01:10:04.045918
Novidades já notificadas anteriormente. Sem envio...
Rodou em: 2025-11-26 01:20:03.565565
Novidades já notificadas anteriormente. Sem envio...
Rodou em: 2025-11-26 01:30:05.821661
Novidades já notificadas anteriormente. Sem envio...
Rodou em: 2025-11-26 01:40:03.552582
Novidades já notificadas anteriormente. Sem envio...
Rodou em: 2025-11-26 01:50:05.164094
Novidades já notificadas anteriormente. Sem envio...
Rodou em: 2025-11-26 02:00:06.292333
Novidades já notificadas anteriormente. Sem envio...
Rodou em: 2025-11-26 02:10:05.125976
Novidades já notificadas anteriormente. Sem envio...
Rodou em: 2025-11-26 02:20:03.685785
Novidades já notificadas anteriormente. Sem envio...
Rodou em: 2025-11-26 02:30:06.883770
Novidades já notificadas anteriormente. Sem envio...
Rodou em: 2025-11-26 02:40:05.305072
Novidades já notificadas anteriormente. Sem envio...
Rodou em: 2025-11-26 02:50:04.076470
Novidades já notificadas anteriormente. Sem envio...
Rodou em: 2025-11-26 03:00:05.465153
Novidades já notificadas anteriormente. Sem envio...
Rodou em: 2025-11-26 03:10:04.999913
Novidades já notificadas anteriormente. Sem envio...
Rodou em: 2025-11-26 03:20:03.776121
Novidades já notificadas anteriormente. Sem envio...
Rodou em: 2025-11-26 03:30:05.898165
Novidades já notificadas anteriormente. Sem envio...
Rodou em: 2025-11-26 03:40:03.498311
Novidades já notificadas anteriormente. Sem envio...
Rodou em: 2025-11-26 03:50:07.429971
Novidades já notificadas anteriormente. Sem envio...
Rodou em: 2025-11-26 04:00:05.695891
Novidades já notificadas anteriormente. Sem envio...
Rodou em: 2025-11-26 04:10:06.025103
Novidades já notificadas anteriormente. Sem envio...
Rodou em: 2025-11-26 04:20:04.545469
Novidades já notificadas anteriormente. Sem envio...
Rodou em: 2025-11-26 04:30:05.850119
Novidades já notificadas anteriormente. Sem envio...
Rodou em: 2025-11-26 04:40:04.821881
Novidades já notificadas anteriormente. Sem envio...
Rodou em: 2025-11-26 04:50:05.643650
Novidades já notificadas anteriormente. Sem envio...
Rodou em: 2025-11-26 05:00:06.029501
Novidades já notificadas anteriormente. Sem envio...
Rodou em: 2025-11-26 05:10:03.946974
Novidades já notificadas anteriormente. Sem envio...
Rodou em: 2025-11-26 05:20:04.514456
Novidades já notificadas anteriormente. Sem envio...
Rodou em: 2025-11-26 05:30:06.000528
Novidades já notificadas anteriormente. Sem envio...
Rodou em: 2025-11-26 05:40:03.604099
Novidades já notificadas anteriormente. Sem envio...
Rodou em: 2025-11-26 05:50:04.478469
Novidades já notificadas anteriormente. Sem envio...
Rodou em: 2025-11-26 06:00:04.475546
Novidades já notificadas anteriormente. Sem envio...
Rodou em: 2025-11-26 06:10:04.400796
Novidades já notificadas anteriormente. Sem envio...
Rodou em: 2025-11-26 06:20:04.218965
Novidades já notificadas anteriormente. Sem envio...
Rodou em: 2025-11-26 06:30:05.362632
Novidades já notificadas anteriormente. Sem envio...
Rodou em: 2025-11-26 06:40:05.176875
Novidades já notificadas anteriormente. Sem envio...
Rodou em: 2025-11-26 06:50:04.103838
Novidades já notificadas anteriormente. Sem envio...
Rodou em: 2025-11-26 07:00:05.284626
Novidades já notificadas anteriormente. Sem envio...
Rodou em: 2025-11-26 07:10:04.914193
Novidades já notificadas anteriormente. Sem envio...
Rodou em: 2025-11-26 07:20:03.843788
Novidades já notificadas anteriormente. Sem envio...
Rodou em: 2025-11-26 07:30:05.642596
Novidades já notificadas anteriormente. Sem envio...
Rodou em: 2025-11-26 07:40:05.393659
Novidades já notificadas anteriormente. Sem envio...
Rodou em: 2025-11-26 07:50:09.472298
Novidades já notificadas anteriormente. Sem envio...
Rodou em: 2025-11-26 08:00:05.643916
Novidades já notificadas anteriormente. Sem envio...
Rodou em: 2025-11-26 08:10:04.138329
Novidades já notificadas anteriormente. Sem envio...
Rodou em: 2025-11-26 08:20:06.287114
Novidades já notificadas anteriormente. Sem envio...
Rodou em: 2025-11-26 08:30:05.885992
Novidades já notificadas anteriormente. Sem envio...
Rodou em: 2025-11-26 08:40:04.436702
Novidades já notificadas anteriormente. Sem envio...
Rodou em: 2025-11-26 08:50:04.857737
Novidades já notificadas anteriormente. Sem envio...
Rodou em: 2025-11-26 09:00:05.802756
Novidades já notificadas anteriormente. Sem envio...
Rodou em: 2025-11-26 09:10:05.803713
Novidades já notificadas anteriormente. Sem envio...
Rodou em: 2025-11-26 09:20:05.603263
Novidades já notificadas anteriormente. Sem envio...
Rodou em: 2025-11-26 09:30:05.859438
Novidades já notificadas anteriormente. Sem envio...
Rodou em: 2025-11-26 09:40:04.687315
Novidades já notificadas anteriormente. Sem envio...
Rodou em: 2025-11-26 09:50:07.301694
Novidades já notificadas anteriormente. Sem envio...
Rodou em: 2025-11-26 10:00:03.945653
Novidades já notificadas anteriormente. Sem envio...
Rodou em: 2025-11-26 10:10:05.566596
Novidades já notificadas anteriormente. Sem envio...
Rodou em: 2025-11-26 10:20:08.183467
Novidades já notificadas anteriormente. Sem envio...
Rodou em: 2025-11-26 10:30:08.689647
Novidades já notificadas anteriormente. Sem envio...
Rodou em: 2025-11-26 10:40:05.333480
Novidades já notificadas anteriormente. Sem envio...
Rodou em: 2025-11-26 10:50:04.211546
Novidades já notificadas anteriormente. Sem envio...
Rodou em: 2025-11-26 11:00:04.680815
Novidades já notificadas anteriormente. Sem envio...
Rodou em: 2025-11-26 11:10:07.643353
Novidades já notificadas anteriormente. Sem envio...
Rodou em: 2025-11-26 11:20:51.390395
Novidades já notificadas anteriormente. Sem envio...
Rodou em: 2025-11-26 11:30:04.595863
Novidades já notificadas anteriormente. Sem envio...
Rodou em: 2025-11-26 11:40:04.554971
Novidades já notificadas anteriormente. Sem envio...
Rodou em: 2025-11-26 11:50:07.020320
Novidades já notificadas anteriormente. Sem envio...
Rodou em: 2025-11-26 12:00:05.734089
Novidades já notificadas anteriormente. Sem envio...
Rodou em: 2025-11-26 12:10:04.266689
Novidades já notificadas anteriormente. Sem envio...
Rodou em: 2025-11-26 12:20:05.256556
Novidades já notificadas anteriormente. Sem envio...
Rodou em: 2025-11-26 12:30:05.311985
Novidades já notificadas anteriormente. Sem envio...
Rodou em: 2025-11-26 12:40:04.696811
Novidades já notificadas anteriormente. Sem envio...
Rodou em: 2025-11-26 12:50:03.704691
Novidades já notificadas anteriormente. Sem envio...
Rodou em: 2025-11-26 13:00:06.023148
Novidades já notificadas anteriormente. Sem envio...
Rodou em: 2025-11-26 13:10:05.033661
Novidades já notificadas anteriormente. Sem envio...
Rodou em: 2025-11-26 13:20:05.619705
Novidades já notificadas anteriormente. Sem envio...
Rodou em: 2025-11-26 13:30:05.450375
Novidades já notificadas anteriormente. Sem envio...
Rodou em: 2025-11-26 13:40:04.155905
Novidades já notificadas anteriormente. Sem envio...
Rodou em: 2025-11-26 13:50:04.178545
Novidades já notificadas anteriormente. Sem envio...
Rodou em: 2025-11-26 14:00:05.397776
Novidades já notificadas anteriormente. Sem envio...
Rodou em: 2025-11-26 14:10:04.295948
Novidades já notificadas anteriormente. Sem envio...
Rodou em: 2025-11-26 14:20:05.601221
Novidades já notificadas anteriormente. Sem envio...
Rodou em: 2025-11-26 14:30:06.888812
Novidades já notificadas anteriormente. Sem envio...
Rodou em: 2025-11-26 14:40:05.901247
Novidades já notificadas anteriormente. Sem envio...
Rodou em: 2025-11-26 14:50:14.958030
Novidades já notificadas anteriormente. Sem envio...
Rodou em: 2025-11-26 15:00:11.400162
Novidades já notificadas anteriormente. Sem envio...
Rodou em: 2025-11-26 15:10:07.322569
Novidades já notificadas anteriormente. Sem envio...
Rodou em: 2025-11-26 15:20:04.468760
Novidades já notificadas anteriormente. Sem envio...
Rodou em: 2025-11-26 15:30:04.489713
Novidades já notificadas anteriormente. Sem envio...
Rodou em: 2025-11-26 15:40:04.614972
Novidades já notificadas anteriormente. Sem envio...
Rodou em: 2025-11-26 15:50:04.338727
Novidades já notificadas anteriormente. Sem envio...
Rodou em: 2025-11-26 16:00:06.301994
Novidades já notificadas anteriormente. Sem envio...
Rodou em: 2025-11-26 16:10:05.085730
Novidades já notificadas anteriormente. Sem envio...
Rodou em: 2025-11-26 16:20:14.668530
Novidades já notificadas anteriormente. Sem envio...
Rodou em: 2025-11-26 16:30:07.364256
Novidades já notificadas anteriormente. Sem envio...
Rodou em: 2025-11-26 16:40:04.547985
Novidades já notificadas anteriormente. Sem envio...
Rodou em: 2025-11-26 16:50:04.470828
Novidades já notificadas anteriormente. Sem envio...
Erro ao acessar o site: HTTPSConnectionPool(host='sitepd.org.br', port=443): Read timed out. (read timeout=10)
Rodou em: 2025-11-26 17:10:08.032753
Novidades já notificadas anteriormente. Sem envio...
Rodou em: 2025-11-26 17:20:04.498591
Novidades já notificadas anteriormente. Sem envio...
Rodou em: 2025-11-26 17:30:04.581234
Novidades já notificadas anteriormente. Sem envio...
Rodou em: 2025-11-26 17:40:04.445793
Novidades já notificadas anteriormente. Sem envio...
Rodou em: 2025-11-26 17:50:04.759207
Novidades já notificadas anteriormente. Sem envio...
Rodou em: 2025-11-26 18:00:04.490548
Novidades já notificadas anteriormente. Sem envio...
Rodou em: 2025-11-26 18:10:05.510981
Novidades já notificadas anteriormente. Sem envio...
Rodou em: 2025-11-26 18:20:04.970825
Novidades já notificadas anteriormente. Sem envio...
Rodou em: 2025-11-26 18:30:05.432476
Novidades já notificadas anteriormente. Sem envio...
Rodou em: 2025-11-26 18:40:05.524765
Novidades já notificadas anteriormente. Sem envio...
Rodou em: 2025-11-26 18:50:04.388509
Novidades já notificadas anteriormente. Sem envio...
Rodou em: 2025-11-26 19:00:04.430461
Novidades já notificadas anteriormente. Sem envio...
Rodou em: 2025-11-26 19:10:05.362719
Novidades já notificadas anteriormente. Sem envio...
Rodou em: 2025-11-26 19:20:05.479896
Novidades já notificadas anteriormente. Sem envio...
Rodou em: 2025-11-26 19:30:04.987310
Novidades já notificadas anteriormente. Sem envio...
Rodou em: 2025-11-26 19:40:05.917876
Novidades já notificadas anteriormente. Sem envio...
Rodou em: 2025-11-26 19:50:04.602582
Novidades já notificadas anteriormente. Sem envio...
Rodou em: 2025-11-26 20:00:05.947393
Novidades já notificadas anteriormente. Sem envio...
Rodou em: 2025-11-26 20:10:04.076214
Novidades já notificadas anteriormente. Sem envio...
Rodou em: 2025-11-26 20:20:04.601776
Novidades já notificadas anteriormente. Sem envio...
Rodou em: 2025-11-26 20:30:04.354713
Novidades já notificadas anteriormente. Sem envio...
Rodou em: 2025-11-26 20:40:05.466039
Novidades já notificadas anteriormente. Sem envio...
Rodou em: 2025-11-26 20:50:05.294779
Novidades já notificadas anteriormente. Sem envio...
Rodou em: 2025-11-26 21:00:06.515837
Novidades já notificadas anteriormente. Sem envio...
Rodou em: 2025-11-26 21:10:04.439289
Novidades já notificadas anteriormente. Sem envio...
Rodou em: 2025-11-26 21:20:04.628584
Novidades já notificadas anteriormente. Sem envio...
Rodou em: 2025-11-26 21:30:05.798700
Novidades já notificadas anteriormente. Sem envio...
Rodou em: 2025-11-26 21:40:04.977470
Novidades já notificadas anteriormente. Sem envio...
Rodou em: 2025-11-26 21:50:05.387604
Novidades já notificadas anteriormente. Sem envio...
Rodou em: 2025-11-26 22:00:04.866002
Novidades já notificadas anteriormente. Sem envio...
Rodou em: 2025-11-26 22:10:05.113089
Novidades já notificadas anteriormente. Sem envio...
Rodou em: 2025-11-26 22:20:03.808886
Novidades já notificadas anteriormente. Sem envio...
Rodou em: 2025-11-26 22:30:03.650423
Novidades já notificadas anteriormente. Sem envio...
Rodou em: 2025-11-26 22:40:04.848693
Novidades já notificadas anteriormente. Sem envio...
Rodou em: 2025-11-26 22:50:04.747316
Novidades já notificadas anteriormente. Sem envio...
Rodou em: 2025-11-26 23:00:04.662200
Novidades já notificadas anteriormente. Sem envio...
Rodou em: 2025-11-26 23:10:06.445084
Novidades já notificadas anteriormente. Sem envio...
Rodou em: 2025-11-26 23:20:05.082367
Novidades já notificadas anteriormente. Sem envio...
Rodou em: 2025-11-26 23:30:04.360614
Novidades já notificadas anteriormente. Sem envio...
Rodou em: 2025-11-26 23:40:04.499387
Novidades já notificadas anteriormente. Sem envio...
Rodou em: 2025-11-26 23:50:04.692588
Novidades já notificadas anteriormente. Sem envio...
Rodou em: 2025-11-27 00:00:08.844794
Novidades já notificadas anteriormente. Sem envio...
Rodou em: 2025-11-27 00:10:06.580707
Novidades já notificadas anteriormente. Sem envio...
Rodou em: 2025-11-27 00:20:05.620129
Novidades já notificadas anteriormente. Sem envio...
Rodou em: 2025-11-27 00:30:04.165523
Novidades já notificadas anteriormente. Sem envio...
Rodou em: 2025-11-27 00:40:05.138192
Novidades já notificadas anteriormente. Sem envio...
Rodou em: 2025-11-27 00:50:03.781197
Novidades já notificadas anteriormente. Sem envio...
Rodou em: 2025-11-27 01:00:04.461134
Novidades já notificadas anteriormente. Sem envio...
Rodou em: 2025-11-27 01:10:05.130282
Novidades já notificadas anteriormente. Sem envio...
Erro ao acessar o site: HTTPSConnectionPool(host='sitepd.org.br', port=443): Read timed out. (read timeout=10)
Rodou em: 2025-11-27 01:30:04.188775
Novidades já notificadas anteriormente. Sem envio...
Rodou em: 2025-11-27 01:40:03.686586
Novidades já notificadas anteriormente. Sem envio...
Rodou em: 2025-11-27 01:50:04.492659
Novidades já notificadas anteriormente. Sem envio...
Rodou em: 2025-11-27 02:00:06.160757
Novidades já notificadas anteriormente. Sem envio...
Rodou em: 2025-11-27 02:10:05.843044
Novidades já notificadas anteriormente. Sem envio...
Rodou em: 2025-11-27 02:20:05.325942
Novidades já notificadas anteriormente. Sem envio...
Rodou em: 2025-11-27 02:30:03.764607
Novidades já notificadas anteriormente. Sem envio...
Rodou em: 2025-11-27 02:40:03.954170
Novidades já notificadas anteriormente. Sem envio...
Rodou em: 2025-11-27 02:50:03.651830
Novidades já notificadas anteriormente. Sem envio...
Rodou em: 2025-11-27 03:00:04.867547
Novidades já notificadas anteriormente. Sem envio...
Rodou em: 2025-11-27 03:10:04.500653
Novidades já notificadas anteriormente. Sem envio...
Rodou em: 2025-11-27 03:20:04.256442
Novidades já notificadas anteriormente. Sem envio...
Rodou em: 2025-11-27 03:30:04.713232
Novidades já notificadas anteriormente. Sem envio...
Rodou em: 2025-11-27 03:40:05.367824
Novidades já notificadas anteriormente. Sem envio...
Rodou em: 2025-11-27 03:50:04.027661
Novidades já notificadas anteriormente. Sem envio...
Rodou em: 2025-11-27 04:00:04.937251
Novidades já notificadas anteriormente. Sem envio...
Rodou em: 2025-11-27 04:10:04.439677
Novidades já notificadas anteriormente. Sem envio...
Rodou em: 2025-11-27 04:20:05.064094
Novidades já notificadas anteriormente. Sem envio...
Rodou em: 2025-11-27 04:30:04.983472
Novidades já notificadas anteriormente. Sem envio...
Rodou em: 2025-11-27 04:40:04.313732
Novidades já notificadas anteriormente. Sem envio...
Rodou em: 2025-11-27 04:50:05.682029
Novidades já notificadas anteriormente. Sem envio...
Rodou em: 2025-11-27 05:00:05.514113
Novidades já notificadas anteriormente. Sem envio...
Rodou em: 2025-11-27 05:10:04.616105
Novidades já notificadas anteriormente. Sem envio...
Rodou em: 2025-11-27 05:20:04.728914
Novidades já notificadas anteriormente. Sem envio...
Rodou em: 2025-11-27 05:30:03.590628
Novidades já notificadas anteriormente. Sem envio...
Rodou em: 2025-11-27 05:40:06.032263
Novidades já notificadas anteriormente. Sem envio...
Rodou em: 2025-11-27 05:50:05.109522
Novidades já notificadas anteriormente. Sem envio...
Rodou em: 2025-11-27 06:00:04.333226
Novidades já notificadas anteriormente. Sem envio...
Rodou em: 2025-11-27 06:10:05.361129
Novidades já notificadas anteriormente. Sem envio...
Rodou em: 2025-11-27 06:20:05.283350
Novidades já notificadas anteriormente. Sem envio...
Rodou em: 2025-11-27 06:30:04.145239
Novidades já notificadas anteriormente. Sem envio...
Rodou em: 2025-11-27 06:40:05.343254
Novidades já notificadas anteriormente. Sem envio...
Rodou em: 2025-11-27 06:50:05.921357
Novidades já notificadas anteriormente. Sem envio...
Rodou em: 2025-11-27 07:00:05.857334
Novidades já notificadas anteriormente. Sem envio...
Rodou em: 2025-11-27 07:10:03.497139
Novidades já notificadas anteriormente. Sem envio...
Rodou em: 2025-11-27 07:20:04.269371
Novidades já notificadas anteriormente. Sem envio...
Rodou em: 2025-11-27 07:30:03.798346
Novidades já notificadas anteriormente. Sem envio...
Rodou em: 2025-11-27 07:40:05.327925
Novidades já notificadas anteriormente. Sem envio...
Rodou em: 2025-11-27 07:50:03.927604
Novidades já notificadas anteriormente. Sem envio...
Rodou em: 2025-11-27 08:00:05.705965
Novidades já notificadas anteriormente. Sem envio...
Rodou em: 2025-11-27 08:10:04.275645
Novidades já notificadas anteriormente. Sem envio...
Rodou em: 2025-11-27 08:20:03.809619
Novidades já notificadas anteriormente. Sem envio...
Rodou em: 2025-11-27 08:30:08.619524
Novidades já notificadas anteriormente. Sem envio...
Rodou em: 2025-11-27 08:40:04.124669
Novidades já notificadas anteriormente. Sem envio...
Rodou em: 2025-11-27 08:50:04.545318
Novidades já notificadas anteriormente. Sem envio...
Rodou em: 2025-11-27 09:00:06.836622
Novidades já notificadas anteriormente. Sem envio...
Rodou em: 2025-11-27 09:10:06.547533
Novidades já notificadas anteriormente. Sem envio...
Rodou em: 2025-11-27 09:20:05.509511
Novidades já notificadas anteriormente. Sem envio...
Rodou em: 2025-11-27 09:30:04.345079
Novidades já notificadas anteriormente. Sem envio...
Rodou em: 2025-11-27 09:40:05.482070
Novidades já notificadas anteriormente. Sem envio...
Rodou em: 2025-11-27 09:50:05.342186
Novidades já notificadas anteriormente. Sem envio...
Rodou em: 2025-11-27 10:00:15.421681
Novidades já notificadas anteriormente. Sem envio...
Rodou em: 2025-11-27 10:10:08.648498
Novidades já notificadas anteriormente. Sem envio...
Rodou em: 2025-11-27 10:20:10.407815
Novidades já notificadas anteriormente. Sem envio...
Rodou em: 2025-11-27 10:30:09.250843
Novidades já notificadas anteriormente. Sem envio...
Rodou em: 2025-11-27 10:40:05.426717
Novidades já notificadas anteriormente. Sem envio...
Rodou em: 2025-11-27 10:50:04.750774
Novidades já notificadas anteriormente. Sem envio...
Rodou em: 2025-11-27 11:00:07.912950
Novidades já notificadas anteriormente. Sem envio...
Rodou em: 2025-11-27 11:10:04.461147
Novidades já notificadas anteriormente. Sem envio...
Rodou em: 2025-11-27 11:20:04.542873
Novidades já notificadas anteriormente. Sem envio...
Rodou em: 2025-11-27 11:30:04.632854
Novidades já notificadas anteriormente. Sem envio...
Rodou em: 2025-11-27 11:40:05.800835
Novidades já notificadas anteriormente. Sem envio...
Rodou em: 2025-11-27 11:50:05.994322
Novidades já notificadas anteriormente. Sem envio...
Rodou em: 2025-11-27 12:00:05.308030
Novidades já notificadas anteriormente. Sem envio...
Rodou em: 2025-11-27 12:10:04.673212
Novidades já notificadas anteriormente. Sem envio...
Rodou em: 2025-11-27 12:20:04.571792
Novidades já notificadas anteriormente. Sem envio...
Rodou em: 2025-11-27 12:30:04.500813
Novidades já notificadas anteriormente. Sem envio...
Rodou em: 2025-11-27 12:40:04.453024
Novidades já notificadas anteriormente. Sem envio...
Rodou em: 2025-11-27 12:50:07.169545
Novidades já notificadas anteriormente. Sem envio...
Rodou em: 2025-11-27 13:00:03.856350
Novidades já notificadas anteriormente. Sem envio...
Rodou em: 2025-11-27 13:10:03.561089
Novidades já notificadas anteriormente. Sem envio...
Rodou em: 2025-11-27 13:20:06.523944
Novidades já notificadas anteriormente. Sem envio...
Rodou em: 2025-11-27 13:30:04.976732
Novidades já notificadas anteriormente. Sem envio...
Rodou em: 2025-11-27 13:40:05.131667
Novidades já notificadas anteriormente. Sem envio...
Rodou em: 2025-11-27 13:50:05.435797
Novidades já notificadas anteriormente. Sem envio...
Rodou em: 2025-11-27 14:00:05.869910
Novidades já notificadas anteriormente. Sem envio...
Rodou em: 2025-11-27 14:10:04.553221
Novidades já notificadas anteriormente. Sem envio...
Rodou em: 2025-11-27 14:20:04.626450
Novidades já notificadas anteriormente. Sem envio...
Rodou em: 2025-11-27 14:30:04.124153
Novidades já notificadas anteriormente. Sem envio...
Rodou em: 2025-11-27 14:40:04.891020
Novidades já notificadas anteriormente. Sem envio...
Rodou em: 2025-11-27 14:50:12.636646
Novidades já notificadas anteriormente. Sem envio...
Rodou em: 2025-11-27 15:00:07.589625
Novidades já notificadas anteriormente. Sem envio...
Rodou em: 2025-11-27 15:10:06.910242
Novidades já notificadas anteriormente. Sem envio...
Rodou em: 2025-11-27 15:20:04.985125
Novidades já notificadas anteriormente. Sem envio...
Rodou em: 2025-11-27 15:30:05.756854
Novidades já notificadas anteriormente. Sem envio...
Rodou em: 2025-11-27 15:40:05.168746
Novidades já notificadas anteriormente. Sem envio...
Rodou em: 2025-11-27 15:50:04.931670
Novidades já notificadas anteriormente. Sem envio...
Rodou em: 2025-11-27 16:00:08.107491
Novidades já notificadas anteriormente. Sem envio...
Rodou em: 2025-11-27 16:10:05.766118
Novidades já notificadas anteriormente. Sem envio...
Rodou em: 2025-11-27 16:20:04.959759
Novidades já notificadas anteriormente. Sem envio...
Rodou em: 2025-11-27 16:30:05.326765
Novidades já notificadas anteriormente. Sem envio...
Rodou em: 2025-11-27 16:40:14.117722
Novidades já notificadas anteriormente. Sem envio...
Rodou em: 2025-11-27 16:50:05.694651
Novidades já notificadas anteriormente. Sem envio...
Rodou em: 2025-11-27 17:00:06.017316
Novidades já notificadas anteriormente. Sem envio...
Rodou em: 2025-11-27 17:10:13.396051
Novidades já notificadas anteriormente. Sem envio...
Rodou em: 2025-11-27 17:20:06.108471
Novidades já notificadas anteriormente. Sem envio...
Rodou em: 2025-11-27 17:30:06.796984
Novidades já notificadas anteriormente. Sem envio...
Rodou em: 2025-11-27 17:40:04.858141
Novidades já notificadas anteriormente. Sem envio...
Rodou em: 2025-11-27 17:50:05.228672
Novidades já notificadas anteriormente. Sem envio...
Rodou em: 2025-11-27 18:00:05.660150
Novidades já notificadas anteriormente. Sem envio...
Rodou em: 2025-11-27 18:10:05.558877
Novidades já notificadas anteriormente. Sem envio...
Rodou em: 2025-11-27 18:20:04.251190
Novidades já notificadas anteriormente. Sem envio...
Rodou em: 2025-11-27 18:30:05.389022
Novidades já notificadas anteriormente. Sem envio...
Rodou em: 2025-11-27 18:40:04.405318
Novidades já notificadas anteriormente. Sem envio...
Rodou em: 2025-11-27 18:50:05.686381
Novidades já notificadas anteriormente. Sem envio...
Rodou em: 2025-11-27 19:00:04.598803
Novidades já notificadas anteriormente. Sem envio...
Rodou em: 2025-11-27 19:10:04.981077
Novidades já notificadas anteriormente. Sem envio...
Rodou em: 2025-11-27 19:20:05.464364
Novidades já notificadas anteriormente. Sem envio...
Rodou em: 2025-11-27 19:30:06.059771
Novidades já notificadas anteriormente. Sem envio...
Rodou em: 2025-11-27 19:40:04.561432
Novidades já notificadas anteriormente. Sem envio...
Rodou em: 2025-11-27 19:50:05.085369
Novidades já notificadas anteriormente. Sem envio...
Rodou em: 2025-11-27 20:00:03.736073
Novidades já notificadas anteriormente. Sem envio...
Rodou em: 2025-11-27 20:10:05.700920
Novidades já notificadas anteriormente. Sem envio...
Rodou em: 2025-11-27 20:20:05.857002
Novidades já notificadas anteriormente. Sem envio...
Rodou em: 2025-11-27 20:30:06.206156
Novidades já notificadas anteriormente. Sem envio...
Rodou em: 2025-11-27 20:40:04.559669
Novidades já notificadas anteriormente. Sem envio...
Rodou em: 2025-11-27 20:50:04.675428
Novidades já notificadas anteriormente. Sem envio...
Rodou em: 2025-11-27 21:00:04.817248
Novidades já notificadas anteriormente. Sem envio...
Rodou em: 2025-11-27 21:10:06.201926
Novidades já notificadas anteriormente. Sem envio...
Rodou em: 2025-11-27 21:20:10.072304
Novidades já notificadas anteriormente. Sem envio...
Rodou em: 2025-11-27 21:30:05.123741
Novidades já notificadas anteriormente. Sem envio...
Rodou em: 2025-11-27 21:40:04.923449
Novidades já notificadas anteriormente. Sem envio...
Rodou em: 2025-11-27 21:50:05.126753
Novidades já notificadas anteriormente. Sem envio...
Rodou em: 2025-11-27 22:00:05.302839
Novidades já notificadas anteriormente. Sem envio...
Rodou em: 2025-11-27 22:10:04.336994
Novidades já notificadas anteriormente. Sem envio...
Rodou em: 2025-11-27 22:20:05.435632
Novidades já notificadas anteriormente. Sem envio...
Rodou em: 2025-11-27 22:30:04.575906
Novidades já notificadas anteriormente. Sem envio...
Rodou em: 2025-11-27 22:40:15.245473
Novidades já notificadas anteriormente. Sem envio...
Rodou em: 2025-11-27 22:50:07.043679
Novidades já notificadas anteriormente. Sem envio...
Rodou em: 2025-11-27 23:00:10.619334
Novidades já notificadas anteriormente. Sem envio...
Rodou em: 2025-11-27 23:10:05.400211
Novidades já notificadas anteriormente. Sem envio...
Rodou em: 2025-11-27 23:20:05.943798
Novidades já notificadas anteriormente. Sem envio...
Rodou em: 2025-11-27 23:30:06.371064
Novidades já notificadas anteriormente. Sem envio...
Rodou em: 2025-11-27 23:40:04.962990
Novidades já notificadas anteriormente. Sem envio...
Rodou em: 2025-11-27 23:50:06.595742
Novidades já notificadas anteriormente. Sem envio...
Rodou em: 2025-11-28 00:00:13.647217
Novidades já notificadas anteriormente. Sem envio...
Rodou em: 2025-11-28 00:10:05.292727
Novidades já notificadas anteriormente. Sem envio...
Rodou em: 2025-11-28 00:20:05.300537
Novidades já notificadas anteriormente. Sem envio...
Rodou em: 2025-11-28 00:30:03.920599
Novidades já notificadas anteriormente. Sem envio...
Rodou em: 2025-11-28 00:40:14.381958
Novidades já notificadas anteriormente. Sem envio...
Rodou em: 2025-11-28 00:53:10.522682
Novidades já notificadas anteriormente. Sem envio...
Rodou em: 2025-11-28 02:45:49.310607
Novidades já notificadas anteriormente. Sem envio...
Rodou em: 2025-11-28 04:40:05.608988
Novidades já notificadas anteriormente. Sem envio...
Rodou em: 2025-11-28 04:50:04.177344
Novidades já notificadas anteriormente. Sem envio...
Rodou em: 2025-11-28 05:00:03.948942
Novidades já notificadas anteriormente. Sem envio...
Rodou em: 2025-11-28 05:10:05.116360
Novidades já notificadas anteriormente. Sem envio...
Rodou em: 2025-11-28 05:20:04.449542
Novidades já notificadas anteriormente. Sem envio...
Rodou em: 2025-11-28 05:30:05.412361
Novidades já notificadas anteriormente. Sem envio...
Rodou em: 2025-11-28 05:40:03.776227
Novidades já notificadas anteriormente. Sem envio...
Rodou em: 2025-11-28 05:51:31.460281
Novidades já notificadas anteriormente. Sem envio...
Rodou em: 2025-11-28 07:02:53.959490
Novidades já notificadas anteriormente. Sem envio...
Rodou em: 2025-11-28 07:10:04.444107
Novidades já notificadas anteriormente. Sem envio...
Rodou em: 2025-11-28 07:20:05.071140
Novidades já notificadas anteriormente. Sem envio...
Rodou em: 2025-11-28 07:30:04.991179
Novidades já notificadas anteriormente. Sem envio...
Rodou em: 2025-11-28 07:40:05.413604
Novidades já notificadas anteriormente. Sem envio...
Rodou em: 2025-11-28 07:50:04.262808
Novidades já notificadas anteriormente. Sem envio...
Rodou em: 2025-11-28 08:00:06.427541
Novidades já notificadas anteriormente. Sem envio...
Rodou em: 2025-11-28 08:10:05.547210
Novidades já notificadas anteriormente. Sem envio...
Rodou em: 2025-11-28 08:20:04.331060
Novidades já notificadas anteriormente. Sem envio...
Rodou em: 2025-11-28 08:30:06.981899
Novidades já notificadas anteriormente. Sem envio...
Rodou em: 2025-11-28 08:40:04.368482
Novidades já notificadas anteriormente. Sem envio...
Rodou em: 2025-11-28 08:50:09.302503
Novidades já notificadas anteriormente. Sem envio...
Rodou em: 2025-11-28 09:00:07.678392
Novidades já notificadas anteriormente. Sem envio...
Rodou em: 2025-11-28 09:10:05.425880
Novidades já notificadas anteriormente. Sem envio...
Rodou em: 2025-11-28 09:20:05.191979
Novidades já notificadas anteriormente. Sem envio...
Rodou em: 2025-11-28 09:30:06.759899
Novidades já notificadas anteriormente. Sem envio...
Rodou em: 2025-11-28 09:40:07.032723
Novidades já notificadas anteriormente. Sem envio...
Rodou em: 2025-11-28 09:50:05.230365
Novidades já notificadas anteriormente. Sem envio...
Rodou em: 2025-11-28 10:00:04.878735
Novidades já notificadas anteriormente. Sem envio...
Rodou em: 2025-11-28 10:10:05.407426
Novidades já notificadas anteriormente. Sem envio...
Rodou em: 2025-11-28 10:20:03.674906
Novidades já notificadas anteriormente. Sem envio...
Rodou em: 2025-11-28 10:30:09.650118
Novidades já notificadas anteriormente. Sem envio...
Rodou em: 2025-11-28 10:40:04.733787
Novidades já notificadas anteriormente. Sem envio...
Rodou em: 2025-11-28 10:50:06.469074
Novidades já notificadas anteriormente. Sem envio...
Rodou em: 2025-11-28 11:00:04.351309
Novidades já notificadas anteriormente. Sem envio...
Rodou em: 2025-11-28 11:10:04.253424
Novidades já notificadas anteriormente. Sem envio...
Rodou em: 2025-11-28 11:20:06.001269
Novidades já notificadas anteriormente. Sem envio...
Rodou em: 2025-11-28 11:30:05.018184
Novidades já notificadas anteriormente. Sem envio...
Rodou em: 2025-11-28 11:40:04.773641
Novidades já notificadas anteriormente. Sem envio...
Rodou em: 2025-11-28 11:50:06.986091
Novidades já notificadas anteriormente. Sem envio...
Rodou em: 2025-11-28 12:00:04.122159
Novidades já notificadas anteriormente. Sem envio...
Rodou em: 2025-11-28 12:10:03.758202
Novidades já notificadas anteriormente. Sem envio...
Erro ao acessar o site: HTTPSConnectionPool(host='sitepd.org.br', port=443): Read timed out. (read timeout=10)
Rodou em: 2025-11-28 12:30:04.955487
Novidades já notificadas anteriormente. Sem envio...
Rodou em: 2025-11-28 12:40:05.457870
Novidades já notificadas anteriormente. Sem envio...
Rodou em: 2025-11-28 12:50:07.206451
Novidades já notificadas anteriormente. Sem envio...
Rodou em: 2025-11-28 13:00:05.032422
Novidades já notificadas anteriormente. Sem envio...
Rodou em: 2025-11-28 13:10:05.115253
Novidades já notificadas anteriormente. Sem envio...
Rodou em: 2025-11-28 13:20:04.827456
Novidades já notificadas anteriormente. Sem envio...
Rodou em: 2025-11-28 13:30:03.848164
Novidades já notificadas anteriormente. Sem envio...
Rodou em: 2025-11-28 13:40:05.612656
Novidades já notificadas anteriormente. Sem envio...
Rodou em: 2025-11-28 13:50:07.422234
Novidades já notificadas anteriormente. Sem envio...
Rodou em: 2025-11-28 14:00:04.867458
Novidades já notificadas anteriormente. Sem envio...
Rodou em: 2025-11-28 14:10:04.949958
Novidades já notificadas anteriormente. Sem envio...
Rodou em: 2025-11-28 14:20:04.553013
Novidades já notificadas anteriormente. Sem envio...
Rodou em: 2025-11-28 14:30:03.593856
Novidades já notificadas anteriormente. Sem envio...
Rodou em: 2025-11-28 14:40:04.830067
Novidades já notificadas anteriormente. Sem envio...
Rodou em: 2025-11-28 14:50:04.497510
Novidades já notificadas anteriormente. Sem envio...
Rodou em: 2025-11-28 15:00:04.053600
Novidades já notificadas anteriormente. Sem envio...
Rodou em: 2025-11-28 15:10:03.811284
Novidades já notificadas anteriormente. Sem envio...
Rodou em: 2025-11-28 15:20:03.775518
Novidades já notificadas anteriormente. Sem envio...
Rodou em: 2025-11-28 15:30:15.601499
Novidades já notificadas anteriormente. Sem envio...
Rodou em: 2025-11-28 15:40:03.771266
Novidades já notificadas anteriormente. Sem envio...
Rodou em: 2025-11-28 15:50:05.933253
Novidades já notificadas anteriormente. Sem envio...
Rodou em: 2025-11-28 16:00:04.532827
Novidades já notificadas anteriormente. Sem envio...
Rodou em: 2025-11-28 16:10:04.927026
Novidades já notificadas anteriormente. Sem envio...
Rodou em: 2025-11-28 16:20:05.681978
Novidades já notificadas anteriormente. Sem envio...
Rodou em: 2025-11-28 16:30:04.342351
Novidades já notificadas anteriormente. Sem envio...
Rodou em: 2025-11-28 16:40:04.971444
Novidades já notificadas anteriormente. Sem envio...
Rodou em: 2025-11-28 16:50:04.654088
Novidades já notificadas anteriormente. Sem envio...
Rodou em: 2025-11-28 17:00:05.832582
Novidades já notificadas anteriormente. Sem envio...
Rodou em: 2025-11-28 17:10:04.778877
Novidades já notificadas anteriormente. Sem envio...
Rodou em: 2025-11-28 17:20:05.544607
Novidades já notificadas anteriormente. Sem envio...
Rodou em: 2025-11-28 17:30:07.412585
Novidades já notificadas anteriormente. Sem envio...
Rodou em: 2025-11-28 17:40:04.008247
Novidades já notificadas anteriormente. Sem envio...
Rodou em: 2025-11-28 17:50:04.915371
Novidades já notificadas anteriormente. Sem envio...
Rodou em: 2025-11-28 18:00:05.320158
Novidades já notificadas anteriormente. Sem envio...
Rodou em: 2025-11-28 18:10:04.424514
Novidades já notificadas anteriormente. Sem envio...
Rodou em: 2025-11-28 18:20:04.991697
Novidades já notificadas anteriormente. Sem envio...
Rodou em: 2025-11-28 18:30:05.302599
Novidades já notificadas anteriormente. Sem envio...
Rodou em: 2025-11-28 18:40:04.066026
Novidades já notificadas anteriormente. Sem envio...
Rodou em: 2025-11-28 18:50:03.981731
Novidades já notificadas anteriormente. Sem envio...
Rodou em: 2025-11-28 19:00:05.373309
Novidades já notificadas anteriormente. Sem envio...
Rodou em: 2025-11-28 19:10:03.758150
Novidades já notificadas anteriormente. Sem envio...
Rodou em: 2025-11-28 19:20:05.482375
Novidades já notificadas anteriormente. Sem envio...
Rodou em: 2025-11-28 19:30:05.435173
Novidades já notificadas anteriormente. Sem envio...
Rodou em: 2025-11-28 19:40:04.163627
Novidades já notificadas anteriormente. Sem envio...
Rodou em: 2025-11-28 19:50:04.831019
Novidades já notificadas anteriormente. Sem envio...
Rodou em: 2025-11-28 20:00:03.538273
Novidades já notificadas anteriormente. Sem envio...
Rodou em: 2025-11-28 20:10:05.325285
Novidades já notificadas anteriormente. Sem envio...
Rodou em: 2025-11-28 20:20:04.995709
Novidades já notificadas anteriormente. Sem envio...
Rodou em: 2025-11-28 20:30:05.606117
Novidades já notificadas anteriormente. Sem envio...
Rodou em: 2025-11-28 20:40:04.223727
Novidades já notificadas anteriormente. Sem envio...
Rodou em: 2025-11-28 20:50:03.981695
Novidades já notificadas anteriormente. Sem envio...
Rodou em: 2025-11-28 21:00:05.027373
Novidades já notificadas anteriormente. Sem envio...
Rodou em: 2025-11-28 21:10:04.877453
Novidades já notificadas anteriormente. Sem envio...
Rodou em: 2025-11-28 21:20:03.487437
Novidades já notificadas anteriormente. Sem envio...
Rodou em: 2025-11-28 21:30:06.397436
Novidades já notificadas anteriormente. Sem envio...
Rodou em: 2025-11-28 21:40:04.131749
Novidades já notificadas anteriormente. Sem envio...
Rodou em: 2025-11-28 21:50:03.849145
Novidades já notificadas anteriormente. Sem envio...
Rodou em: 2025-11-28 22:00:05.900713
Novidades já notificadas anteriormente. Sem envio...
Rodou em: 2025-11-28 22:10:03.981536
Novidades já notificadas anteriormente. Sem envio...
Rodou em: 2025-11-28 22:20:04.434536
Novidades já notificadas anteriormente. Sem envio...
Rodou em: 2025-11-28 22:30:06.044581
Novidades já notificadas anteriormente. Sem envio...
Rodou em: 2025-11-28 22:40:04.617824
Novidades já notificadas anteriormente. Sem envio...
Rodou em: 2025-11-28 22:50:05.211756
Novidades já notificadas anteriormente. Sem envio...
Rodou em: 2025-11-28 23:00:05.577667
Novidades já notificadas anteriormente. Sem envio...
Rodou em: 2025-11-28 23:10:05.542483
Novidades já notificadas anteriormente. Sem envio...
Rodou em: 2025-11-28 23:20:04.017843
Novidades já notificadas anteriormente. Sem envio...
Rodou em: 2025-11-28 23:30:05.178465
Novidades já notificadas anteriormente. Sem envio...
Rodou em: 2025-11-28 23:40:03.715070
Novidades já notificadas anteriormente. Sem envio...
Rodou em: 2025-11-28 23:50:05.349868
Novidades já notificadas anteriormente. Sem envio...
Rodou em: 2025-11-29 00:00:06.749326
Novidades já notificadas anteriormente. Sem envio...
Rodou em: 2025-11-29 00:10:04.546239
Novidades já notificadas anteriormente. Sem envio...
Rodou em: 2025-11-29 00:20:05.347016
Novidades já notificadas anteriormente. Sem envio...
Rodou em: 2025-11-29 00:30:06.407819
Novidades já notificadas anteriormente. Sem envio...
Rodou em: 2025-11-29 00:40:03.858590
Novidades já notificadas anteriormente. Sem envio...
Rodou em: 2025-11-29 00:50:03.397295
Novidades já notificadas anteriormente. Sem envio...
Rodou em: 2025-11-29 01:00:05.642302
Novidades já notificadas anteriormente. Sem envio...
Rodou em: 2025-11-29 01:10:04.220693
Novidades já notificadas anteriormente. Sem envio...
Rodou em: 2025-11-29 01:20:04.135320
Novidades já notificadas anteriormente. Sem envio...
Rodou em: 2025-11-29 01:30:05.443495
Novidades já notificadas anteriormente. Sem envio...
Rodou em: 2025-11-29 01:40:04.097982
Novidades já notificadas anteriormente. Sem envio...
Rodou em: 2025-11-29 01:50:04.356267
Novidades já notificadas anteriormente. Sem envio...
Rodou em: 2025-11-29 02:00:04.487782
Novidades já notificadas anteriormente. Sem envio...
Rodou em: 2025-11-29 02:10:04.294747
Novidades já notificadas anteriormente. Sem envio...
Rodou em: 2025-11-29 02:20:04.074102
Novidades já notificadas anteriormente. Sem envio...
Rodou em: 2025-11-29 02:30:05.212967
Novidades já notificadas anteriormente. Sem envio...
Rodou em: 2025-11-29 02:40:03.758259
Novidades já notificadas anteriormente. Sem envio...
Rodou em: 2025-11-29 02:50:05.491659
Novidades já notificadas anteriormente. Sem envio...
Rodou em: 2025-11-29 03:00:04.559048
Novidades já notificadas anteriormente. Sem envio...
Rodou em: 2025-11-29 03:10:04.027862
Novidades já notificadas anteriormente. Sem envio...
Rodou em: 2025-11-29 03:20:03.807028
Novidades já notificadas anteriormente. Sem envio...
Rodou em: 2025-11-29 03:30:05.386017
Novidades já notificadas anteriormente. Sem envio...
Rodou em: 2025-11-29 03:40:05.752046
Novidades já notificadas anteriormente. Sem envio...
Rodou em: 2025-11-29 03:50:04.103619
Novidades já notificadas anteriormente. Sem envio...
Rodou em: 2025-11-29 04:00:04.010557
Novidades já notificadas anteriormente. Sem envio...
Rodou em: 2025-11-29 04:10:03.840736
Novidades já notificadas anteriormente. Sem envio...
Rodou em: 2025-11-29 04:20:03.456169
Novidades já notificadas anteriormente. Sem envio...
Rodou em: 2025-11-29 04:30:06.511380
Novidades já notificadas anteriormente. Sem envio...
Rodou em: 2025-11-29 04:40:05.610313
Novidades já notificadas anteriormente. Sem envio...
Rodou em: 2025-11-29 04:50:04.394483
Novidades já notificadas anteriormente. Sem envio...
Rodou em: 2025-11-29 05:00:04.125042
Novidades já notificadas anteriormente. Sem envio...
Rodou em: 2025-11-29 05:10:04.422177
Novidades já notificadas anteriormente. Sem envio...
Rodou em: 2025-11-29 05:20:04.208118
Novidades já notificadas anteriormente. Sem envio...
Rodou em: 2025-11-29 05:30:05.484868
Novidades já notificadas anteriormente. Sem envio...
Rodou em: 2025-11-29 05:40:04.108285
Novidades já notificadas anteriormente. Sem envio...
Rodou em: 2025-11-29 05:50:03.722319
Novidades já notificadas anteriormente. Sem envio...
Rodou em: 2025-11-29 06:00:04.493410
Novidades já notificadas anteriormente. Sem envio...
Rodou em: 2025-11-29 06:10:04.618332
Novidades já notificadas anteriormente. Sem envio...
Rodou em: 2025-11-29 06:20:04.127403
Novidades já notificadas anteriormente. Sem envio...
Rodou em: 2025-11-29 06:30:05.669148
Novidades já notificadas anteriormente. Sem envio...
Rodou em: 2025-11-29 06:40:04.146802
Novidades já notificadas anteriormente. Sem envio...
Rodou em: 2025-11-29 06:50:04.170532
Novidades já notificadas anteriormente. Sem envio...
Rodou em: 2025-11-29 07:00:05.283429
Novidades já notificadas anteriormente. Sem envio...
Rodou em: 2025-11-29 07:10:04.190358
Novidades já notificadas anteriormente. Sem envio...
Rodou em: 2025-11-29 07:20:03.607804
Novidades já notificadas anteriormente. Sem envio...
Rodou em: 2025-11-29 07:30:05.522902
Novidades já notificadas anteriormente. Sem envio...
Rodou em: 2025-11-29 07:40:03.957884
Novidades já notificadas anteriormente. Sem envio...
Rodou em: 2025-11-29 07:50:03.773531
Novidades já notificadas anteriormente. Sem envio...
Rodou em: 2025-11-29 08:00:05.573802
Novidades já notificadas anteriormente. Sem envio...
Rodou em: 2025-11-29 08:10:06.991409
Novidades já notificadas anteriormente. Sem envio...
Rodou em: 2025-11-29 08:20:03.525338
Novidades já notificadas anteriormente. Sem envio...
Rodou em: 2025-11-29 08:30:05.878813
Novidades já notificadas anteriormente. Sem envio...
Rodou em: 2025-11-29 08:40:03.602062
Novidades já notificadas anteriormente. Sem envio...
Rodou em: 2025-11-29 08:50:04.267369
Novidades já notificadas anteriormente. Sem envio...
Rodou em: 2025-11-29 09:00:05.483257
Novidades já notificadas anteriormente. Sem envio...
Rodou em: 2025-11-29 09:10:04.589575
Novidades já notificadas anteriormente. Sem envio...
Rodou em: 2025-11-29 09:20:07.002067
Novidades já notificadas anteriormente. Sem envio...
Rodou em: 2025-11-29 09:30:06.613420
Novidades já notificadas anteriormente. Sem envio...
Rodou em: 2025-11-29 09:40:04.159779
Novidades já notificadas anteriormente. Sem envio...
Rodou em: 2025-11-29 09:50:04.093694
Novidades já notificadas anteriormente. Sem envio...
Rodou em: 2025-11-29 10:00:04.292439
Novidades já notificadas anteriormente. Sem envio...
Rodou em: 2025-11-29 10:10:03.866553
Novidades já notificadas anteriormente. Sem envio...
Rodou em: 2025-11-29 10:20:05.266389
Novidades já notificadas anteriormente. Sem envio...
Rodou em: 2025-11-29 10:30:09.449271
Novidades já notificadas anteriormente. Sem envio...
Rodou em: 2025-11-29 10:40:05.179927
Novidades já notificadas anteriormente. Sem envio...
Rodou em: 2025-11-29 10:50:04.699619
Novidades já notificadas anteriormente. Sem envio...
Rodou em: 2025-11-29 11:00:08.590237
Novidades já notificadas anteriormente. Sem envio...
Rodou em: 2025-11-29 11:10:05.567038
Novidades já notificadas anteriormente. Sem envio...
Rodou em: 2025-11-29 11:20:04.300147
Novidades já notificadas anteriormente. Sem envio...
Rodou em: 2025-11-29 11:30:05.576622
Novidades já notificadas anteriormente. Sem envio...
Rodou em: 2025-11-29 11:40:04.507452
Novidades já notificadas anteriormente. Sem envio...
Rodou em: 2025-11-29 11:50:04.718523
Novidades já notificadas anteriormente. Sem envio...
Rodou em: 2025-11-29 12:00:05.238484
Novidades já notificadas anteriormente. Sem envio...
Rodou em: 2025-11-29 12:10:04.606084
Novidades já notificadas anteriormente. Sem envio...
Rodou em: 2025-11-29 12:20:04.742223
Novidades já notificadas anteriormente. Sem envio...
Rodou em: 2025-11-29 12:30:04.702790
Novidades já notificadas anteriormente. Sem envio...
Rodou em: 2025-11-29 12:40:04.443728
Novidades já notificadas anteriormente. Sem envio...
Rodou em: 2025-11-29 12:50:03.953251
Novidades já notificadas anteriormente. Sem envio...
Rodou em: 2025-11-29 13:00:05.258519
Novidades já notificadas anteriormente. Sem envio...
Rodou em: 2025-11-29 13:10:03.999307
Novidades já notificadas anteriormente. Sem envio...
Rodou em: 2025-11-29 13:20:05.214531
Novidades já notificadas anteriormente. Sem envio...
Rodou em: 2025-11-29 13:30:05.151115
Novidades já notificadas anteriormente. Sem envio...
Rodou em: 2025-11-29 13:40:04.910228
Novidades já notificadas anteriormente. Sem envio...
Rodou em: 2025-11-29 13:50:03.433130
Novidades já notificadas anteriormente. Sem envio...
Rodou em: 2025-11-29 14:00:04.117317
Novidades já notificadas anteriormente. Sem envio...
Rodou em: 2025-11-29 14:10:04.176295
Novidades já notificadas anteriormente. Sem envio...
Rodou em: 2025-11-29 14:20:03.604427
Novidades já notificadas anteriormente. Sem envio...
Rodou em: 2025-11-29 14:30:06.070255
Novidades já notificadas anteriormente. Sem envio...
Rodou em: 2025-11-29 14:40:03.956122
Novidades já notificadas anteriormente. Sem envio...
Rodou em: 2025-11-29 14:50:03.527979
Novidades já notificadas anteriormente. Sem envio...
Rodou em: 2025-11-29 15:00:04.255031
Novidades já notificadas anteriormente. Sem envio...
Rodou em: 2025-11-29 15:10:03.806012
Novidades já notificadas anteriormente. Sem envio...
Rodou em: 2025-11-29 15:20:04.678115
Novidades já notificadas anteriormente. Sem envio...
Rodou em: 2025-11-29 15:30:07.073003
Novidades já notificadas anteriormente. Sem envio...
Rodou em: 2025-11-29 15:40:04.869051
Novidades já notificadas anteriormente. Sem envio...
Rodou em: 2025-11-29 15:50:04.475453
Novidades já notificadas anteriormente. Sem envio...
Rodou em: 2025-11-29 16:00:05.171609
Novidades já notificadas anteriormente. Sem envio...
Rodou em: 2025-11-29 16:10:05.581916
Novidades já notificadas anteriormente. Sem envio...
Rodou em: 2025-11-29 16:20:04.273234
Novidades já notificadas anteriormente. Sem envio...
Rodou em: 2025-11-29 16:30:04.990356
Novidades já notificadas anteriormente. Sem envio...
Rodou em: 2025-11-29 16:40:04.495402
Novidades já notificadas anteriormente. Sem envio...
Rodou em: 2025-11-29 16:50:04.841883
Novidades já notificadas anteriormente. Sem envio...
Rodou em: 2025-11-29 17:00:03.907282
Novidades já notificadas anteriormente. Sem envio...
Rodou em: 2025-11-29 17:10:03.956448
Novidades já notificadas anteriormente. Sem envio...
Rodou em: 2025-11-29 17:20:03.855231
Novidades já notificadas anteriormente. Sem envio...
Rodou em: 2025-11-29 17:30:05.241066
Novidades já notificadas anteriormente. Sem envio...
Rodou em: 2025-11-29 17:40:04.197520
Novidades já notificadas anteriormente. Sem envio...
Rodou em: 2025-11-29 17:50:05.268474
Novidades já notificadas anteriormente. Sem envio...
Rodou em: 2025-11-29 18:00:05.500758
Novidades já notificadas anteriormente. Sem envio...
Rodou em: 2025-11-29 18:10:04.036773
Novidades já notificadas anteriormente. Sem envio...
Rodou em: 2025-11-29 18:20:05.613577
Novidades já notificadas anteriormente. Sem envio...
Rodou em: 2025-11-29 18:30:06.001515
Novidades já notificadas anteriormente. Sem envio...
Rodou em: 2025-11-29 18:40:03.404639
Novidades já notificadas anteriormente. Sem envio...
Rodou em: 2025-11-29 18:50:04.266362
Novidades já notificadas anteriormente. Sem envio...
Rodou em: 2025-11-29 19:00:05.761580
Novidades já notificadas anteriormente. Sem envio...
Rodou em: 2025-11-29 19:10:04.756574
Novidades já notificadas anteriormente. Sem envio...
Rodou em: 2025-11-29 19:20:04.747209
Novidades já notificadas anteriormente. Sem envio...
Rodou em: 2025-11-29 19:30:05.992049
Novidades já notificadas anteriormente. Sem envio...
Rodou em: 2025-11-29 19:40:03.624063
Novidades já notificadas anteriormente. Sem envio...
Rodou em: 2025-11-29 19:50:03.910726
Novidades já notificadas anteriormente. Sem envio...
Rodou em: 2025-11-29 20:00:05.420726
Novidades já notificadas anteriormente. Sem envio...
Rodou em: 2025-11-29 20:10:04.195807
Novidades já notificadas anteriormente. Sem envio...
Rodou em: 2025-11-29 20:20:04.948945
Novidades já notificadas anteriormente. Sem envio...
Rodou em: 2025-11-29 20:30:05.035110
Novidades já notificadas anteriormente. Sem envio...
Rodou em: 2025-11-29 20:40:05.390009
Novidades já notificadas anteriormente. Sem envio...
Rodou em: 2025-11-29 20:50:04.906439
Novidades já notificadas anteriormente. Sem envio...
Rodou em: 2025-11-29 21:00:05.256241
Novidades já notificadas anteriormente. Sem envio...
Rodou em: 2025-11-29 21:10:04.992570
Novidades já notificadas anteriormente. Sem envio...
Rodou em: 2025-11-29 21:20:04.671995
Novidades já notificadas anteriormente. Sem envio...
Rodou em: 2025-11-29 21:30:04.392973
Novidades já notificadas anteriormente. Sem envio...
Rodou em: 2025-11-29 21:40:04.135450
Novidades já notificadas anteriormente. Sem envio...
Rodou em: 2025-11-29 21:50:04.972335
Novidades já notificadas anteriormente. Sem envio...
Rodou em: 2025-11-29 22:00:04.889133
Novidades já notificadas anteriormente. Sem envio...
Rodou em: 2025-11-29 22:10:03.597086
Novidades já notificadas anteriormente. Sem envio...
Rodou em: 2025-11-29 22:20:04.437854
Novidades já notificadas anteriormente. Sem envio...
Rodou em: 2025-11-29 22:30:05.707457
Novidades já notificadas anteriormente. Sem envio...
Rodou em: 2025-11-29 22:40:04.721773
Novidades já notificadas anteriormente. Sem envio...
Rodou em: 2025-11-29 22:50:04.243256
Novidades já notificadas anteriormente. Sem envio...
Rodou em: 2025-11-29 23:00:04.165937
Novidades já notificadas anteriormente. Sem envio...
Rodou em: 2025-11-29 23:10:04.605984
Novidades já notificadas anteriormente. Sem envio...
Rodou em: 2025-11-29 23:20:05.106166
Novidades já notificadas anteriormente. Sem envio...
Rodou em: 2025-11-29 23:30:10.117997
Novidades já notificadas anteriormente. Sem envio...
Rodou em: 2025-11-29 23:40:04.529771
Novidades já notificadas anteriormente. Sem envio...
Rodou em: 2025-11-29 23:50:05.239169
Novidades já notificadas anteriormente. Sem envio...
Rodou em: 2025-11-30 00:00:06.646992
Novidades já notificadas anteriormente. Sem envio...
Rodou em: 2025-11-30 00:10:04.387278
Novidades já notificadas anteriormente. Sem envio...
Rodou em: 2025-11-30 00:20:04.220910
Novidades já notificadas anteriormente. Sem envio...
Rodou em: 2025-11-30 00:30:06.184243
Novidades já notificadas anteriormente. Sem envio...
Rodou em: 2025-11-30 00:40:03.581448
Novidades já notificadas anteriormente. Sem envio...
Rodou em: 2025-11-30 00:50:04.081098
Novidades já notificadas anteriormente. Sem envio...
Rodou em: 2025-11-30 01:00:05.933000
Novidades já notificadas anteriormente. Sem envio...
Rodou em: 2025-11-30 01:10:04.277728
Novidades já notificadas anteriormente. Sem envio...
Rodou em: 2025-11-30 01:20:05.125801
Novidades já notificadas anteriormente. Sem envio...
Rodou em: 2025-11-30 01:30:06.119871
Novidades já notificadas anteriormente. Sem envio...
Rodou em: 2025-11-30 01:40:03.415938
Novidades já notificadas anteriormente. Sem envio...
Rodou em: 2025-11-30 01:50:03.784146
Novidades já notificadas anteriormente. Sem envio...
Rodou em: 2025-11-30 02:00:06.369731
Novidades já notificadas anteriormente. Sem envio...
Rodou em: 2025-11-30 02:10:04.917103
Novidades já notificadas anteriormente. Sem envio...
Rodou em: 2025-11-30 02:20:06.372581
Novidades já notificadas anteriormente. Sem envio...
Rodou em: 2025-11-30 02:30:05.852150
Novidades já notificadas anteriormente. Sem envio...
Rodou em: 2025-11-30 02:40:04.412394
Novidades já notificadas anteriormente. Sem envio...
Rodou em: 2025-11-30 02:50:04.146777
Novidades já notificadas anteriormente. Sem envio...
Rodou em: 2025-11-30 03:00:04.833286
Novidades já notificadas anteriormente. Sem envio...
Rodou em: 2025-11-30 03:10:04.269798
Novidades já notificadas anteriormente. Sem envio...
Rodou em: 2025-11-30 03:20:04.680132
Novidades já notificadas anteriormente. Sem envio...
Rodou em: 2025-11-30 03:30:05.591836
Novidades já notificadas anteriormente. Sem envio...
Rodou em: 2025-11-30 03:40:04.500043
Novidades já notificadas anteriormente. Sem envio...
Rodou em: 2025-11-30 03:50:03.897687
Novidades já notificadas anteriormente. Sem envio...
Rodou em: 2025-11-30 04:00:04.836631
Novidades já notificadas anteriormente. Sem envio...
Rodou em: 2025-11-30 04:10:05.636268
Novidades já notificadas anteriormente. Sem envio...
Rodou em: 2025-11-30 04:20:04.405363
Novidades já notificadas anteriormente. Sem envio...
Rodou em: 2025-11-30 04:30:05.788647
Novidades já notificadas anteriormente. Sem envio...
Rodou em: 2025-11-30 04:40:04.645797
Novidades já notificadas anteriormente. Sem envio...
Rodou em: 2025-11-30 04:50:05.043525
Novidades já notificadas anteriormente. Sem envio...
Rodou em: 2025-11-30 05:00:04.929962
Novidades já notificadas anteriormente. Sem envio...
Rodou em: 2025-11-30 05:10:04.944216
Novidades já notificadas anteriormente. Sem envio...
Rodou em: 2025-11-30 05:20:03.653465
Novidades já notificadas anteriormente. Sem envio...
Rodou em: 2025-11-30 05:30:06.554058
Novidades já notificadas anteriormente. Sem envio...
Rodou em: 2025-11-30 05:40:04.246184
Novidades já notificadas anteriormente. Sem envio...
Rodou em: 2025-11-30 05:50:03.837057
Novidades já notificadas anteriormente. Sem envio...
Rodou em: 2025-11-30 06:00:04.666954
Novidades já notificadas anteriormente. Sem envio...
Rodou em: 2025-11-30 06:10:05.268545
Novidades já notificadas anteriormente. Sem envio...
Rodou em: 2025-11-30 06:20:04.117512
Novidades já notificadas anteriormente. Sem envio...
Rodou em: 2025-11-30 06:30:05.414039
Novidades já notificadas anteriormente. Sem envio...
Rodou em: 2025-11-30 06:40:04.927829
Novidades já notificadas anteriormente. Sem envio...
Rodou em: 2025-11-30 06:50:04.256247
Novidades já notificadas anteriormente. Sem envio...
Rodou em: 2025-11-30 07:00:05.705942
Novidades já notificadas anteriormente. Sem envio...
Rodou em: 2025-11-30 07:10:04.679117
Novidades já notificadas anteriormente. Sem envio...
Rodou em: 2025-11-30 07:20:04.097745
Novidades já notificadas anteriormente. Sem envio...
Rodou em: 2025-11-30 07:30:06.314256
Novidades já notificadas anteriormente. Sem envio...
Rodou em: 2025-11-30 07:40:03.816916
Novidades já notificadas anteriormente. Sem envio...
Rodou em: 2025-11-30 07:50:04.483761
Novidades já notificadas anteriormente. Sem envio...
Rodou em: 2025-11-30 08:00:05.770031
Novidades já notificadas anteriormente. Sem envio...
Rodou em: 2025-11-30 08:10:03.773686
Novidades já notificadas anteriormente. Sem envio...
Rodou em: 2025-11-30 08:20:04.491870
Novidades já notificadas anteriormente. Sem envio...
Rodou em: 2025-11-30 08:30:07.029441
Novidades já notificadas anteriormente. Sem envio...
Rodou em: 2025-11-30 08:40:04.288961
Novidades já notificadas anteriormente. Sem envio...
Rodou em: 2025-11-30 08:50:04.102109
Novidades já notificadas anteriormente. Sem envio...
Rodou em: 2025-11-30 09:00:03.976359
Novidades já notificadas anteriormente. Sem envio...
Rodou em: 2025-11-30 09:10:03.788749
Novidades já notificadas anteriormente. Sem envio...
Rodou em: 2025-11-30 09:20:04.175793
Novidades já notificadas anteriormente. Sem envio...
Rodou em: 2025-11-30 09:30:05.523542
Novidades já notificadas anteriormente. Sem envio...
Rodou em: 2025-11-30 09:40:04.319074
Novidades já notificadas anteriormente. Sem envio...
Rodou em: 2025-11-30 09:50:03.814513
Novidades já notificadas anteriormente. Sem envio...
Rodou em: 2025-11-30 10:00:04.567562
Novidades já notificadas anteriormente. Sem envio...
Rodou em: 2025-11-30 10:10:04.006423
Novidades já notificadas anteriormente. Sem envio...
Rodou em: 2025-11-30 10:20:03.714656
Novidades já notificadas anteriormente. Sem envio...
Rodou em: 2025-11-30 10:30:09.413613
Novidades já notificadas anteriormente. Sem envio...
Rodou em: 2025-11-30 10:40:04.043244
Novidades já notificadas anteriormente. Sem envio...
Rodou em: 2025-11-30 10:50:04.712424
Novidades já notificadas anteriormente. Sem envio...
Rodou em: 2025-11-30 11:00:13.404415
Novidades já notificadas anteriormente. Sem envio...
Rodou em: 2025-11-30 11:10:05.167888
Novidades já notificadas anteriormente. Sem envio...
Rodou em: 2025-11-30 11:20:04.815079
Novidades já notificadas anteriormente. Sem envio...
Rodou em: 2025-11-30 11:30:04.580794
Novidades já notificadas anteriormente. Sem envio...
Rodou em: 2025-11-30 11:40:05.650400
Novidades já notificadas anteriormente. Sem envio...
Rodou em: 2025-11-30 11:50:05.973883
Novidades já notificadas anteriormente. Sem envio...
Rodou em: 2025-11-30 12:00:12.257633
Novidades já notificadas anteriormente. Sem envio...
Rodou em: 2025-11-30 12:10:06.466703
Novidades já notificadas anteriormente. Sem envio...
Rodou em: 2025-11-30 12:20:05.361303
Novidades já notificadas anteriormente. Sem envio...
Rodou em: 2025-11-30 12:30:05.489745
Novidades já notificadas anteriormente. Sem envio...
Rodou em: 2025-11-30 12:40:04.352518
Novidades já notificadas anteriormente. Sem envio...
Rodou em: 2025-11-30 12:50:03.864635
Novidades já notificadas anteriormente. Sem envio...
Rodou em: 2025-11-30 13:00:03.918641
Novidades já notificadas anteriormente. Sem envio...
Rodou em: 2025-11-30 13:10:03.898035
Novidades já notificadas anteriormente. Sem envio...
Rodou em: 2025-11-30 13:20:04.281657
Novidades já notificadas anteriormente. Sem envio...
Rodou em: 2025-11-30 13:30:04.204919
Novidades já notificadas anteriormente. Sem envio...
Rodou em: 2025-11-30 13:40:03.842461
Novidades já notificadas anteriormente. Sem envio...
Rodou em: 2025-11-30 13:50:04.921992
Novidades já notificadas anteriormente. Sem envio...
Rodou em: 2025-11-30 14:00:04.058665
Novidades já notificadas anteriormente. Sem envio...
Rodou em: 2025-11-30 14:10:04.814971
Novidades já notificadas anteriormente. Sem envio...
Rodou em: 2025-11-30 14:20:04.462398
Novidades já notificadas anteriormente. Sem envio...
Rodou em: 2025-11-30 14:30:04.385854
Novidades já notificadas anteriormente. Sem envio...
Rodou em: 2025-11-30 14:40:04.243020
Novidades já notificadas anteriormente. Sem envio...
Rodou em: 2025-11-30 14:50:04.829678
Novidades já notificadas anteriormente. Sem envio...
Rodou em: 2025-11-30 15:00:04.710811
Novidades já notificadas anteriormente. Sem envio...
Rodou em: 2025-11-30 15:10:04.487419
Novidades já notificadas anteriormente. Sem envio...
Rodou em: 2025-11-30 15:20:06.012681
Novidades já notificadas anteriormente. Sem envio...
Rodou em: 2025-11-30 15:30:03.717219
Novidades já notificadas anteriormente. Sem envio...
Rodou em: 2025-11-30 15:40:04.018247
Novidades já notificadas anteriormente. Sem envio...
Rodou em: 2025-11-30 15:50:04.105448
Novidades já notificadas anteriormente. Sem envio...
Rodou em: 2025-11-30 16:00:04.614464
Novidades já notificadas anteriormente. Sem envio...
Rodou em: 2025-11-30 16:10:04.937209
Novidades já notificadas anteriormente. Sem envio...
Rodou em: 2025-11-30 16:20:05.351879
Novidades já notificadas anteriormente. Sem envio...
Rodou em: 2025-11-30 16:30:04.973766
Novidades já notificadas anteriormente. Sem envio...
Rodou em: 2025-11-30 16:40:04.479442
Novidades já notificadas anteriormente. Sem envio...
Rodou em: 2025-11-30 16:50:05.580197
Novidades já notificadas anteriormente. Sem envio...
Rodou em: 2025-11-30 17:00:06.083161
Novidades já notificadas anteriormente. Sem envio...
Rodou em: 2025-11-30 17:10:04.156360
Novidades já notificadas anteriormente. Sem envio...
Rodou em: 2025-11-30 17:20:03.779067
Novidades já notificadas anteriormente. Sem envio...
Rodou em: 2025-11-30 17:30:04.293325
Novidades já notificadas anteriormente. Sem envio...
Rodou em: 2025-11-30 17:40:05.143248
Novidades já notificadas anteriormente. Sem envio...
Rodou em: 2025-11-30 17:50:05.300829
Novidades já notificadas anteriormente. Sem envio...
Rodou em: 2025-11-30 18:00:04.666282
Novidades já notificadas anteriormente. Sem envio...
Rodou em: 2025-11-30 18:10:04.290648
Novidades já notificadas anteriormente. Sem envio...
Rodou em: 2025-11-30 18:20:03.769708
Novidades já notificadas anteriormente. Sem envio...
Rodou em: 2025-11-30 18:30:04.466038
Novidades já notificadas anteriormente. Sem envio...
Rodou em: 2025-11-30 18:40:04.260474
Novidades já notificadas anteriormente. Sem envio...
Rodou em: 2025-11-30 18:50:05.185223
Novidades já notificadas anteriormente. Sem envio...
Rodou em: 2025-11-30 19:00:04.265828
Novidades já notificadas anteriormente. Sem envio...
Rodou em: 2025-11-30 19:10:04.446787
Novidades já notificadas anteriormente. Sem envio...
Rodou em: 2025-11-30 19:20:07.021465
Novidades já notificadas anteriormente. Sem envio...
Rodou em: 2025-11-30 19:30:03.450256
Novidades já notificadas anteriormente. Sem envio...
Rodou em: 2025-11-30 19:40:04.429708
Novidades já notificadas anteriormente. Sem envio...
Rodou em: 2025-11-30 19:50:03.892979
Novidades já notificadas anteriormente. Sem envio...
Rodou em: 2025-11-30 20:00:05.728863
Novidades já notificadas anteriormente. Sem envio...
Rodou em: 2025-11-30 20:10:04.522951
Novidades já notificadas anteriormente. Sem envio...
Rodou em: 2025-11-30 20:20:06.286520
Novidades já notificadas anteriormente. Sem envio...
Rodou em: 2025-11-30 20:30:03.830759
Novidades já notificadas anteriormente. Sem envio...
Rodou em: 2025-11-30 20:40:03.961050
Novidades já notificadas anteriormente. Sem envio...
Rodou em: 2025-11-30 20:50:05.425269
Novidades já notificadas anteriormente. Sem envio...
Rodou em: 2025-11-30 21:00:06.169912
Novidades já notificadas anteriormente. Sem envio...
Rodou em: 2025-11-30 21:10:04.675053
Novidades já notificadas anteriormente. Sem envio...
Rodou em: 2025-11-30 21:20:05.538379
Novidades já notificadas anteriormente. Sem envio...
Rodou em: 2025-11-30 21:30:04.665163
Novidades já notificadas anteriormente. Sem envio...
Rodou em: 2025-11-30 21:40:05.858841
Novidades já notificadas anteriormente. Sem envio...
Rodou em: 2025-11-30 21:50:06.612911
Novidades já notificadas anteriormente. Sem envio...
Rodou em: 2025-11-30 22:00:05.691267
Novidades já notificadas anteriormente. Sem envio...
Rodou em: 2025-11-30 22:10:04.616909
Novidades já notificadas anteriormente. Sem envio...
Rodou em: 2025-11-30 22:20:05.864516
Novidades já notificadas anteriormente. Sem envio...
Rodou em: 2025-11-30 22:30:04.309745
Novidades já notificadas anteriormente. Sem envio...
Rodou em: 2025-11-30 22:40:03.908666
Novidades já notificadas anteriormente. Sem envio...
Rodou em: 2025-11-30 22:50:04.706345
Novidades já notificadas anteriormente. Sem envio...
Rodou em: 2025-11-30 23:00:05.764544
Novidades já notificadas anteriormente. Sem envio...
Rodou em: 2025-11-30 23:10:04.446333
Novidades já notificadas anteriormente. Sem envio...
Rodou em: 2025-11-30 23:20:05.763683
Novidades já notificadas anteriormente. Sem envio...
Rodou em: 2025-11-30 23:30:06.386067
Novidades já notificadas anteriormente. Sem envio...
Rodou em: 2025-11-30 23:40:05.020059
Novidades já notificadas anteriormente. Sem envio...
Rodou em: 2025-11-30 23:50:03.718231
Novidades já notificadas anteriormente. Sem envio...
Rodou em: 2025-12-01 00:00:06.134401
Novidades já notificadas anteriormente. Sem envio...
Rodou em: 2025-12-01 00:10:03.841293
Novidades já notificadas anteriormente. Sem envio...
Rodou em: 2025-12-01 00:20:05.967769
Novidades já notificadas anteriormente. Sem envio...
Rodou em: 2025-12-01 00:30:03.838799
Novidades já notificadas anteriormente. Sem envio...
Rodou em: 2025-12-01 00:40:04.569972
Novidades já notificadas anteriormente. Sem envio...
Rodou em: 2025-12-01 00:50:04.110532
Novidades já notificadas anteriormente. Sem envio...
Rodou em: 2025-12-01 01:00:05.051022
Novidades já notificadas anteriormente. Sem envio...
Rodou em: 2025-12-01 01:10:03.985082
Novidades já notificadas anteriormente. Sem envio...
Rodou em: 2025-12-01 01:20:05.227356
Novidades já notificadas anteriormente. Sem envio...
Rodou em: 2025-12-01 01:30:03.940011
Novidades já notificadas anteriormente. Sem envio...
Rodou em: 2025-12-01 01:40:05.064969
Novidades já notificadas anteriormente. Sem envio...
Rodou em: 2025-12-01 01:50:05.249087
Novidades já notificadas anteriormente. Sem envio...
Rodou em: 2025-12-01 02:00:04.362667
Novidades já notificadas anteriormente. Sem envio...
Rodou em: 2025-12-01 02:10:04.741672
Novidades já notificadas anteriormente. Sem envio...
Rodou em: 2025-12-01 02:20:04.460299
Novidades já notificadas anteriormente. Sem envio...
Rodou em: 2025-12-01 02:30:06.716776
Novidades já notificadas anteriormente. Sem envio...
Rodou em: 2025-12-01 02:40:04.542342
Novidades já notificadas anteriormente. Sem envio...
Rodou em: 2025-12-01 02:50:05.479017
Novidades já notificadas anteriormente. Sem envio...
Rodou em: 2025-12-01 03:00:05.388237
Novidades já notificadas anteriormente. Sem envio...
Rodou em: 2025-12-01 03:10:03.803291
Novidades já notificadas anteriormente. Sem envio...
Rodou em: 2025-12-01 03:20:03.632512
Novidades já notificadas anteriormente. Sem envio...
Rodou em: 2025-12-01 03:30:04.100348
Novidades já notificadas anteriormente. Sem envio...
Rodou em: 2025-12-01 03:40:03.990333
Novidades já notificadas anteriormente. Sem envio...
Rodou em: 2025-12-01 03:50:03.634091
Novidades já notificadas anteriormente. Sem envio...
Rodou em: 2025-12-01 04:00:04.888162
Novidades já notificadas anteriormente. Sem envio...
Rodou em: 2025-12-01 04:10:03.869705
Novidades já notificadas anteriormente. Sem envio...
Rodou em: 2025-12-01 04:20:06.313513
Novidades já notificadas anteriormente. Sem envio...
Rodou em: 2025-12-01 04:30:04.223860
Novidades já notificadas anteriormente. Sem envio...
Rodou em: 2025-12-01 04:40:03.856688
Novidades já notificadas anteriormente. Sem envio...
Rodou em: 2025-12-01 04:50:05.676484
Novidades já notificadas anteriormente. Sem envio...
Rodou em: 2025-12-01 05:00:05.511073
Novidades já notificadas anteriormente. Sem envio...
Rodou em: 2025-12-01 05:10:04.383631
Novidades já notificadas anteriormente. Sem envio...
Rodou em: 2025-12-01 05:20:04.181846
Novidades já notificadas anteriormente. Sem envio...
Rodou em: 2025-12-01 05:30:03.913135
Novidades já notificadas anteriormente. Sem envio...
Rodou em: 2025-12-01 05:40:04.493503
Novidades já notificadas anteriormente. Sem envio...
Rodou em: 2025-12-01 05:50:04.102876
Novidades já notificadas anteriormente. Sem envio...
Rodou em: 2025-12-01 06:00:04.361174
Novidades já notificadas anteriormente. Sem envio...
Rodou em: 2025-12-01 06:10:04.149417
Novidades já notificadas anteriormente. Sem envio...
Rodou em: 2025-12-01 06:20:03.803629
Novidades já notificadas anteriormente. Sem envio...
Rodou em: 2025-12-01 06:30:05.532170
Novidades já notificadas anteriormente. Sem envio...
Rodou em: 2025-12-01 06:40:04.181981
Novidades já notificadas anteriormente. Sem envio...
Rodou em: 2025-12-01 06:50:05.880720
Novidades já notificadas anteriormente. Sem envio...
Rodou em: 2025-12-01 07:00:04.056019
Novidades já notificadas anteriormente. Sem envio...
Rodou em: 2025-12-01 07:10:04.344517
Novidades já notificadas anteriormente. Sem envio...
Rodou em: 2025-12-01 07:20:04.449740
Novidades já notificadas anteriormente. Sem envio...
Rodou em: 2025-12-01 07:30:03.676723
Novidades já notificadas anteriormente. Sem envio...
Rodou em: 2025-12-01 07:40:04.917861
Novidades já notificadas anteriormente. Sem envio...
Rodou em: 2025-12-01 07:50:05.135220
Novidades já notificadas anteriormente. Sem envio...
Rodou em: 2025-12-01 08:00:06.460960
Novidades já notificadas anteriormente. Sem envio...
Rodou em: 2025-12-01 08:10:04.106289
Novidades já notificadas anteriormente. Sem envio...
Rodou em: 2025-12-01 08:20:03.744054
Novidades já notificadas anteriormente. Sem envio...
Rodou em: 2025-12-01 08:30:07.524124
Novidades já notificadas anteriormente. Sem envio...
Rodou em: 2025-12-01 08:40:11.593131
Novidades já notificadas anteriormente. Sem envio...
Rodou em: 2025-12-01 08:50:06.294458
Novidades já notificadas anteriormente. Sem envio...
Rodou em: 2025-12-01 09:00:04.264842
Novidades já notificadas anteriormente. Sem envio...
Rodou em: 2025-12-01 09:10:06.711763
Novidades já notificadas anteriormente. Sem envio...
Rodou em: 2025-12-01 09:20:04.088255
Novidades já notificadas anteriormente. Sem envio...
Rodou em: 2025-12-01 09:30:04.291371
Novidades já notificadas anteriormente. Sem envio...
Rodou em: 2025-12-01 09:40:06.436991
Novidades já notificadas anteriormente. Sem envio...
Rodou em: 2025-12-01 09:50:04.640656
Novidades já notificadas anteriormente. Sem envio...
Rodou em: 2025-12-01 10:00:09.315181
Novidades já notificadas anteriormente. Sem envio...
Rodou em: 2025-12-01 10:10:04.416954
Novidades já notificadas anteriormente. Sem envio...
Rodou em: 2025-12-01 10:20:05.744747
Novidades já notificadas anteriormente. Sem envio...
Rodou em: 2025-12-01 10:30:05.862103
Novidades já notificadas anteriormente. Sem envio...
Rodou em: 2025-12-01 10:40:04.099493
Novidades já notificadas anteriormente. Sem envio...
Rodou em: 2025-12-01 10:50:07.225611
Novidades já notificadas anteriormente. Sem envio...
Rodou em: 2025-12-01 11:00:04.134782
Novidades já notificadas anteriormente. Sem envio...
Rodou em: 2025-12-01 11:10:25.108350
Novidades já notificadas anteriormente. Sem envio...
Rodou em: 2025-12-01 11:20:08.945618
Novidades já notificadas anteriormente. Sem envio...
Rodou em: 2025-12-01 11:30:04.080525
Novidades já notificadas anteriormente. Sem envio...
Rodou em: 2025-12-01 11:40:05.373389
Novidades já notificadas anteriormente. Sem envio...
Rodou em: 2025-12-01 11:50:05.143319
Novidades já notificadas anteriormente. Sem envio...
Rodou em: 2025-12-01 12:00:04.248901
Novidades já notificadas anteriormente. Sem envio...
Rodou em: 2025-12-01 12:10:05.472673
Novidades já notificadas anteriormente. Sem envio...
Rodou em: 2025-12-01 12:20:04.829905
Novidades já notificadas anteriormente. Sem envio...
Rodou em: 2025-12-01 12:30:04.240494
Novidades já notificadas anteriormente. Sem envio...
Rodou em: 2025-12-01 12:40:05.498163
Novidades já notificadas anteriormente. Sem envio...
Rodou em: 2025-12-01 12:50:04.847170
Novidades já notificadas anteriormente. Sem envio...
Rodou em: 2025-12-01 13:00:03.805350
Novidades já notificadas anteriormente. Sem envio...
Rodou em: 2025-12-01 13:10:04.096473
Novidades já notificadas anteriormente. Sem envio...
Rodou em: 2025-12-01 13:20:03.452491
Novidades já notificadas anteriormente. Sem envio...
Rodou em: 2025-12-01 13:30:04.068736
Novidades já notificadas anteriormente. Sem envio...
Rodou em: 2025-12-01 13:44:15.691679
Novidades já notificadas anteriormente. Sem envio...
Rodou em: 2025-12-01 13:50:07.021297
Novidades já notificadas anteriormente. Sem envio...
Rodou em: 2025-12-01 14:00:07.120942
Novidades já notificadas anteriormente. Sem envio...
Rodou em: 2025-12-01 14:10:04.757780
Novidades já notificadas anteriormente. Sem envio...
Rodou em: 2025-12-01 14:20:05.135137
Novidades já notificadas anteriormente. Sem envio...
Rodou em: 2025-12-01 14:30:06.349735
Novidades já notificadas anteriormente. Sem envio...
Rodou em: 2025-12-01 14:40:03.875475
Novidades já notificadas anteriormente. Sem envio...
Rodou em: 2025-12-01 14:50:05.730021
Novidades já notificadas anteriormente. Sem envio...
Rodou em: 2025-12-01 15:00:05.283604
Novidades já notificadas anteriormente. Sem envio...
Rodou em: 2025-12-01 15:10:04.413575
Novidades já notificadas anteriormente. Sem envio...
Rodou em: 2025-12-01 15:20:04.331704
Novidades já notificadas anteriormente. Sem envio...
Rodou em: 2025-12-01 15:30:04.356156
Novidades já notificadas anteriormente. Sem envio...
Rodou em: 2025-12-01 15:40:05.191473
Novidades já notificadas anteriormente. Sem envio...
Rodou em: 2025-12-01 15:50:04.454771
Novidades já notificadas anteriormente. Sem envio...
Rodou em: 2025-12-01 16:00:13.692828
Novidades já notificadas anteriormente. Sem envio...
Rodou em: 2025-12-01 16:10:05.389860
Novidades já notificadas anteriormente. Sem envio...
Rodou em: 2025-12-01 16:20:04.791485
Novidades já notificadas anteriormente. Sem envio...
Rodou em: 2025-12-01 16:30:04.633328
Novidades já notificadas anteriormente. Sem envio...
Rodou em: 2025-12-01 16:40:05.724613
Novidades já notificadas anteriormente. Sem envio...
Rodou em: 2025-12-01 16:50:04.530642
Novidades já notificadas anteriormente. Sem envio...
Rodou em: 2025-12-01 17:00:05.723173
Novidades já notificadas anteriormente. Sem envio...
Rodou em: 2025-12-01 17:10:04.075878
Novidades já notificadas anteriormente. Sem envio...
Rodou em: 2025-12-01 17:20:04.644478
Novidades já notificadas anteriormente. Sem envio...
Rodou em: 2025-12-01 17:30:05.944453
Novidades já notificadas anteriormente. Sem envio...
Rodou em: 2025-12-01 17:40:04.819699
Novidades já notificadas anteriormente. Sem envio...
Rodou em: 2025-12-01 17:50:04.423158
Novidades já notificadas anteriormente. Sem envio...
Rodou em: 2025-12-01 18:00:05.489998
Novidades já notificadas anteriormente. Sem envio...
Rodou em: 2025-12-01 18:10:04.412246
Novidades já notificadas anteriormente. Sem envio...
Rodou em: 2025-12-01 18:20:03.980268
Novidades já notificadas anteriormente. Sem envio...
Rodou em: 2025-12-01 18:30:04.201157
Novidades já notificadas anteriormente. Sem envio...
Rodou em: 2025-12-01 18:40:05.428450
Novidades já notificadas anteriormente. Sem envio...
Rodou em: 2025-12-01 18:50:04.174677
Novidades já notificadas anteriormente. Sem envio...
Rodou em: 2025-12-01 19:00:04.491607
Novidades já notificadas anteriormente. Sem envio...
Rodou em: 2025-12-01 19:10:04.478566
Novidades já notificadas anteriormente. Sem envio...
Rodou em: 2025-12-01 19:20:04.283640
Novidades já notificadas anteriormente. Sem envio...
Rodou em: 2025-12-01 19:30:04.264519
Novidades já notificadas anteriormente. Sem envio...
Rodou em: 2025-12-01 19:40:04.148768
Novidades já notificadas anteriormente. Sem envio...
Rodou em: 2025-12-01 19:50:05.008888
Novidades já notificadas anteriormente. Sem envio...
Rodou em: 2025-12-01 20:00:06.655917
Novidades já notificadas anteriormente. Sem envio...
Rodou em: 2025-12-01 20:10:04.322970
Novidades já notificadas anteriormente. Sem envio...
Rodou em: 2025-12-01 20:20:03.610776
Novidades já notificadas anteriormente. Sem envio...
Rodou em: 2025-12-01 20:30:04.430827
Novidades já notificadas anteriormente. Sem envio...
Rodou em: 2025-12-01 20:40:11.373346
Novidades já notificadas anteriormente. Sem envio...
Rodou em: 2025-12-01 20:50:04.606603
Novidades já notificadas anteriormente. Sem envio...
Rodou em: 2025-12-01 21:00:04.572031
Novidades já notificadas anteriormente. Sem envio...
Rodou em: 2025-12-01 21:10:04.368091
Novidades já notificadas anteriormente. Sem envio...
Rodou em: 2025-12-01 21:20:03.860904
Novidades já notificadas anteriormente. Sem envio...
Rodou em: 2025-12-01 21:30:04.604315
Novidades já notificadas anteriormente. Sem envio...
Rodou em: 2025-12-01 21:40:15.802951
Novidades já notificadas anteriormente. Sem envio...
Rodou em: 2025-12-01 21:50:05.661239
Novidades já notificadas anteriormente. Sem envio...
Rodou em: 2025-12-01 22:00:04.409550
Novidades já notificadas anteriormente. Sem envio...
Rodou em: 2025-12-01 22:10:04.126365
Novidades já notificadas anteriormente. Sem envio...
Rodou em: 2025-12-01 22:20:04.089169
Novidades já notificadas anteriormente. Sem envio...
Rodou em: 2025-12-01 22:30:03.776570
Novidades já notificadas anteriormente. Sem envio...
Rodou em: 2025-12-01 22:40:06.204459
Novidades já notificadas anteriormente. Sem envio...
Rodou em: 2025-12-01 22:50:05.800465
Novidades já notificadas anteriormente. Sem envio...
Rodou em: 2025-12-01 23:00:03.830213
Novidades já notificadas anteriormente. Sem envio...
Rodou em: 2025-12-01 23:10:05.277860
Novidades já notificadas anteriormente. Sem envio...
Rodou em: 2025-12-01 23:20:05.180554
Novidades já notificadas anteriormente. Sem envio...
Rodou em: 2025-12-01 23:30:03.634262
Novidades já notificadas anteriormente. Sem envio...
Rodou em: 2025-12-01 23:40:04.145984
Novidades já notificadas anteriormente. Sem envio...
Rodou em: 2025-12-01 23:50:03.801160
Novidades já notificadas anteriormente. Sem envio...
Rodou em: 2025-12-02 00:00:06.881431
Novidades já notificadas anteriormente. Sem envio...
Rodou em: 2025-12-02 00:10:04.054221
Novidades já notificadas anteriormente. Sem envio...
Rodou em: 2025-12-02 00:20:03.694883
Novidades já notificadas anteriormente. Sem envio...
Rodou em: 2025-12-02 00:30:04.358400
Novidades já notificadas anteriormente. Sem envio...
Rodou em: 2025-12-02 00:40:05.299893
Novidades já notificadas anteriormente. Sem envio...
Rodou em: 2025-12-02 00:50:03.662835
Novidades já notificadas anteriormente. Sem envio...
Rodou em: 2025-12-02 01:00:04.445405
Novidades já notificadas anteriormente. Sem envio...
Rodou em: 2025-12-02 01:10:05.263825
Novidades já notificadas anteriormente. Sem envio...
Rodou em: 2025-12-02 01:20:05.245028
Novidades já notificadas anteriormente. Sem envio...
Rodou em: 2025-12-02 01:30:03.829563
Novidades já notificadas anteriormente. Sem envio...
Rodou em: 2025-12-02 01:40:05.778794
Novidades já notificadas anteriormente. Sem envio...
Rodou em: 2025-12-02 01:50:04.826049
Novidades já notificadas anteriormente. Sem envio...
Rodou em: 2025-12-02 02:00:03.860496
Novidades já notificadas anteriormente. Sem envio...
Rodou em: 2025-12-02 02:10:05.744229
Novidades já notificadas anteriormente. Sem envio...
Rodou em: 2025-12-02 02:20:03.516034
Novidades já notificadas anteriormente. Sem envio...
Rodou em: 2025-12-02 02:30:05.294689
Novidades já notificadas anteriormente. Sem envio...
Rodou em: 2025-12-02 02:40:04.158601
Novidades já notificadas anteriormente. Sem envio...
Rodou em: 2025-12-02 02:50:06.396516
Novidades já notificadas anteriormente. Sem envio...
Rodou em: 2025-12-02 03:00:04.993634
Novidades já notificadas anteriormente. Sem envio...
Rodou em: 2025-12-02 03:10:03.949911
Novidades já notificadas anteriormente. Sem envio...
Rodou em: 2025-12-02 03:20:05.037541
Novidades já notificadas anteriormente. Sem envio...
Rodou em: 2025-12-02 03:30:03.845787
Novidades já notificadas anteriormente. Sem envio...
Rodou em: 2025-12-02 03:40:06.899133
Novidades já notificadas anteriormente. Sem envio...
Rodou em: 2025-12-02 03:50:03.757820
Novidades já notificadas anteriormente. Sem envio...
Rodou em: 2025-12-02 04:00:04.705690
Novidades já notificadas anteriormente. Sem envio...
Rodou em: 2025-12-02 04:10:05.922304
Novidades já notificadas anteriormente. Sem envio...
Rodou em: 2025-12-02 04:20:05.781563
Novidades já notificadas anteriormente. Sem envio...
Rodou em: 2025-12-02 04:30:03.560965
Novidades já notificadas anteriormente. Sem envio...
Rodou em: 2025-12-02 04:40:06.197916
Novidades já notificadas anteriormente. Sem envio...
Rodou em: 2025-12-02 04:50:03.981715
Novidades já notificadas anteriormente. Sem envio...
Rodou em: 2025-12-02 05:00:04.391144
Novidades já notificadas anteriormente. Sem envio...
Rodou em: 2025-12-02 05:10:04.229374
Novidades já notificadas anteriormente. Sem envio...
Rodou em: 2025-12-02 05:20:03.786262
Novidades já notificadas anteriormente. Sem envio...
Rodou em: 2025-12-02 05:30:05.391253
Novidades já notificadas anteriormente. Sem envio...
Rodou em: 2025-12-02 05:40:04.032481
Novidades já notificadas anteriormente. Sem envio...
Rodou em: 2025-12-02 05:50:03.766794
Novidades já notificadas anteriormente. Sem envio...
Rodou em: 2025-12-02 06:00:05.615361
Novidades já notificadas anteriormente. Sem envio...
Rodou em: 2025-12-02 06:10:06.132375
Novidades já notificadas anteriormente. Sem envio...
Rodou em: 2025-12-02 06:20:04.854524
Novidades já notificadas anteriormente. Sem envio...
Rodou em: 2025-12-02 06:30:03.385460
Novidades já notificadas anteriormente. Sem envio...
Rodou em: 2025-12-02 06:40:05.091738
Novidades já notificadas anteriormente. Sem envio...
Rodou em: 2025-12-02 06:50:04.855035
Novidades já notificadas anteriormente. Sem envio...
Rodou em: 2025-12-02 07:00:03.596440
Novidades já notificadas anteriormente. Sem envio...
Rodou em: 2025-12-02 07:10:05.560155
Novidades já notificadas anteriormente. Sem envio...
Rodou em: 2025-12-02 07:20:04.420145
Novidades já notificadas anteriormente. Sem envio...
Rodou em: 2025-12-02 07:30:05.035638
Novidades já notificadas anteriormente. Sem envio...
Rodou em: 2025-12-02 07:40:05.173563
Novidades já notificadas anteriormente. Sem envio...
Rodou em: 2025-12-02 07:50:04.157187
Novidades já notificadas anteriormente. Sem envio...
Rodou em: 2025-12-02 08:00:04.888465
Novidades já notificadas anteriormente. Sem envio...
Rodou em: 2025-12-02 08:10:05.808308
Novidades já notificadas anteriormente. Sem envio...
Rodou em: 2025-12-02 08:20:05.645617
Novidades já notificadas anteriormente. Sem envio...
Rodou em: 2025-12-02 08:30:04.337300
Novidades já notificadas anteriormente. Sem envio...
Rodou em: 2025-12-02 08:40:06.276304
Novidades já notificadas anteriormente. Sem envio...
Rodou em: 2025-12-02 08:50:05.167969
Novidades já notificadas anteriormente. Sem envio...
Rodou em: 2025-12-02 09:00:05.315942
Novidades já notificadas anteriormente. Sem envio...
Rodou em: 2025-12-02 09:10:04.157126
Novidades já notificadas anteriormente. Sem envio...
Rodou em: 2025-12-02 09:20:04.006845
Novidades já notificadas anteriormente. Sem envio...
Rodou em: 2025-12-02 09:30:04.372543
Novidades já notificadas anteriormente. Sem envio...
Rodou em: 2025-12-02 09:40:05.540892
Novidades já notificadas anteriormente. Sem envio...
Rodou em: 2025-12-02 09:50:04.650902
Novidades já notificadas anteriormente. Sem envio...
Rodou em: 2025-12-02 10:00:07.357523
Novidades já notificadas anteriormente. Sem envio...
Rodou em: 2025-12-02 10:10:05.740314
Novidades já notificadas anteriormente. Sem envio...
Rodou em: 2025-12-02 10:20:03.664907
Novidades já notificadas anteriormente. Sem envio...
Rodou em: 2025-12-02 10:30:07.081660
Novidades já notificadas anteriormente. Sem envio...
Rodou em: 2025-12-02 10:40:03.069291
Novidades já notificadas anteriormente. Sem envio...
Rodou em: 2025-12-02 10:50:03.129833
Novidades já notificadas anteriormente. Sem envio...
Rodou em: 2025-12-02 11:00:03.245995
Novidades já notificadas anteriormente. Sem envio...
Rodou em: 2025-12-02 11:10:04.900119
Novidades já notificadas anteriormente. Sem envio...
Rodou em: 2025-12-02 11:20:03.676823
Novidades já notificadas anteriormente. Sem envio...
Rodou em: 2025-12-02 11:30:04.619711
Novidades já notificadas anteriormente. Sem envio...
Rodou em: 2025-12-02 11:40:05.838024
Novidades já notificadas anteriormente. Sem envio...
Rodou em: 2025-12-02 11:50:02.886024
Novidades já notificadas anteriormente. Sem envio...
Rodou em: 2025-12-02 12:00:04.476284
Novidades já notificadas anteriormente. Sem envio...
Rodou em: 2025-12-02 12:10:04.225652
Novidades já notificadas anteriormente. Sem envio...
Rodou em: 2025-12-02 12:20:03.868439
Novidades já notificadas anteriormente. Sem envio...
Rodou em: 2025-12-02 12:30:06.220550
Novidades já notificadas anteriormente. Sem envio...
Rodou em: 2025-12-02 12:40:05.299705
Novidades já notificadas anteriormente. Sem envio...
Rodou em: 2025-12-02 12:50:04.252663
Novidades já notificadas anteriormente. Sem envio...
Rodou em: 2025-12-02 13:00:03.964476
Novidades já notificadas anteriormente. Sem envio...
Rodou em: 2025-12-02 13:10:05.558280
Novidades já notificadas anteriormente. Sem envio...
Rodou em: 2025-12-02 13:20:04.480683
Novidades já notificadas anteriormente. Sem envio...
Rodou em: 2025-12-02 13:30:04.167886
Novidades já notificadas anteriormente. Sem envio...
Rodou em: 2025-12-02 13:40:05.325513
Novidades já notificadas anteriormente. Sem envio...
Rodou em: 2025-12-02 13:50:03.925378
Novidades já notificadas anteriormente. Sem envio...
Rodou em: 2025-12-02 14:00:04.423173
Novidades já notificadas anteriormente. Sem envio...
Rodou em: 2025-12-02 14:10:04.504188
Novidades já notificadas anteriormente. Sem envio...
Rodou em: 2025-12-02 14:20:04.278534
Novidades já notificadas anteriormente. Sem envio...
Rodou em: 2025-12-02 14:30:04.345126
Novidades já notificadas anteriormente. Sem envio...
Rodou em: 2025-12-02 14:40:05.540849
Novidades já notificadas anteriormente. Sem envio...
Rodou em: 2025-12-02 14:50:04.165612
Novidades já notificadas anteriormente. Sem envio...
Rodou em: 2025-12-02 15:00:05.385211
Novidades já notificadas anteriormente. Sem envio...
Rodou em: 2025-12-02 15:10:04.239182
Novidades já notificadas anteriormente. Sem envio...
Rodou em: 2025-12-02 15:20:05.620711
Novidades já notificadas anteriormente. Sem envio...
Rodou em: 2025-12-02 15:30:05.677337
Novidades já notificadas anteriormente. Sem envio...
Rodou em: 2025-12-02 15:40:04.089342
Novidades já notificadas anteriormente. Sem envio...
Rodou em: 2025-12-02 15:50:04.200393
Novidades já notificadas anteriormente. Sem envio...
Rodou em: 2025-12-02 16:00:04.144380
Novidades já notificadas anteriormente. Sem envio...
Rodou em: 2025-12-02 16:10:05.398058
Novidades já notificadas anteriormente. Sem envio...
Rodou em: 2025-12-02 16:20:04.085097
Novidades já notificadas anteriormente. Sem envio...
Rodou em: 2025-12-02 16:30:02.921257
Novidades já notificadas anteriormente. Sem envio...
Rodou em: 2025-12-02 16:40:03.723090
Novidades já notificadas anteriormente. Sem envio...
Rodou em: 2025-12-02 16:50:03.496185
Novidades já notificadas anteriormente. Sem envio...
Rodou em: 2025-12-02 17:00:03.942056
Novidades já notificadas anteriormente. Sem envio...
Rodou em: 2025-12-02 17:10:04.882597
Novidades já notificadas anteriormente. Sem envio...
Rodou em: 2025-12-02 17:20:03.466404
Novidades já notificadas anteriormente. Sem envio...
Rodou em: 2025-12-02 17:30:04.114135
Novidades já notificadas anteriormente. Sem envio...
Rodou em: 2025-12-02 17:40:05.676838
Novidades já notificadas anteriormente. Sem envio...
Rodou em: 2025-12-02 17:50:04.319753
Novidades já notificadas anteriormente. Sem envio...
Rodou em: 2025-12-02 18:00:05.445873
Novidades já notificadas anteriormente. Sem envio...
Rodou em: 2025-12-02 18:10:05.735139
Novidades já notificadas anteriormente. Sem envio...
Rodou em: 2025-12-02 18:20:03.452753
Novidades já notificadas anteriormente. Sem envio...
Rodou em: 2025-12-02 18:30:03.289177
Novidades já notificadas anteriormente. Sem envio...
Rodou em: 2025-12-02 18:40:04.889007
Novidades já notificadas anteriormente. Sem envio...
Rodou em: 2025-12-02 18:50:03.739380
Novidades já notificadas anteriormente. Sem envio...
Rodou em: 2025-12-02 19:00:04.696494
Novidades já notificadas anteriormente. Sem envio...
Rodou em: 2025-12-02 19:10:04.297363
Novidades já notificadas anteriormente. Sem envio...
Rodou em: 2025-12-02 19:20:04.174575
Novidades já notificadas anteriormente. Sem envio...
Rodou em: 2025-12-02 19:30:05.029768
Novidades já notificadas anteriormente. Sem envio...
Rodou em: 2025-12-02 19:40:03.761767
Novidades já notificadas anteriormente. Sem envio...
Rodou em: 2025-12-02 19:50:03.585774
Novidades já notificadas anteriormente. Sem envio...
Rodou em: 2025-12-02 20:00:06.032210
Novidades já notificadas anteriormente. Sem envio...
Rodou em: 2025-12-02 20:10:04.790025
Novidades já notificadas anteriormente. Sem envio...
Rodou em: 2025-12-02 20:20:04.844750
Novidades já notificadas anteriormente. Sem envio...
Rodou em: 2025-12-02 20:30:03.694568
Novidades já notificadas anteriormente. Sem envio...
Rodou em: 2025-12-02 20:40:05.794497
Novidades já notificadas anteriormente. Sem envio...
Rodou em: 2025-12-02 20:50:04.241821
Novidades já notificadas anteriormente. Sem envio...
Rodou em: 2025-12-02 21:00:04.473361
Novidades já notificadas anteriormente. Sem envio...
Rodou em: 2025-12-02 21:10:07.198187
Novidades já notificadas anteriormente. Sem envio...
Rodou em: 2025-12-02 21:20:04.633459
Novidades já notificadas anteriormente. Sem envio...
Rodou em: 2025-12-02 21:30:05.150776
Novidades já notificadas anteriormente. Sem envio...
Rodou em: 2025-12-02 21:40:04.867210
Novidades já notificadas anteriormente. Sem envio...
Rodou em: 2025-12-02 21:50:03.777381
Novidades já notificadas anteriormente. Sem envio...
Rodou em: 2025-12-02 22:00:04.583217
Novidades já notificadas anteriormente. Sem envio...
Rodou em: 2025-12-02 22:10:05.194591
Novidades já notificadas anteriormente. Sem envio...
Rodou em: 2025-12-02 22:20:04.949385
Novidades já notificadas anteriormente. Sem envio...
Rodou em: 2025-12-02 22:30:04.162638
Novidades já notificadas anteriormente. Sem envio...
Rodou em: 2025-12-02 22:40:05.124711
Novidades já notificadas anteriormente. Sem envio...
Rodou em: 2025-12-02 22:50:04.027466
Novidades já notificadas anteriormente. Sem envio...
Rodou em: 2025-12-02 23:00:04.212677
Novidades já notificadas anteriormente. Sem envio...
Rodou em: 2025-12-02 23:10:04.896631
Novidades já notificadas anteriormente. Sem envio...
Rodou em: 2025-12-02 23:20:03.518113
Novidades já notificadas anteriormente. Sem envio...
Rodou em: 2025-12-02 23:30:04.444835
Novidades já notificadas anteriormente. Sem envio...
Rodou em: 2025-12-02 23:40:04.071238
Novidades já notificadas anteriormente. Sem envio...
Rodou em: 2025-12-02 23:50:03.562965
Novidades já notificadas anteriormente. Sem envio...
Rodou em: 2025-12-03 00:00:07.854960
Novidades já notificadas anteriormente. Sem envio...
Rodou em: 2025-12-03 00:10:07.266743
Novidades já notificadas anteriormente. Sem envio...
Rodou em: 2025-12-03 00:20:05.002421
Novidades já notificadas anteriormente. Sem envio...
Rodou em: 2025-12-03 00:30:03.618659
Novidades já notificadas anteriormente. Sem envio...
Rodou em: 2025-12-03 00:40:04.557150
Novidades já notificadas anteriormente. Sem envio...
Rodou em: 2025-12-03 00:50:04.131484
Novidades já notificadas anteriormente. Sem envio...
Rodou em: 2025-12-03 01:00:03.814645
Novidades já notificadas anteriormente. Sem envio...
Rodou em: 2025-12-03 01:10:04.724093
Novidades já notificadas anteriormente. Sem envio...
Rodou em: 2025-12-03 01:20:04.200231
Novidades já notificadas anteriormente. Sem envio...
Rodou em: 2025-12-03 01:30:03.647250
Novidades já notificadas anteriormente. Sem envio...
Rodou em: 2025-12-03 01:40:03.962723
Novidades já notificadas anteriormente. Sem envio...
Rodou em: 2025-12-03 01:50:03.861288
Novidades já notificadas anteriormente. Sem envio...
Rodou em: 2025-12-03 02:00:03.796679
Novidades já notificadas anteriormente. Sem envio...
Rodou em: 2025-12-03 02:10:04.856344
Novidades já notificadas anteriormente. Sem envio...
Rodou em: 2025-12-03 02:20:03.899982
Novidades já notificadas anteriormente. Sem envio...
Rodou em: 2025-12-03 02:30:05.185189
Novidades já notificadas anteriormente. Sem envio...
Rodou em: 2025-12-03 02:40:03.465160
Novidades já notificadas anteriormente. Sem envio...
Rodou em: 2025-12-03 02:50:04.981019
Novidades já notificadas anteriormente. Sem envio...
Rodou em: 2025-12-03 03:00:03.641933
Novidades já notificadas anteriormente. Sem envio...
Rodou em: 2025-12-03 03:10:05.242214
Novidades já notificadas anteriormente. Sem envio...
Rodou em: 2025-12-03 03:20:05.071421
Novidades já notificadas anteriormente. Sem envio...
Rodou em: 2025-12-03 03:30:03.301495
Novidades já notificadas anteriormente. Sem envio...
Rodou em: 2025-12-03 03:40:05.128947
Novidades já notificadas anteriormente. Sem envio...
Rodou em: 2025-12-03 03:50:05.271630
Novidades já notificadas anteriormente. Sem envio...
Rodou em: 2025-12-03 04:00:05.810208
Novidades já notificadas anteriormente. Sem envio...
Rodou em: 2025-12-03 04:10:05.705678
Novidades já notificadas anteriormente. Sem envio...
Rodou em: 2025-12-03 04:20:04.292212
Novidades já notificadas anteriormente. Sem envio...
Rodou em: 2025-12-03 04:30:04.208467
Novidades já notificadas anteriormente. Sem envio...
Rodou em: 2025-12-03 04:40:05.159371
Novidades já notificadas anteriormente. Sem envio...
Rodou em: 2025-12-03 04:50:03.909371
Novidades já notificadas anteriormente. Sem envio...
Rodou em: 2025-12-03 05:00:04.474925
Novidades já notificadas anteriormente. Sem envio...
Rodou em: 2025-12-03 05:10:06.279904
Novidades já notificadas anteriormente. Sem envio...
Rodou em: 2025-12-03 05:20:03.857228
Novidades já notificadas anteriormente. Sem envio...
Rodou em: 2025-12-03 05:30:05.382030
Novidades já notificadas anteriormente. Sem envio...
Rodou em: 2025-12-03 05:40:05.280525
Novidades já notificadas anteriormente. Sem envio...
Rodou em: 2025-12-03 05:50:03.843356
Novidades já notificadas anteriormente. Sem envio...
Rodou em: 2025-12-03 06:00:04.151582
Novidades já notificadas anteriormente. Sem envio...
Rodou em: 2025-12-03 06:10:05.143873
Novidades já notificadas anteriormente. Sem envio...
Rodou em: 2025-12-03 06:20:03.746118
Novidades já notificadas anteriormente. Sem envio...
Rodou em: 2025-12-03 06:30:04.313060
Novidades já notificadas anteriormente. Sem envio...
Rodou em: 2025-12-03 06:40:05.105063
Novidades já notificadas anteriormente. Sem envio...
Rodou em: 2025-12-03 06:50:04.619380
Novidades já notificadas anteriormente. Sem envio...
Rodou em: 2025-12-03 07:00:04.541855
Novidades já notificadas anteriormente. Sem envio...
Rodou em: 2025-12-03 07:10:04.604098
Novidades já notificadas anteriormente. Sem envio...
Rodou em: 2025-12-03 07:20:03.829705
Novidades já notificadas anteriormente. Sem envio...
Rodou em: 2025-12-03 07:30:03.593241
Novidades já notificadas anteriormente. Sem envio...
Rodou em: 2025-12-03 07:42:07.343632
Novidades já notificadas anteriormente. Sem envio...
Rodou em: 2025-12-03 07:50:05.640438
Novidades já notificadas anteriormente. Sem envio...
Rodou em: 2025-12-03 08:00:04.326880
Novidades já notificadas anteriormente. Sem envio...
Rodou em: 2025-12-03 08:10:04.655067
Novidades já notificadas anteriormente. Sem envio...
Rodou em: 2025-12-03 08:20:04.046853
Novidades já notificadas anteriormente. Sem envio...
Rodou em: 2025-12-03 08:30:03.653390
Novidades já notificadas anteriormente. Sem envio...
Rodou em: 2025-12-03 08:40:04.150402
Novidades já notificadas anteriormente. Sem envio...
Rodou em: 2025-12-03 08:50:04.566793
Novidades já notificadas anteriormente. Sem envio...
Rodou em: 2025-12-03 09:00:04.011579
Novidades já notificadas anteriormente. Sem envio...
Rodou em: 2025-12-03 09:10:06.532543
Novidades já notificadas anteriormente. Sem envio...
Rodou em: 2025-12-03 09:20:04.204059
Novidades já notificadas anteriormente. Sem envio...
Rodou em: 2025-12-03 09:30:04.627543
Novidades já notificadas anteriormente. Sem envio...
Rodou em: 2025-12-03 09:40:07.084258
Novidades já notificadas anteriormente. Sem envio...
Rodou em: 2025-12-03 09:50:05.713902
Novidades já notificadas anteriormente. Sem envio...
Rodou em: 2025-12-03 10:00:05.794975
Novidades já notificadas anteriormente. Sem envio...
Rodou em: 2025-12-03 10:10:13.429497
Novidades já notificadas anteriormente. Sem envio...
Rodou em: 2025-12-03 10:20:04.516660
Novidades já notificadas anteriormente. Sem envio...
Rodou em: 2025-12-03 10:30:07.139870
Novidades já notificadas anteriormente. Sem envio...
Rodou em: 2025-12-03 10:40:08.506191
Novidades já notificadas anteriormente. Sem envio...
Rodou em: 2025-12-03 10:50:04.839574
Novidades já notificadas anteriormente. Sem envio...
Rodou em: 2025-12-03 11:00:05.347865
Novidades já notificadas anteriormente. Sem envio...
Rodou em: 2025-12-03 11:10:04.364954
Novidades já notificadas anteriormente. Sem envio...
Rodou em: 2025-12-03 11:20:04.426683
Novidades já notificadas anteriormente. Sem envio...
Rodou em: 2025-12-03 11:30:05.370861
Novidades já notificadas anteriormente. Sem envio...
Rodou em: 2025-12-03 11:40:06.438704
Novidades já notificadas anteriormente. Sem envio...
Rodou em: 2025-12-03 11:50:03.985717
Novidades já notificadas anteriormente. Sem envio...
Rodou em: 2025-12-03 12:00:07.037006
Novidades já notificadas anteriormente. Sem envio...
Rodou em: 2025-12-03 12:10:04.115798
Novidades já notificadas anteriormente. Sem envio...
Rodou em: 2025-12-03 12:20:04.345476
Novidades já notificadas anteriormente. Sem envio...
Rodou em: 2025-12-03 12:30:05.415238
Novidades já notificadas anteriormente. Sem envio...
Rodou em: 2025-12-03 12:40:03.974007
Novidades já notificadas anteriormente. Sem envio...
Rodou em: 2025-12-03 12:50:03.509132
Novidades já notificadas anteriormente. Sem envio...
Rodou em: 2025-12-03 13:00:06.455450
Novidades já notificadas anteriormente. Sem envio...
Rodou em: 2025-12-03 13:10:04.063166
Novidades já notificadas anteriormente. Sem envio...
Rodou em: 2025-12-03 13:20:06.731249
Novidades já notificadas anteriormente. Sem envio...
Rodou em: 2025-12-03 13:30:10.386878
Novidades já notificadas anteriormente. Sem envio...
Rodou em: 2025-12-03 13:40:06.337271
Novidades já notificadas anteriormente. Sem envio...
Rodou em: 2025-12-03 13:50:04.485801
Novidades já notificadas anteriormente. Sem envio...
Rodou em: 2025-12-03 14:00:05.374046
Novidades já notificadas anteriormente. Sem envio...
Rodou em: 2025-12-03 14:10:04.425396
Novidades já notificadas anteriormente. Sem envio...
Rodou em: 2025-12-03 14:20:05.218988
Novidades já notificadas anteriormente. Sem envio...
Rodou em: 2025-12-03 14:30:06.848339
Novidades já notificadas anteriormente. Sem envio...
Rodou em: 2025-12-03 14:40:05.065636
Novidades já notificadas anteriormente. Sem envio...
Rodou em: 2025-12-03 14:50:06.191212
Novidades já notificadas anteriormente. Sem envio...
Rodou em: 2025-12-03 15:00:04.772940
Novidades já notificadas anteriormente. Sem envio...
Rodou em: 2025-12-03 15:10:09.883697
Novidades já notificadas anteriormente. Sem envio...
Rodou em: 2025-12-03 15:20:04.181484
Novidades já notificadas anteriormente. Sem envio...
Rodou em: 2025-12-03 15:30:06.095286
Novidades já notificadas anteriormente. Sem envio...
Rodou em: 2025-12-03 15:40:05.656526
Novidades já notificadas anteriormente. Sem envio...
Rodou em: 2025-12-03 15:50:04.218754
Novidades já notificadas anteriormente. Sem envio...
Rodou em: 2025-12-03 16:00:03.911241
Novidades já notificadas anteriormente. Sem envio...
Rodou em: 2025-12-03 16:10:04.613311
Novidades já notificadas anteriormente. Sem envio...
Rodou em: 2025-12-03 16:20:05.821501
Novidades já notificadas anteriormente. Sem envio...
Rodou em: 2025-12-03 16:30:04.867219
Novidades já notificadas anteriormente. Sem envio...
Rodou em: 2025-12-03 16:40:17.185105
Novidades já notificadas anteriormente. Sem envio...
Rodou em: 2025-12-03 16:50:03.682377
Novidades já notificadas anteriormente. Sem envio...
Rodou em: 2025-12-03 17:00:07.689352
Novidades já notificadas anteriormente. Sem envio...
Rodou em: 2025-12-03 17:10:04.032115
Novidades já notificadas anteriormente. Sem envio...
Rodou em: 2025-12-03 17:20:04.174181
Novidades já notificadas anteriormente. Sem envio...
Rodou em: 2025-12-03 17:30:03.785043
Novidades já notificadas anteriormente. Sem envio...
Rodou em: 2025-12-03 17:40:04.477188
Novidades já notificadas anteriormente. Sem envio...
Rodou em: 2025-12-03 17:50:05.119905
Novidades já notificadas anteriormente. Sem envio...
Rodou em: 2025-12-03 18:00:04.958152
Novidades já notificadas anteriormente. Sem envio...
Rodou em: 2025-12-03 18:10:05.062516
Novidades já notificadas anteriormente. Sem envio...
Rodou em: 2025-12-03 18:20:04.348064
Novidades já notificadas anteriormente. Sem envio...
Rodou em: 2025-12-03 18:30:04.780341
Novidades já notificadas anteriormente. Sem envio...
Rodou em: 2025-12-03 18:40:06.337067
Novidades já notificadas anteriormente. Sem envio...
Rodou em: 2025-12-03 18:50:04.196789
Novidades já notificadas anteriormente. Sem envio...
Rodou em: 2025-12-03 19:00:03.898626
Novidades já notificadas anteriormente. Sem envio...
Rodou em: 2025-12-03 19:10:05.046152
Novidades já notificadas anteriormente. Sem envio...
Rodou em: 2025-12-03 19:20:04.726158
Novidades já notificadas anteriormente. Sem envio...
Rodou em: 2025-12-03 19:30:06.031719
Novidades já notificadas anteriormente. Sem envio...
Rodou em: 2025-12-03 19:40:03.866228
Novidades já notificadas anteriormente. Sem envio...
Rodou em: 2025-12-03 19:50:04.958793
Novidades já notificadas anteriormente. Sem envio...
Rodou em: 2025-12-03 20:00:03.704015
Novidades já notificadas anteriormente. Sem envio...
Rodou em: 2025-12-03 20:10:06.130139
Novidades já notificadas anteriormente. Sem envio...
Rodou em: 2025-12-03 20:20:03.823623
Novidades já notificadas anteriormente. Sem envio...
Rodou em: 2025-12-03 20:30:04.610282
Novidades já notificadas anteriormente. Sem envio...
Rodou em: 2025-12-03 20:40:04.477990
Novidades já notificadas anteriormente. Sem envio...
Rodou em: 2025-12-03 20:50:04.665586
Novidades já notificadas anteriormente. Sem envio...
Rodou em: 2025-12-03 21:00:04.614540
Novidades já notificadas anteriormente. Sem envio...
Rodou em: 2025-12-03 21:10:06.249791
Novidades já notificadas anteriormente. Sem envio...
Rodou em: 2025-12-03 21:20:03.983604
Novidades já notificadas anteriormente. Sem envio...
Rodou em: 2025-12-03 21:30:04.026000
Novidades já notificadas anteriormente. Sem envio...
Rodou em: 2025-12-03 21:40:03.612203
Novidades já notificadas anteriormente. Sem envio...
Rodou em: 2025-12-03 21:50:04.289644
Novidades já notificadas anteriormente. Sem envio...
Rodou em: 2025-12-03 22:00:03.885269
Novidades já notificadas anteriormente. Sem envio...
Rodou em: 2025-12-03 22:10:06.685922
Novidades já notificadas anteriormente. Sem envio...
Rodou em: 2025-12-03 22:20:04.591916
Novidades já notificadas anteriormente. Sem envio...
Rodou em: 2025-12-03 22:30:05.828563
Novidades já notificadas anteriormente. Sem envio...
Rodou em: 2025-12-03 22:40:04.667123
Novidades já notificadas anteriormente. Sem envio...
Rodou em: 2025-12-03 22:50:04.266990
Novidades já notificadas anteriormente. Sem envio...
Rodou em: 2025-12-03 23:00:04.326834
Novidades já notificadas anteriormente. Sem envio...
Rodou em: 2025-12-03 23:10:04.121577
Novidades já notificadas anteriormente. Sem envio...
Rodou em: 2025-12-03 23:20:04.948329
Novidades já notificadas anteriormente. Sem envio...
Rodou em: 2025-12-03 23:30:11.715123
Novidades já notificadas anteriormente. Sem envio...
Rodou em: 2025-12-03 23:40:13.704565
Novidades já notificadas anteriormente. Sem envio...
Rodou em: 2025-12-03 23:50:04.833958
Novidades já notificadas anteriormente. Sem envio...
Rodou em: 2025-12-04 00:00:05.959936
Novidades já notificadas anteriormente. Sem envio...
Rodou em: 2025-12-04 00:10:05.652153
Novidades já notificadas anteriormente. Sem envio...
Rodou em: 2025-12-04 00:20:04.331637
Novidades já notificadas anteriormente. Sem envio...
Rodou em: 2025-12-04 00:30:03.990602
Novidades já notificadas anteriormente. Sem envio...
Rodou em: 2025-12-04 00:40:03.760628
Novidades já notificadas anteriormente. Sem envio...
Rodou em: 2025-12-04 00:50:04.473509
Novidades já notificadas anteriormente. Sem envio...
Rodou em: 2025-12-04 01:00:05.216431
Novidades já notificadas anteriormente. Sem envio...
Rodou em: 2025-12-04 01:10:03.740927
Novidades já notificadas anteriormente. Sem envio...
Rodou em: 2025-12-04 01:20:05.098445
Novidades já notificadas anteriormente. Sem envio...
Rodou em: 2025-12-04 01:30:03.397034
Novidades já notificadas anteriormente. Sem envio...
Rodou em: 2025-12-04 01:40:06.175027
Novidades já notificadas anteriormente. Sem envio...
Rodou em: 2025-12-04 01:50:03.355652
Novidades já notificadas anteriormente. Sem envio...
Rodou em: 2025-12-04 02:00:03.912019
Novidades já notificadas anteriormente. Sem envio...
Rodou em: 2025-12-04 02:10:05.290547
Novidades já notificadas anteriormente. Sem envio...
Rodou em: 2025-12-04 02:20:06.336736
Novidades já notificadas anteriormente. Sem envio...
Rodou em: 2025-12-04 02:30:05.675509
Novidades já notificadas anteriormente. Sem envio...
Rodou em: 2025-12-04 02:40:04.057308
Novidades já notificadas anteriormente. Sem envio...
Rodou em: 2025-12-04 02:50:03.632624
Novidades já notificadas anteriormente. Sem envio...
Rodou em: 2025-12-04 03:00:04.357537
Novidades já notificadas anteriormente. Sem envio...
Erro ao acessar o site: HTTPSConnectionPool(host='sitepd.org.br', port=443): Read timed out. (read timeout=10)
Rodou em: 2025-12-04 03:20:04.139769
Novidades já notificadas anteriormente. Sem envio...
Rodou em: 2025-12-04 03:30:03.470530
Novidades já notificadas anteriormente. Sem envio...
Rodou em: 2025-12-04 03:40:05.540992
Novidades já notificadas anteriormente. Sem envio...
Rodou em: 2025-12-04 03:50:03.945294
Novidades já notificadas anteriormente. Sem envio...
Rodou em: 2025-12-04 04:00:03.371452
Novidades já notificadas anteriormente. Sem envio...
Rodou em: 2025-12-04 04:10:04.897409
Novidades já notificadas anteriormente. Sem envio...
Rodou em: 2025-12-04 04:20:05.439221
Novidades já notificadas anteriormente. Sem envio...
Rodou em: 2025-12-04 04:30:04.889018
Novidades já notificadas anteriormente. Sem envio...
Rodou em: 2025-12-04 04:40:04.724126
Novidades já notificadas anteriormente. Sem envio...
Rodou em: 2025-12-04 04:50:04.081608
Novidades já notificadas anteriormente. Sem envio...
Rodou em: 2025-12-04 05:00:04.085112
Novidades já notificadas anteriormente. Sem envio...
Rodou em: 2025-12-04 05:10:05.095788
Novidades já notificadas anteriormente. Sem envio...
Rodou em: 2025-12-04 05:20:03.545116
Novidades já notificadas anteriormente. Sem envio...
Rodou em: 2025-12-04 05:30:03.725714
Novidades já notificadas anteriormente. Sem envio...
Rodou em: 2025-12-04 05:40:04.405528
Novidades já notificadas anteriormente. Sem envio...
Rodou em: 2025-12-04 05:50:04.162934
Novidades já notificadas anteriormente. Sem envio...
Rodou em: 2025-12-04 06:00:04.899279
Novidades já notificadas anteriormente. Sem envio...
Rodou em: 2025-12-04 06:10:04.509196
Novidades já notificadas anteriormente. Sem envio...
Rodou em: 2025-12-04 06:20:05.780242
Novidades já notificadas anteriormente. Sem envio...
Rodou em: 2025-12-04 06:30:04.677431
Novidades já notificadas anteriormente. Sem envio...
Rodou em: 2025-12-04 06:40:03.769962
Novidades já notificadas anteriormente. Sem envio...
Rodou em: 2025-12-04 06:50:04.739525
Novidades já notificadas anteriormente. Sem envio...
Rodou em: 2025-12-04 07:00:04.384110
Novidades já notificadas anteriormente. Sem envio...
Rodou em: 2025-12-04 07:10:04.007880
Novidades já notificadas anteriormente. Sem envio...
Rodou em: 2025-12-04 07:20:03.642151
Novidades já notificadas anteriormente. Sem envio...
Rodou em: 2025-12-04 07:30:04.139770
Novidades já notificadas anteriormente. Sem envio...
Rodou em: 2025-12-04 07:40:05.040205
Novidades já notificadas anteriormente. Sem envio...
Rodou em: 2025-12-04 07:50:26.441959
Novidades já notificadas anteriormente. Sem envio...
Rodou em: 2025-12-04 08:00:08.831151
Novidades já notificadas anteriormente. Sem envio...
Rodou em: 2025-12-04 08:10:04.517598
Novidades já notificadas anteriormente. Sem envio...
Rodou em: 2025-12-04 08:20:04.129356
Novidades já notificadas anteriormente. Sem envio...
Rodou em: 2025-12-04 08:30:05.279323
Novidades já notificadas anteriormente. Sem envio...
Rodou em: 2025-12-04 08:40:11.764164
Novidades já notificadas anteriormente. Sem envio...
Rodou em: 2025-12-04 08:50:05.420162
Novidades já notificadas anteriormente. Sem envio...
Rodou em: 2025-12-04 09:00:04.670124
Novidades já notificadas anteriormente. Sem envio...
Rodou em: 2025-12-04 09:10:06.533455
Novidades já notificadas anteriormente. Sem envio...
Rodou em: 2025-12-04 09:20:04.646420
Novidades já notificadas anteriormente. Sem envio...
Rodou em: 2025-12-04 09:30:04.327027
Novidades já notificadas anteriormente. Sem envio...
Rodou em: 2025-12-04 09:40:05.104553
Novidades já notificadas anteriormente. Sem envio...
Rodou em: 2025-12-04 09:50:04.952953
Novidades já notificadas anteriormente. Sem envio...
Rodou em: 2025-12-04 10:00:04.637429
Novidades já notificadas anteriormente. Sem envio...
Rodou em: 2025-12-04 10:10:12.803891
Novidades já notificadas anteriormente. Sem envio...
Rodou em: 2025-12-04 10:20:05.851499
Novidades já notificadas anteriormente. Sem envio...
Rodou em: 2025-12-04 10:30:04.249983
Novidades já notificadas anteriormente. Sem envio...
Rodou em: 2025-12-04 10:40:05.629253
Novidades já notificadas anteriormente. Sem envio...
Rodou em: 2025-12-04 10:50:04.537046
Novidades já notificadas anteriormente. Sem envio...
Rodou em: 2025-12-04 11:00:05.671818
Novidades já notificadas anteriormente. Sem envio...
Rodou em: 2025-12-04 11:10:06.128588
Novidades já notificadas anteriormente. Sem envio...
Rodou em: 2025-12-04 11:20:09.255234
Novidades já notificadas anteriormente. Sem envio...
Rodou em: 2025-12-04 11:30:04.549191
Novidades já notificadas anteriormente. Sem envio...
Rodou em: 2025-12-04 11:40:03.921398
Novidades já notificadas anteriormente. Sem envio...
Rodou em: 2025-12-04 11:50:05.462543
Novidades já notificadas anteriormente. Sem envio...
Rodou em: 2025-12-04 12:00:05.179868
Novidades já notificadas anteriormente. Sem envio...
Rodou em: 2025-12-04 12:10:04.305722
Novidades já notificadas anteriormente. Sem envio...
Rodou em: 2025-12-04 12:20:05.456671
Novidades já notificadas anteriormente. Sem envio...
Rodou em: 2025-12-04 12:30:04.126156
Novidades já notificadas anteriormente. Sem envio...
Rodou em: 2025-12-04 12:40:04.316312
Novidades já notificadas anteriormente. Sem envio...
Rodou em: 2025-12-04 12:50:04.139132
Novidades já notificadas anteriormente. Sem envio...
Rodou em: 2025-12-04 13:00:03.757356
Novidades já notificadas anteriormente. Sem envio...
Rodou em: 2025-12-04 13:10:04.369567
Novidades já notificadas anteriormente. Sem envio...
Rodou em: 2025-12-04 13:20:05.217918
Novidades já notificadas anteriormente. Sem envio...
Rodou em: 2025-12-04 13:30:04.523770
Novidades já notificadas anteriormente. Sem envio...
Rodou em: 2025-12-04 13:40:05.182336
Novidades já notificadas anteriormente. Sem envio...
Rodou em: 2025-12-04 13:50:03.928775
Novidades já notificadas anteriormente. Sem envio...
Rodou em: 2025-12-04 14:00:03.677856
Novidades já notificadas anteriormente. Sem envio...
Rodou em: 2025-12-04 14:10:04.684425
Novidades já notificadas anteriormente. Sem envio...
Rodou em: 2025-12-04 14:20:04.232656
Novidades já notificadas anteriormente. Sem envio...
Rodou em: 2025-12-04 14:30:04.400701
Novidades já notificadas anteriormente. Sem envio...
Rodou em: 2025-12-04 14:40:06.945446
Novidades já notificadas anteriormente. Sem envio...
Rodou em: 2025-12-04 14:50:04.561542
Novidades já notificadas anteriormente. Sem envio...
Rodou em: 2025-12-04 15:00:04.357399
Novidades já notificadas anteriormente. Sem envio...
Rodou em: 2025-12-04 15:10:07.801976
Novidades já notificadas anteriormente. Sem envio...
Rodou em: 2025-12-04 15:20:06.018493
Novidades já notificadas anteriormente. Sem envio...
Rodou em: 2025-12-04 15:30:04.286127
Novidades já notificadas anteriormente. Sem envio...
Rodou em: 2025-12-04 15:40:06.027063
Novidades já notificadas anteriormente. Sem envio...
Rodou em: 2025-12-04 15:50:04.057005
Novidades já notificadas anteriormente. Sem envio...
Rodou em: 2025-12-04 16:00:04.175205
Novidades já notificadas anteriormente. Sem envio...
Rodou em: 2025-12-04 16:10:04.349851
Novidades já notificadas anteriormente. Sem envio...
Rodou em: 2025-12-04 16:20:04.845304
Novidades já notificadas anteriormente. Sem envio...
Rodou em: 2025-12-04 16:30:04.510432
Novidades já notificadas anteriormente. Sem envio...
Rodou em: 2025-12-04 16:40:04.483482
Novidades já notificadas anteriormente. Sem envio...
Rodou em: 2025-12-04 16:50:05.422407
Novidades já notificadas anteriormente. Sem envio...
Rodou em: 2025-12-04 17:00:04.767682
Novidades já notificadas anteriormente. Sem envio...
Rodou em: 2025-12-04 17:10:05.560811
Novidades já notificadas anteriormente. Sem envio...
Rodou em: 2025-12-04 17:20:04.728811
Novidades já notificadas anteriormente. Sem envio...
Rodou em: 2025-12-04 17:30:04.516254
Novidades já notificadas anteriormente. Sem envio...
Rodou em: 2025-12-04 17:40:04.712505
Novidades já notificadas anteriormente. Sem envio...
Rodou em: 2025-12-04 17:50:04.256449
Novidades já notificadas anteriormente. Sem envio...
Rodou em: 2025-12-04 18:00:05.227645
Novidades já notificadas anteriormente. Sem envio...
Rodou em: 2025-12-04 18:10:05.262640
Novidades já notificadas anteriormente. Sem envio...
Rodou em: 2025-12-04 18:20:03.754969
Novidades já notificadas anteriormente. Sem envio...
Rodou em: 2025-12-04 18:30:05.291544
Novidades já notificadas anteriormente. Sem envio...
Rodou em: 2025-12-04 18:40:05.305810
Novidades já notificadas anteriormente. Sem envio...
Rodou em: 2025-12-04 18:50:04.430147
Novidades já notificadas anteriormente. Sem envio...
Rodou em: 2025-12-04 19:00:04.735911
Novidades já notificadas anteriormente. Sem envio...
Rodou em: 2025-12-04 19:10:05.818060
Novidades já notificadas anteriormente. Sem envio...
Rodou em: 2025-12-04 19:20:04.802902
Novidades já notificadas anteriormente. Sem envio...
Rodou em: 2025-12-04 19:30:06.863368
Novidades já notificadas anteriormente. Sem envio...
Rodou em: 2025-12-04 19:40:03.549961
Novidades já notificadas anteriormente. Sem envio...
Rodou em: 2025-12-04 19:50:04.220352
Novidades já notificadas anteriormente. Sem envio...
Rodou em: 2025-12-04 20:00:04.044269
Novidades já notificadas anteriormente. Sem envio...
Rodou em: 2025-12-04 20:10:05.443377
Novidades já notificadas anteriormente. Sem envio...
Rodou em: 2025-12-04 20:20:04.282224
Novidades já notificadas anteriormente. Sem envio...
Rodou em: 2025-12-04 20:30:04.126783
Novidades já notificadas anteriormente. Sem envio...
Rodou em: 2025-12-04 20:40:03.649251
Novidades já notificadas anteriormente. Sem envio...
Rodou em: 2025-12-04 20:50:04.157295
Novidades já notificadas anteriormente. Sem envio...
Rodou em: 2025-12-04 21:00:04.888893
Novidades já notificadas anteriormente. Sem envio...
Rodou em: 2025-12-04 21:10:05.907305
Novidades já notificadas anteriormente. Sem envio...
Rodou em: 2025-12-04 21:20:04.298298
Novidades já notificadas anteriormente. Sem envio...
Rodou em: 2025-12-04 21:30:04.057650
Novidades já notificadas anteriormente. Sem envio...
Rodou em: 2025-12-04 21:40:04.784037
Novidades já notificadas anteriormente. Sem envio...
Rodou em: 2025-12-04 21:50:05.388436
Novidades já notificadas anteriormente. Sem envio...
Rodou em: 2025-12-04 22:00:04.941457
Novidades já notificadas anteriormente. Sem envio...
Rodou em: 2025-12-04 22:10:04.988388
Novidades já notificadas anteriormente. Sem envio...
Rodou em: 2025-12-04 22:20:04.443499
Novidades já notificadas anteriormente. Sem envio...
Rodou em: 2025-12-04 22:30:04.046607
Novidades já notificadas anteriormente. Sem envio...
Rodou em: 2025-12-04 22:40:04.850838
Novidades já notificadas anteriormente. Sem envio...
Rodou em: 2025-12-04 22:50:03.472692
Novidades já notificadas anteriormente. Sem envio...
Rodou em: 2025-12-04 23:00:04.097561
Novidades já notificadas anteriormente. Sem envio...
Rodou em: 2025-12-04 23:10:06.432073
Novidades já notificadas anteriormente. Sem envio...
Rodou em: 2025-12-04 23:20:03.955104
Novidades já notificadas anteriormente. Sem envio...
Rodou em: 2025-12-04 23:30:05.073298
Novidades já notificadas anteriormente. Sem envio...
Rodou em: 2025-12-04 23:40:04.603853
Novidades já notificadas anteriormente. Sem envio...
Rodou em: 2025-12-04 23:50:03.976034
Novidades já notificadas anteriormente. Sem envio...
Rodou em: 2025-12-05 00:00:05.400749
Novidades já notificadas anteriormente. Sem envio...
Rodou em: 2025-12-05 00:10:06.823574
Novidades já notificadas anteriormente. Sem envio...
Rodou em: 2025-12-05 00:20:04.327657
Novidades já notificadas anteriormente. Sem envio...
Rodou em: 2025-12-05 00:30:03.952400
Novidades já notificadas anteriormente. Sem envio...
Rodou em: 2025-12-05 00:40:06.750603
Novidades já notificadas anteriormente. Sem envio...
Rodou em: 2025-12-05 00:50:04.136630
Novidades já notificadas anteriormente. Sem envio...
Rodou em: 2025-12-05 01:00:05.215029
Novidades já notificadas anteriormente. Sem envio...
Rodou em: 2025-12-05 01:10:05.196299
Novidades já notificadas anteriormente. Sem envio...
Rodou em: 2025-12-05 01:20:03.831590
Novidades já notificadas anteriormente. Sem envio...
Rodou em: 2025-12-05 01:30:04.145527
Novidades já notificadas anteriormente. Sem envio...
Rodou em: 2025-12-05 01:40:05.607771
Novidades já notificadas anteriormente. Sem envio...
Rodou em: 2025-12-05 01:50:04.162839
Novidades já notificadas anteriormente. Sem envio...
Rodou em: 2025-12-05 02:00:04.872728
Novidades já notificadas anteriormente. Sem envio...
Rodou em: 2025-12-05 02:10:04.280426
Novidades já notificadas anteriormente. Sem envio...
Rodou em: 2025-12-05 02:20:03.990805
Novidades já notificadas anteriormente. Sem envio...
Rodou em: 2025-12-05 02:30:05.962520
Novidades já notificadas anteriormente. Sem envio...
Rodou em: 2025-12-05 02:40:04.669056
Novidades já notificadas anteriormente. Sem envio...
Rodou em: 2025-12-05 02:50:05.377637
Novidades já notificadas anteriormente. Sem envio...
Rodou em: 2025-12-05 03:00:05.385381
Novidades já notificadas anteriormente. Sem envio...
Rodou em: 2025-12-05 03:10:06.274950
Novidades já notificadas anteriormente. Sem envio...
Rodou em: 2025-12-05 03:20:07.511825
Novidades já notificadas anteriormente. Sem envio...
Rodou em: 2025-12-05 03:30:04.260785
Novidades já notificadas anteriormente. Sem envio...
Rodou em: 2025-12-05 03:40:05.471073
Novidades já notificadas anteriormente. Sem envio...
Rodou em: 2025-12-05 03:50:04.226687
Novidades já notificadas anteriormente. Sem envio...
Rodou em: 2025-12-05 04:00:05.695602
Novidades já notificadas anteriormente. Sem envio...
Rodou em: 2025-12-05 04:10:04.469385
Novidades já notificadas anteriormente. Sem envio...
Rodou em: 2025-12-05 04:20:06.555557
Novidades já notificadas anteriormente. Sem envio...
Rodou em: 2025-12-05 04:30:05.330578
Novidades já notificadas anteriormente. Sem envio...
Rodou em: 2025-12-05 04:40:05.125790
Novidades já notificadas anteriormente. Sem envio...
Rodou em: 2025-12-05 04:50:04.165661
Novidades já notificadas anteriormente. Sem envio...
Rodou em: 2025-12-05 05:00:04.210805
Novidades já notificadas anteriormente. Sem envio...
Rodou em: 2025-12-05 05:10:04.004703
Novidades já notificadas anteriormente. Sem envio...
Rodou em: 2025-12-05 05:20:03.884222
Novidades já notificadas anteriormente. Sem envio...
Rodou em: 2025-12-05 05:30:03.598322
Novidades já notificadas anteriormente. Sem envio...
Rodou em: 2025-12-05 05:40:06.587561
Novidades já notificadas anteriormente. Sem envio...
Rodou em: 2025-12-05 05:50:04.669759
Novidades já notificadas anteriormente. Sem envio...
Rodou em: 2025-12-05 06:00:04.466512
Novidades já notificadas anteriormente. Sem envio...
Rodou em: 2025-12-05 06:10:04.355299
Novidades já notificadas anteriormente. Sem envio...
Rodou em: 2025-12-05 06:20:04.926021
Novidades já notificadas anteriormente. Sem envio...
Rodou em: 2025-12-05 06:30:03.885415
Novidades já notificadas anteriormente. Sem envio...
Rodou em: 2025-12-05 06:40:04.951543
Novidades já notificadas anteriormente. Sem envio...
Rodou em: 2025-12-05 06:50:03.712059
Novidades já notificadas anteriormente. Sem envio...
Rodou em: 2025-12-05 07:00:04.098815
Novidades já notificadas anteriormente. Sem envio...
Rodou em: 2025-12-05 07:10:04.667959
Novidades já notificadas anteriormente. Sem envio...
Rodou em: 2025-12-05 07:20:04.382393
Novidades já notificadas anteriormente. Sem envio...
Rodou em: 2025-12-05 07:30:03.962517
Novidades já notificadas anteriormente. Sem envio...
Rodou em: 2025-12-05 07:40:06.885089
Novidades já notificadas anteriormente. Sem envio...
Rodou em: 2025-12-05 07:50:03.909089
Novidades já notificadas anteriormente. Sem envio...
Rodou em: 2025-12-05 08:00:05.112964
Novidades já notificadas anteriormente. Sem envio...
Rodou em: 2025-12-05 08:10:04.205396
Novidades já notificadas anteriormente. Sem envio...
Rodou em: 2025-12-05 08:20:04.656086
Novidades já notificadas anteriormente. Sem envio...
Rodou em: 2025-12-05 08:30:13.308463
Novidades já notificadas anteriormente. Sem envio...
Rodou em: 2025-12-05 08:40:05.914658
Novidades já notificadas anteriormente. Sem envio...
Rodou em: 2025-12-05 08:50:05.860093
Novidades já notificadas anteriormente. Sem envio...
Rodou em: 2025-12-05 09:00:06.376978
Novidades já notificadas anteriormente. Sem envio...
Rodou em: 2025-12-05 09:10:05.339188
Novidades já notificadas anteriormente. Sem envio...
Rodou em: 2025-12-05 09:20:05.924242
Novidades já notificadas anteriormente. Sem envio...
Rodou em: 2025-12-05 09:30:07.823821
Novidades já notificadas anteriormente. Sem envio...
Rodou em: 2025-12-05 09:40:06.011829
Novidades já notificadas anteriormente. Sem envio...
Rodou em: 2025-12-05 09:50:03.932853
Novidades já notificadas anteriormente. Sem envio...
Rodou em: 2025-12-05 10:00:05.174817
Novidades já notificadas anteriormente. Sem envio...
Rodou em: 2025-12-05 10:10:11.102288
Novidades já notificadas anteriormente. Sem envio...
Rodou em: 2025-12-05 10:20:04.888198
Novidades já notificadas anteriormente. Sem envio...
Rodou em: 2025-12-05 10:30:05.779852
Novidades já notificadas anteriormente. Sem envio...
Rodou em: 2025-12-05 10:40:05.700002
Novidades já notificadas anteriormente. Sem envio...
Rodou em: 2025-12-05 10:50:04.641109
Novidades já notificadas anteriormente. Sem envio...
Rodou em: 2025-12-05 11:00:04.201382
Novidades já notificadas anteriormente. Sem envio...
Rodou em: 2025-12-05 11:10:06.478306
Novidades já notificadas anteriormente. Sem envio...
Rodou em: 2025-12-05 11:20:05.233926
Novidades já notificadas anteriormente. Sem envio...
Rodou em: 2025-12-05 11:30:05.514510
Novidades já notificadas anteriormente. Sem envio...
Rodou em: 2025-12-05 11:40:04.206213
Novidades já notificadas anteriormente. Sem envio...
Rodou em: 2025-12-05 11:50:05.211377
Novidades já notificadas anteriormente. Sem envio...
Rodou em: 2025-12-05 12:00:05.594481
Novidades já notificadas anteriormente. Sem envio...
Rodou em: 2025-12-05 12:10:04.222395
Novidades já notificadas anteriormente. Sem envio...
Rodou em: 2025-12-05 12:20:06.407529
Novidades já notificadas anteriormente. Sem envio...
Rodou em: 2025-12-05 12:30:04.186237
Novidades já notificadas anteriormente. Sem envio...
Rodou em: 2025-12-05 12:40:04.336861
Novidades já notificadas anteriormente. Sem envio...
Rodou em: 2025-12-05 12:50:05.235280
Novidades já notificadas anteriormente. Sem envio...
Rodou em: 2025-12-05 13:00:05.699696
Novidades já notificadas anteriormente. Sem envio...
Rodou em: 2025-12-05 13:10:04.407515
Novidades já notificadas anteriormente. Sem envio...
Rodou em: 2025-12-05 13:20:06.014336
Novidades já notificadas anteriormente. Sem envio...
Rodou em: 2025-12-05 13:30:09.700853
Novidades já notificadas anteriormente. Sem envio...
Rodou em: 2025-12-05 13:40:05.878849
Novidades já notificadas anteriormente. Sem envio...
Rodou em: 2025-12-05 13:50:07.254962
Novidades já notificadas anteriormente. Sem envio...
Rodou em: 2025-12-05 14:00:05.770224
Novidades já notificadas anteriormente. Sem envio...
Rodou em: 2025-12-05 14:10:05.797746
Novidades já notificadas anteriormente. Sem envio...
Rodou em: 2025-12-05 14:20:04.499919
Novidades já notificadas anteriormente. Sem envio...
Rodou em: 2025-12-05 14:30:04.858811
Novidades já notificadas anteriormente. Sem envio...
Rodou em: 2025-12-05 14:40:05.806552
Novidades já notificadas anteriormente. Sem envio...
Rodou em: 2025-12-05 14:50:04.681015
Novidades já notificadas anteriormente. Sem envio...
Rodou em: 2025-12-05 15:00:05.773042
Novidades já notificadas anteriormente. Sem envio...
Rodou em: 2025-12-05 15:10:05.504560
Novidades já notificadas anteriormente. Sem envio...
Rodou em: 2025-12-05 15:20:12.721731
Novidades já notificadas anteriormente. Sem envio...
Rodou em: 2025-12-05 15:30:04.687868
Novidades já notificadas anteriormente. Sem envio...
Rodou em: 2025-12-05 15:40:03.758578
Novidades já notificadas anteriormente. Sem envio...
Rodou em: 2025-12-05 15:50:05.801683
Novidades já notificadas anteriormente. Sem envio...
Rodou em: 2025-12-05 16:00:05.416761
Novidades já notificadas anteriormente. Sem envio...
Rodou em: 2025-12-05 16:10:06.108280
Novidades já notificadas anteriormente. Sem envio...
Rodou em: 2025-12-05 16:20:07.594598
Novidades já notificadas anteriormente. Sem envio...
Rodou em: 2025-12-05 16:30:04.516635
Novidades já notificadas anteriormente. Sem envio...
Rodou em: 2025-12-05 16:40:14.336348
Novidades já notificadas anteriormente. Sem envio...
Rodou em: 2025-12-05 16:50:06.128361
Novidades já notificadas anteriormente. Sem envio...
Rodou em: 2025-12-05 17:00:04.635576
Novidades já notificadas anteriormente. Sem envio...
Rodou em: 2025-12-05 17:10:04.782004
Novidades já notificadas anteriormente. Sem envio...
Rodou em: 2025-12-05 17:20:04.591435
Novidades já notificadas anteriormente. Sem envio...
Rodou em: 2025-12-05 17:30:04.707366
Novidades já notificadas anteriormente. Sem envio...
Rodou em: 2025-12-05 17:40:08.492120
Novidades já notificadas anteriormente. Sem envio...
Rodou em: 2025-12-05 17:50:05.538906
Novidades já notificadas anteriormente. Sem envio...
Rodou em: 2025-12-05 18:00:05.765346
Novidades já notificadas anteriormente. Sem envio...
Rodou em: 2025-12-05 18:10:10.690196
Novidades já notificadas anteriormente. Sem envio...
Rodou em: 2025-12-05 18:30:05.715216
Novidades já notificadas anteriormente. Sem envio...
Rodou em: 2025-12-05 21:20:06.374326
Novidades já notificadas anteriormente. Sem envio...
Rodou em: 2025-12-05 21:30:04.530533
Novidades já notificadas anteriormente. Sem envio...
Rodou em: 2025-12-05 22:16:16.495870
Novidades já notificadas anteriormente. Sem envio...
Rodou em: 2025-12-06 03:50:05.366854
Novidades já notificadas anteriormente. Sem envio...
Rodou em: 2025-12-06 04:00:03.959585
Novidades já notificadas anteriormente. Sem envio...
Rodou em: 2025-12-06 04:10:04.659308
Novidades já notificadas anteriormente. Sem envio...
Rodou em: 2025-12-06 04:20:04.420061
Novidades já notificadas anteriormente. Sem envio...
Rodou em: 2025-12-06 04:30:03.986687
Novidades já notificadas anteriormente. Sem envio...
Rodou em: 2025-12-06 04:40:03.809825
Novidades já notificadas anteriormente. Sem envio...
Rodou em: 2025-12-06 04:50:06.859696
Novidades já notificadas anteriormente. Sem envio...
Rodou em: 2025-12-06 05:00:04.961517
Novidades já notificadas anteriormente. Sem envio...
Rodou em: 2025-12-06 05:10:03.756130
Novidades já notificadas anteriormente. Sem envio...
Rodou em: 2025-12-06 05:20:04.703722
Novidades já notificadas anteriormente. Sem envio...
Rodou em: 2025-12-06 05:30:04.383415
Novidades já notificadas anteriormente. Sem envio...
Rodou em: 2025-12-06 05:40:03.975831
Novidades já notificadas anteriormente. Sem envio...
Rodou em: 2025-12-06 05:50:05.054448
Novidades já notificadas anteriormente. Sem envio...
Rodou em: 2025-12-06 06:00:03.989322
Novidades já notificadas anteriormente. Sem envio...
Rodou em: 2025-12-06 06:10:04.433466
Novidades já notificadas anteriormente. Sem envio...
Rodou em: 2025-12-06 08:00:13.279322
Novidades já notificadas anteriormente. Sem envio...
Rodou em: 2025-12-06 09:03:55.953264
Novidades já notificadas anteriormente. Sem envio...
Rodou em: 2025-12-06 10:00:38.229265
Novidades já notificadas anteriormente. Sem envio...
Rodou em: 2025-12-06 10:22:42.975033
Novidades já notificadas anteriormente. Sem envio...
Rodou em: 2025-12-06 10:40:05.577541
Novidades já notificadas anteriormente. Sem envio...
Rodou em: 2025-12-06 11:22:17.796958
Novidades já notificadas anteriormente. Sem envio...
Rodou em: 2025-12-06 17:00:30.652734
Novidades já notificadas anteriormente. Sem envio...
Rodou em: 2025-12-06 21:10:07.350339
Novidades já notificadas anteriormente. Sem envio...
Rodou em: 2025-12-06 22:12:41.635637
Novidades já notificadas anteriormente. Sem envio...
Rodou em: 2025-12-07 00:20:06.683934
Novidades já notificadas anteriormente. Sem envio...
Rodou em: 2025-12-07 01:30:04.283821
Novidades já notificadas anteriormente. Sem envio...
Rodou em: 2025-12-07 01:50:03.798137
Novidades já notificadas anteriormente. Sem envio...
Rodou em: 2025-12-07 04:50:05.540316
Novidades já notificadas anteriormente. Sem envio...
Rodou em: 2025-12-07 05:00:04.438845
Novidades já notificadas anteriormente. Sem envio...
Rodou em: 2025-12-07 05:10:03.980120
Novidades já notificadas anteriormente. Sem envio...
Rodou em: 2025-12-07 05:20:03.841525
Novidades já notificadas anteriormente. Sem envio...
Rodou em: 2025-12-07 05:30:04.804117
Novidades já notificadas anteriormente. Sem envio...
Rodou em: 2025-12-07 05:40:05.656821
Novidades já notificadas anteriormente. Sem envio...
Rodou em: 2025-12-07 05:50:05.505901
Novidades já notificadas anteriormente. Sem envio...
Rodou em: 2025-12-07 10:45:09.739103
Novidades já notificadas anteriormente. Sem envio...
Rodou em: 2025-12-07 10:50:04.495343
Novidades já notificadas anteriormente. Sem envio...
Rodou em: 2025-12-07 16:25:06.062588
Novidades já notificadas anteriormente. Sem envio...
Rodou em: 2025-12-07 17:00:12.141810
Novidades já notificadas anteriormente. Sem envio...
Rodou em: 2025-12-07 18:11:14.163030
Novidades já notificadas anteriormente. Sem envio...
Rodou em: 2025-12-07 19:06:16.758390
Novidades já notificadas anteriormente. Sem envio...
Rodou em: 2025-12-07 19:12:31.820736
Novidades já notificadas anteriormente. Sem envio...
Rodou em: 2025-12-07 21:10:06.718667
Novidades já notificadas anteriormente. Sem envio...
Rodou em: 2025-12-08 04:50:05.996597
Novidades já notificadas anteriormente. Sem envio...
Rodou em: 2025-12-08 05:00:03.917720
Novidades já notificadas anteriormente. Sem envio...
Rodou em: 2025-12-08 05:10:03.844829
Novidades já notificadas anteriormente. Sem envio...
Rodou em: 2025-12-08 05:20:04.973375
Novidades já notificadas anteriormente. Sem envio...
Rodou em: 2025-12-08 05:30:03.403324
Novidades já notificadas anteriormente. Sem envio...
Rodou em: 2025-12-08 05:40:04.040314
Novidades já notificadas anteriormente. Sem envio...
Rodou em: 2025-12-08 05:50:05.109533
Novidades já notificadas anteriormente. Sem envio...
Rodou em: 2025-12-08 06:33:38.485572
Novidades já notificadas anteriormente. Sem envio...
Rodou em: 2025-12-08 07:30:14.194478
Novidades já notificadas anteriormente. Sem envio...
Rodou em: 2025-12-08 07:40:04.866553
Novidades já notificadas anteriormente. Sem envio...
Rodou em: 2025-12-08 07:50:03.867259
Novidades já notificadas anteriormente. Sem envio...
Rodou em: 2025-12-08 08:00:10.729840
Novidades já notificadas anteriormente. Sem envio...
Rodou em: 2025-12-08 08:10:09.459367
Novidades já notificadas anteriormente. Sem envio...
Rodou em: 2025-12-08 08:20:04.308376
Novidades já notificadas anteriormente. Sem envio...
Rodou em: 2025-12-08 08:30:05.341770
Novidades já notificadas anteriormente. Sem envio...
Rodou em: 2025-12-08 08:40:05.774919
Novidades já notificadas anteriormente. Sem envio...
Rodou em: 2025-12-08 08:50:05.733988
Novidades já notificadas anteriormente. Sem envio...
Rodou em: 2025-12-08 09:00:04.503291
Novidades já notificadas anteriormente. Sem envio...
Rodou em: 2025-12-08 09:10:04.653255
Novidades já notificadas anteriormente. Sem envio...
Rodou em: 2025-12-08 09:20:14.377918
Novidades já notificadas anteriormente. Sem envio...
Rodou em: 2025-12-08 09:30:05.230640
Novidades já notificadas anteriormente. Sem envio...
Rodou em: 2025-12-08 09:40:04.608469
Novidades já notificadas anteriormente. Sem envio...
Rodou em: 2025-12-08 09:50:04.074117
Novidades já notificadas anteriormente. Sem envio...
Rodou em: 2025-12-08 10:00:07.900734
Novidades já notificadas anteriormente. Sem envio...
Rodou em: 2025-12-08 10:10:11.653458
Novidades já notificadas anteriormente. Sem envio...
Rodou em: 2025-12-08 10:20:06.424705
Novidades já notificadas anteriormente. Sem envio...
Rodou em: 2025-12-08 10:30:07.605276
Novidades já notificadas anteriormente. Sem envio...
Rodou em: 2025-12-08 10:40:04.335919
Novidades já notificadas anteriormente. Sem envio...
Rodou em: 2025-12-08 10:50:06.662500
Novidades já notificadas anteriormente. Sem envio...
Rodou em: 2025-12-08 11:00:10.406067
Novidades já notificadas anteriormente. Sem envio...
Rodou em: 2025-12-08 11:10:09.957235
Novidades já notificadas anteriormente. Sem envio...
Rodou em: 2025-12-08 11:20:05.869372
Novidades já notificadas anteriormente. Sem envio...
Rodou em: 2025-12-08 11:30:07.879809
Novidades já notificadas anteriormente. Sem envio...
Rodou em: 2025-12-08 11:40:04.259727
Novidades já notificadas anteriormente. Sem envio...
Rodou em: 2025-12-08 11:50:07.910278
Novidades já notificadas anteriormente. Sem envio...
Rodou em: 2025-12-08 12:00:05.006843
Novidades já notificadas anteriormente. Sem envio...
Rodou em: 2025-12-08 12:10:06.122380
Novidades já notificadas anteriormente. Sem envio...
Rodou em: 2025-12-08 12:20:06.699182
Novidades já notificadas anteriormente. Sem envio...
Rodou em: 2025-12-08 12:30:04.550148
Novidades já notificadas anteriormente. Sem envio...
Rodou em: 2025-12-08 12:40:03.611859
Novidades já notificadas anteriormente. Sem envio...
Rodou em: 2025-12-08 12:50:06.675094
Novidades já notificadas anteriormente. Sem envio...
Rodou em: 2025-12-08 13:00:06.067268
Novidades já notificadas anteriormente. Sem envio...
Rodou em: 2025-12-08 13:10:03.806029
Novidades já notificadas anteriormente. Sem envio...
Rodou em: 2025-12-08 13:20:05.648315
Novidades já notificadas anteriormente. Sem envio...
Rodou em: 2025-12-08 13:30:05.167198
Novidades já notificadas anteriormente. Sem envio...
Rodou em: 2025-12-08 13:40:13.500399
Novidades já notificadas anteriormente. Sem envio...
Rodou em: 2025-12-08 13:50:04.400546
Novidades já notificadas anteriormente. Sem envio...
Rodou em: 2025-12-08 14:00:06.123995
Novidades já notificadas anteriormente. Sem envio...
Rodou em: 2025-12-08 14:10:05.940665
Novidades já notificadas anteriormente. Sem envio...
Rodou em: 2025-12-08 14:20:04.163103
Novidades já notificadas anteriormente. Sem envio...
Rodou em: 2025-12-08 14:30:04.148122
Novidades já notificadas anteriormente. Sem envio...
Rodou em: 2025-12-08 14:40:03.790730
Novidades já notificadas anteriormente. Sem envio...
Rodou em: 2025-12-08 14:50:06.882276
Novidades já notificadas anteriormente. Sem envio...
Rodou em: 2025-12-08 15:00:07.287373
Novidades já notificadas anteriormente. Sem envio...
Rodou em: 2025-12-08 15:10:09.572404
Novidades já notificadas anteriormente. Sem envio...
Rodou em: 2025-12-08 15:20:03.919230
Novidades já notificadas anteriormente. Sem envio...
Rodou em: 2025-12-08 15:30:03.734215
Novidades já notificadas anteriormente. Sem envio...
Rodou em: 2025-12-08 15:40:04.161605
Novidades já notificadas anteriormente. Sem envio...
Rodou em: 2025-12-08 15:50:05.013812
Novidades já notificadas anteriormente. Sem envio...
Rodou em: 2025-12-08 16:00:07.183727
Novidades já notificadas anteriormente. Sem envio...
Rodou em: 2025-12-08 16:10:05.303232
Novidades já notificadas anteriormente. Sem envio...
Rodou em: 2025-12-08 16:20:05.196873
Novidades já notificadas anteriormente. Sem envio...
Rodou em: 2025-12-08 16:30:06.120632
Novidades já notificadas anteriormente. Sem envio...
Rodou em: 2025-12-08 16:40:05.055082
Novidades já notificadas anteriormente. Sem envio...
Rodou em: 2025-12-08 16:50:04.254978
Novidades já notificadas anteriormente. Sem envio...
Rodou em: 2025-12-08 17:00:05.169300
Novidades já notificadas anteriormente. Sem envio...
Rodou em: 2025-12-08 17:10:05.858447
Novidades já notificadas anteriormente. Sem envio...
Rodou em: 2025-12-08 17:20:03.711835
Novidades já notificadas anteriormente. Sem envio...
Rodou em: 2025-12-08 17:30:07.089180
Novidades já notificadas anteriormente. Sem envio...
Rodou em: 2025-12-08 17:40:03.883141
Novidades já notificadas anteriormente. Sem envio...
Rodou em: 2025-12-08 17:50:03.819041
Novidades já notificadas anteriormente. Sem envio...
Rodou em: 2025-12-08 18:00:04.620752
Novidades já notificadas anteriormente. Sem envio...
Rodou em: 2025-12-08 18:10:04.300463
Novidades já notificadas anteriormente. Sem envio...
Rodou em: 2025-12-08 18:20:03.800437
Novidades já notificadas anteriormente. Sem envio...
Rodou em: 2025-12-08 18:30:05.572208
Novidades já notificadas anteriormente. Sem envio...
Rodou em: 2025-12-08 18:40:05.208671
Novidades já notificadas anteriormente. Sem envio...
Rodou em: 2025-12-08 18:50:04.136674
Novidades já notificadas anteriormente. Sem envio...
Rodou em: 2025-12-08 19:00:05.381428
Novidades já notificadas anteriormente. Sem envio...
Rodou em: 2025-12-08 19:10:04.830591
Novidades já notificadas anteriormente. Sem envio...
Rodou em: 2025-12-08 19:20:05.007937
Novidades já notificadas anteriormente. Sem envio...
Rodou em: 2025-12-08 19:30:05.174925
Novidades já notificadas anteriormente. Sem envio...
Rodou em: 2025-12-08 19:40:04.928361
Novidades já notificadas anteriormente. Sem envio...
Rodou em: 2025-12-08 19:50:03.576966
Novidades já notificadas anteriormente. Sem envio...
Rodou em: 2025-12-08 20:00:05.672954
Novidades já notificadas anteriormente. Sem envio...
Rodou em: 2025-12-08 20:10:05.423156
Novidades já notificadas anteriormente. Sem envio...
Rodou em: 2025-12-08 20:20:10.176544
Novidades já notificadas anteriormente. Sem envio...
Rodou em: 2025-12-08 20:30:06.751310
Novidades já notificadas anteriormente. Sem envio...
Rodou em: 2025-12-08 20:40:04.543855
Novidades já notificadas anteriormente. Sem envio...
Rodou em: 2025-12-08 20:50:05.198120
Novidades já notificadas anteriormente. Sem envio...
Rodou em: 2025-12-08 21:00:06.197818
Novidades já notificadas anteriormente. Sem envio...
Rodou em: 2025-12-08 21:10:03.762379
Novidades já notificadas anteriormente. Sem envio...
Rodou em: 2025-12-08 21:20:04.427928
Novidades já notificadas anteriormente. Sem envio...
Rodou em: 2025-12-08 21:30:05.125794
Novidades já notificadas anteriormente. Sem envio...
Rodou em: 2025-12-08 21:40:04.433587
Novidades já notificadas anteriormente. Sem envio...
Rodou em: 2025-12-08 21:50:05.184575
Novidades já notificadas anteriormente. Sem envio...
Rodou em: 2025-12-08 22:00:03.860275
Novidades já notificadas anteriormente. Sem envio...
Rodou em: 2025-12-08 22:10:04.255811
Novidades já notificadas anteriormente. Sem envio...
Rodou em: 2025-12-08 22:20:03.759078
Novidades já notificadas anteriormente. Sem envio...
Rodou em: 2025-12-08 22:30:05.103535
Novidades já notificadas anteriormente. Sem envio...
Rodou em: 2025-12-08 22:40:03.728543
Novidades já notificadas anteriormente. Sem envio...
Rodou em: 2025-12-08 22:50:04.262126
Novidades já notificadas anteriormente. Sem envio...
Rodou em: 2025-12-08 23:00:03.641884
Novidades já notificadas anteriormente. Sem envio...
Rodou em: 2025-12-08 23:10:04.117965
Novidades já notificadas anteriormente. Sem envio...
Rodou em: 2025-12-08 23:20:03.706684
Novidades já notificadas anteriormente. Sem envio...
Rodou em: 2025-12-08 23:30:05.778832
Novidades já notificadas anteriormente. Sem envio...
Rodou em: 2025-12-08 23:40:03.510087
Novidades já notificadas anteriormente. Sem envio...
Rodou em: 2025-12-08 23:50:05.145673
Novidades já notificadas anteriormente. Sem envio...
Rodou em: 2025-12-09 00:00:06.787380
Novidades já notificadas anteriormente. Sem envio...
Rodou em: 2025-12-09 00:10:04.679707
Novidades já notificadas anteriormente. Sem envio...
Rodou em: 2025-12-09 00:20:05.328199
Novidades já notificadas anteriormente. Sem envio...
Rodou em: 2025-12-09 00:30:04.369128
Novidades já notificadas anteriormente. Sem envio...
Rodou em: 2025-12-09 00:40:04.741575
Novidades já notificadas anteriormente. Sem envio...
Rodou em: 2025-12-09 00:50:04.053549
Novidades já notificadas anteriormente. Sem envio...
Rodou em: 2025-12-09 01:00:06.210435
Novidades já notificadas anteriormente. Sem envio...
Rodou em: 2025-12-09 01:10:03.946973
Novidades já notificadas anteriormente. Sem envio...
Rodou em: 2025-12-09 01:20:04.630167
Novidades já notificadas anteriormente. Sem envio...
Rodou em: 2025-12-09 01:30:05.573080
Novidades já notificadas anteriormente. Sem envio...
Rodou em: 2025-12-09 01:40:05.452365
Novidades já notificadas anteriormente. Sem envio...
Rodou em: 2025-12-09 01:50:04.070750
Novidades já notificadas anteriormente. Sem envio...
Rodou em: 2025-12-09 02:00:05.289602
Novidades já notificadas anteriormente. Sem envio...
Rodou em: 2025-12-09 02:10:05.062730
Novidades já notificadas anteriormente. Sem envio...
Rodou em: 2025-12-09 02:20:05.341346
Novidades já notificadas anteriormente. Sem envio...
Rodou em: 2025-12-09 02:30:06.236993
Novidades já notificadas anteriormente. Sem envio...
Rodou em: 2025-12-09 02:40:04.277342
Novidades já notificadas anteriormente. Sem envio...
Rodou em: 2025-12-09 02:50:03.775793
Novidades já notificadas anteriormente. Sem envio...
Rodou em: 2025-12-09 03:00:06.612737
Novidades já notificadas anteriormente. Sem envio...
Rodou em: 2025-12-09 03:10:05.687764
Novidades já notificadas anteriormente. Sem envio...
Rodou em: 2025-12-09 03:20:05.315602
Novidades já notificadas anteriormente. Sem envio...
Rodou em: 2025-12-09 03:30:05.146462
Novidades já notificadas anteriormente. Sem envio...
Rodou em: 2025-12-09 03:40:03.820208
Novidades já notificadas anteriormente. Sem envio...
Rodou em: 2025-12-09 03:50:05.618943
Novidades já notificadas anteriormente. Sem envio...
Rodou em: 2025-12-09 04:00:05.076028
Novidades já notificadas anteriormente. Sem envio...
Rodou em: 2025-12-09 04:10:05.304316
Novidades já notificadas anteriormente. Sem envio...
Rodou em: 2025-12-09 04:20:03.878873
Novidades já notificadas anteriormente. Sem envio...
Rodou em: 2025-12-09 04:30:08.099950
Novidades já notificadas anteriormente. Sem envio...
Rodou em: 2025-12-09 04:40:04.150048
Novidades já notificadas anteriormente. Sem envio...
Rodou em: 2025-12-09 04:50:03.929113
Novidades já notificadas anteriormente. Sem envio...
Rodou em: 2025-12-09 05:00:04.847755
Novidades já notificadas anteriormente. Sem envio...
Rodou em: 2025-12-09 05:10:03.872693
Novidades já notificadas anteriormente. Sem envio...
Rodou em: 2025-12-09 05:20:05.332594
Novidades já notificadas anteriormente. Sem envio...
Rodou em: 2025-12-09 05:30:06.061992
Novidades já notificadas anteriormente. Sem envio...
Rodou em: 2025-12-09 05:40:03.659387
Novidades já notificadas anteriormente. Sem envio...
Rodou em: 2025-12-09 05:50:04.266656
Novidades já notificadas anteriormente. Sem envio...
Rodou em: 2025-12-09 06:00:05.567266
Novidades já notificadas anteriormente. Sem envio...
Rodou em: 2025-12-09 06:10:04.314007
Novidades já notificadas anteriormente. Sem envio...
Rodou em: 2025-12-09 06:20:04.833290
Novidades já notificadas anteriormente. Sem envio...
Rodou em: 2025-12-09 06:30:04.996097
Novidades já notificadas anteriormente. Sem envio...
Rodou em: 2025-12-09 06:40:03.870744
Novidades já notificadas anteriormente. Sem envio...
Rodou em: 2025-12-09 06:50:03.573685
Novidades já notificadas anteriormente. Sem envio...
Rodou em: 2025-12-09 07:00:06.682722
Novidades já notificadas anteriormente. Sem envio...
Rodou em: 2025-12-09 07:10:04.522821
Novidades já notificadas anteriormente. Sem envio...
Rodou em: 2025-12-09 07:20:04.828242
Novidades já notificadas anteriormente. Sem envio...
Rodou em: 2025-12-09 07:30:05.571063
Novidades já notificadas anteriormente. Sem envio...
Rodou em: 2025-12-09 07:40:04.530426
Novidades já notificadas anteriormente. Sem envio...
Rodou em: 2025-12-09 07:50:04.199865
Novidades já notificadas anteriormente. Sem envio...
Rodou em: 2025-12-09 08:00:50.699505
Novidades já notificadas anteriormente. Sem envio...
Rodou em: 2025-12-09 08:10:07.423591
Novidades já notificadas anteriormente. Sem envio...
Rodou em: 2025-12-09 08:20:04.982407
Novidades já notificadas anteriormente. Sem envio...
Rodou em: 2025-12-09 08:30:08.790985
Novidades já notificadas anteriormente. Sem envio...
Rodou em: 2025-12-09 08:40:04.591336
Novidades já notificadas anteriormente. Sem envio...
Rodou em: 2025-12-09 08:50:06.124147
Novidades já notificadas anteriormente. Sem envio...
Rodou em: 2025-12-09 09:00:06.733924
Novidades já notificadas anteriormente. Sem envio...
Rodou em: 2025-12-09 09:10:04.337867
Novidades já notificadas anteriormente. Sem envio...
Rodou em: 2025-12-09 09:20:09.396688
Novidades já notificadas anteriormente. Sem envio...
Rodou em: 2025-12-09 09:30:05.376507
Novidades já notificadas anteriormente. Sem envio...
Rodou em: 2025-12-09 09:40:06.941274
Novidades já notificadas anteriormente. Sem envio...
Rodou em: 2025-12-09 09:50:06.911664
Novidades já notificadas anteriormente. Sem envio...
Rodou em: 2025-12-09 10:00:04.696199
Novidades já notificadas anteriormente. Sem envio...
Rodou em: 2025-12-09 10:10:08.263697
Novidades já notificadas anteriormente. Sem envio...
Rodou em: 2025-12-09 10:20:04.216681
Novidades já notificadas anteriormente. Sem envio...
Rodou em: 2025-12-09 10:30:06.191250
Novidades já notificadas anteriormente. Sem envio...
Rodou em: 2025-12-09 10:40:04.353343
Novidades já notificadas anteriormente. Sem envio...
Rodou em: 2025-12-09 10:50:04.422545
Novidades já notificadas anteriormente. Sem envio...
Rodou em: 2025-12-09 11:00:14.242017
Novidades já notificadas anteriormente. Sem envio...
Rodou em: 2025-12-09 11:10:05.581891
Novidades já notificadas anteriormente. Sem envio...
Rodou em: 2025-12-09 11:20:08.705514
Novidades já notificadas anteriormente. Sem envio...
Rodou em: 2025-12-09 11:30:06.618947
Novidades já notificadas anteriormente. Sem envio...
Rodou em: 2025-12-09 11:40:04.676392
Novidades já notificadas anteriormente. Sem envio...
Rodou em: 2025-12-09 11:50:05.342805
Novidades já notificadas anteriormente. Sem envio...
Rodou em: 2025-12-09 12:00:04.817318
Novidades já notificadas anteriormente. Sem envio...
Rodou em: 2025-12-09 12:10:07.037071
Novidades já notificadas anteriormente. Sem envio...
Rodou em: 2025-12-09 12:20:05.801130
Novidades já notificadas anteriormente. Sem envio...
Rodou em: 2025-12-09 12:30:04.525316
Novidades já notificadas anteriormente. Sem envio...
Rodou em: 2025-12-09 12:40:04.238059
Novidades já notificadas anteriormente. Sem envio...
Rodou em: 2025-12-09 12:50:03.835096
Novidades já notificadas anteriormente. Sem envio...
Rodou em: 2025-12-09 13:00:05.017861
Novidades já notificadas anteriormente. Sem envio...
Rodou em: 2025-12-09 13:10:04.388968
Novidades já notificadas anteriormente. Sem envio...
Rodou em: 2025-12-09 13:20:05.667306
Novidades já notificadas anteriormente. Sem envio...
Rodou em: 2025-12-09 13:30:04.271314
Novidades já notificadas anteriormente. Sem envio...
Rodou em: 2025-12-09 13:40:04.687660
Novidades já notificadas anteriormente. Sem envio...
Rodou em: 2025-12-09 13:50:06.030410
Novidades já notificadas anteriormente. Sem envio...
Rodou em: 2025-12-09 14:00:05.203872
Novidades já notificadas anteriormente. Sem envio...
Rodou em: 2025-12-09 14:10:06.552619
Novidades já notificadas anteriormente. Sem envio...
Rodou em: 2025-12-09 14:20:06.319904
Novidades já notificadas anteriormente. Sem envio...
Rodou em: 2025-12-09 14:30:11.169262
Novidades já notificadas anteriormente. Sem envio...
Rodou em: 2025-12-09 14:40:04.524475
Novidades já notificadas anteriormente. Sem envio...
Rodou em: 2025-12-09 14:50:11.212161
Novidades já notificadas anteriormente. Sem envio...
Rodou em: 2025-12-09 15:00:04.076596
Novidades já notificadas anteriormente. Sem envio...
Rodou em: 2025-12-09 15:10:04.237025
Novidades já notificadas anteriormente. Sem envio...
Rodou em: 2025-12-09 15:20:04.417432
Novidades já notificadas anteriormente. Sem envio...
Rodou em: 2025-12-09 15:30:04.695451
Novidades já notificadas anteriormente. Sem envio...
Rodou em: 2025-12-09 15:40:12.571369
Novidades já notificadas anteriormente. Sem envio...
Rodou em: 2025-12-09 15:50:09.210635
Novidades já notificadas anteriormente. Sem envio...
Rodou em: 2025-12-09 16:00:10.323568
Novidades já notificadas anteriormente. Sem envio...
Rodou em: 2025-12-09 16:10:05.239139
Novidades já notificadas anteriormente. Sem envio...
Rodou em: 2025-12-09 16:20:09.074952
Novidades já notificadas anteriormente. Sem envio...
Rodou em: 2025-12-09 16:30:05.169348
Novidades já notificadas anteriormente. Sem envio...
Rodou em: 2025-12-09 16:40:04.119342
Novidades já notificadas anteriormente. Sem envio...
Rodou em: 2025-12-09 16:50:03.928759
Novidades já notificadas anteriormente. Sem envio...
Rodou em: 2025-12-09 17:00:15.825990
Novidades já notificadas anteriormente. Sem envio...
Rodou em: 2025-12-09 17:10:05.281901
Novidades já notificadas anteriormente. Sem envio...
Rodou em: 2025-12-09 17:20:04.370908
Novidades já notificadas anteriormente. Sem envio...
Rodou em: 2025-12-09 17:30:04.275648
Novidades já notificadas anteriormente. Sem envio...
Rodou em: 2025-12-09 17:40:04.788296
Novidades já notificadas anteriormente. Sem envio...
Rodou em: 2025-12-09 17:50:04.361228
Novidades já notificadas anteriormente. Sem envio...
Rodou em: 2025-12-09 18:00:03.922581
Novidades já notificadas anteriormente. Sem envio...
Rodou em: 2025-12-09 18:10:05.769200
Novidades já notificadas anteriormente. Sem envio...
Rodou em: 2025-12-09 18:20:04.408621
Novidades já notificadas anteriormente. Sem envio...
Rodou em: 2025-12-09 18:30:04.065738
Novidades já notificadas anteriormente. Sem envio...
Rodou em: 2025-12-09 18:40:04.041610
Novidades já notificadas anteriormente. Sem envio...
Rodou em: 2025-12-09 18:50:04.022994
Novidades já notificadas anteriormente. Sem envio...
Rodou em: 2025-12-09 19:00:04.680500
Novidades já notificadas anteriormente. Sem envio...
Rodou em: 2025-12-09 19:10:10.079490
Novidades já notificadas anteriormente. Sem envio...
Rodou em: 2025-12-09 19:20:05.147955
Novidades já notificadas anteriormente. Sem envio...
Rodou em: 2025-12-09 19:30:03.650719
Novidades já notificadas anteriormente. Sem envio...
Rodou em: 2025-12-09 19:40:03.948126
Novidades já notificadas anteriormente. Sem envio...
Rodou em: 2025-12-09 19:50:03.648758
Novidades já notificadas anteriormente. Sem envio...
Rodou em: 2025-12-09 20:00:04.642920
Novidades já notificadas anteriormente. Sem envio...
Rodou em: 2025-12-09 20:10:06.022386
Novidades já notificadas anteriormente. Sem envio...
Rodou em: 2025-12-09 20:20:04.504065
Novidades já notificadas anteriormente. Sem envio...
Rodou em: 2025-12-09 20:30:04.215769
Novidades já notificadas anteriormente. Sem envio...
Rodou em: 2025-12-09 20:40:06.381513
Novidades já notificadas anteriormente. Sem envio...
Rodou em: 2025-12-09 20:50:04.178700
Novidades já notificadas anteriormente. Sem envio...
Rodou em: 2025-12-09 21:00:04.339688
Novidades já notificadas anteriormente. Sem envio...
Rodou em: 2025-12-09 21:10:05.385971
Novidades já notificadas anteriormente. Sem envio...
Rodou em: 2025-12-09 21:20:04.512849
Novidades já notificadas anteriormente. Sem envio...
Rodou em: 2025-12-09 21:30:04.395538
Novidades já notificadas anteriormente. Sem envio...
Rodou em: 2025-12-09 21:40:04.171233
Novidades já notificadas anteriormente. Sem envio...
Rodou em: 2025-12-09 21:50:03.395096
Novidades já notificadas anteriormente. Sem envio...
Rodou em: 2025-12-09 22:00:03.961502
Novidades já notificadas anteriormente. Sem envio...
Rodou em: 2025-12-09 22:10:05.212856
Novidades já notificadas anteriormente. Sem envio...
Rodou em: 2025-12-09 22:20:03.820819
Novidades já notificadas anteriormente. Sem envio...
Rodou em: 2025-12-09 22:30:04.620990
Novidades já notificadas anteriormente. Sem envio...
Rodou em: 2025-12-09 22:40:04.154397
Novidades já notificadas anteriormente. Sem envio...
Rodou em: 2025-12-09 22:50:04.044079
Novidades já notificadas anteriormente. Sem envio...
Rodou em: 2025-12-09 23:00:05.485407
Novidades já notificadas anteriormente. Sem envio...
Rodou em: 2025-12-09 23:10:05.489598
Novidades já notificadas anteriormente. Sem envio...
Rodou em: 2025-12-09 23:20:04.917460
Novidades já notificadas anteriormente. Sem envio...
Rodou em: 2025-12-09 23:30:05.853881
Novidades já notificadas anteriormente. Sem envio...
Rodou em: 2025-12-09 23:40:06.639776
Novidades já notificadas anteriormente. Sem envio...
Rodou em: 2025-12-09 23:50:04.451139
Novidades já notificadas anteriormente. Sem envio...
Rodou em: 2025-12-10 00:00:06.777545
Novidades já notificadas anteriormente. Sem envio...
Rodou em: 2025-12-10 00:10:05.528489
Novidades já notificadas anteriormente. Sem envio...
Rodou em: 2025-12-10 00:20:05.203546
Novidades já notificadas anteriormente. Sem envio...
Rodou em: 2025-12-10 00:30:04.983570
Novidades já notificadas anteriormente. Sem envio...
Rodou em: 2025-12-10 00:40:03.884548
Novidades já notificadas anteriormente. Sem envio...
Rodou em: 2025-12-10 00:50:04.341221
Novidades já notificadas anteriormente. Sem envio...
Rodou em: 2025-12-10 01:00:05.363627
Novidades já notificadas anteriormente. Sem envio...
Rodou em: 2025-12-10 01:10:05.643734
Novidades já notificadas anteriormente. Sem envio...
Rodou em: 2025-12-10 01:20:04.068826
Novidades já notificadas anteriormente. Sem envio...
Rodou em: 2025-12-10 01:30:03.590013
Novidades já notificadas anteriormente. Sem envio...
Rodou em: 2025-12-10 01:40:05.222815
Novidades já notificadas anteriormente. Sem envio...
Rodou em: 2025-12-10 01:50:03.809348
Novidades já notificadas anteriormente. Sem envio...
Rodou em: 2025-12-10 02:00:06.107817
Novidades já notificadas anteriormente. Sem envio...
Rodou em: 2025-12-10 02:10:05.127369
Novidades já notificadas anteriormente. Sem envio...
Rodou em: 2025-12-10 02:20:04.489714
Novidades já notificadas anteriormente. Sem envio...
Rodou em: 2025-12-10 02:30:04.335370
Novidades já notificadas anteriormente. Sem envio...
Rodou em: 2025-12-10 02:40:04.030934
Novidades já notificadas anteriormente. Sem envio...
Rodou em: 2025-12-10 02:50:04.473520
Novidades já notificadas anteriormente. Sem envio...
Rodou em: 2025-12-10 03:00:05.650767
Novidades já notificadas anteriormente. Sem envio...
Rodou em: 2025-12-10 03:10:04.204728
Novidades já notificadas anteriormente. Sem envio...
Rodou em: 2025-12-10 03:20:05.793819
Novidades já notificadas anteriormente. Sem envio...
Rodou em: 2025-12-10 03:30:05.438605
Novidades já notificadas anteriormente. Sem envio...
Rodou em: 2025-12-10 03:40:05.230734
Novidades já notificadas anteriormente. Sem envio...
Rodou em: 2025-12-10 03:50:03.621046
Novidades já notificadas anteriormente. Sem envio...
Rodou em: 2025-12-10 04:00:03.944841
Novidades já notificadas anteriormente. Sem envio...
Rodou em: 2025-12-10 04:10:04.349713
Novidades já notificadas anteriormente. Sem envio...
Rodou em: 2025-12-10 04:20:03.851496
Novidades já notificadas anteriormente. Sem envio...
Rodou em: 2025-12-10 04:30:04.693921
Novidades já notificadas anteriormente. Sem envio...
Rodou em: 2025-12-10 04:40:05.057070
Novidades já notificadas anteriormente. Sem envio...
Rodou em: 2025-12-10 04:50:03.634510
Novidades já notificadas anteriormente. Sem envio...
Rodou em: 2025-12-10 05:00:04.696119
Novidades já notificadas anteriormente. Sem envio...
Rodou em: 2025-12-10 05:10:06.005218
Novidades já notificadas anteriormente. Sem envio...
Rodou em: 2025-12-10 05:20:03.891115
Novidades já notificadas anteriormente. Sem envio...
Rodou em: 2025-12-10 05:30:04.824345
Novidades já notificadas anteriormente. Sem envio...
Rodou em: 2025-12-10 05:40:05.663400
Novidades já notificadas anteriormente. Sem envio...
Rodou em: 2025-12-10 05:50:04.824408
Novidades já notificadas anteriormente. Sem envio...
Rodou em: 2025-12-10 06:00:04.771189
Novidades já notificadas anteriormente. Sem envio...
Rodou em: 2025-12-10 06:10:04.425141
Novidades já notificadas anteriormente. Sem envio...
Rodou em: 2025-12-10 06:20:04.333808
Novidades já notificadas anteriormente. Sem envio...
Rodou em: 2025-12-10 06:30:05.064979
Novidades já notificadas anteriormente. Sem envio...
Rodou em: 2025-12-10 06:40:06.562631
Novidades já notificadas anteriormente. Sem envio...
Rodou em: 2025-12-10 06:50:04.860659
Novidades já notificadas anteriormente. Sem envio...
Rodou em: 2025-12-10 07:00:04.571174
Novidades já notificadas anteriormente. Sem envio...
Rodou em: 2025-12-10 07:10:05.052161
Novidades já notificadas anteriormente. Sem envio...
Rodou em: 2025-12-10 07:20:03.928123
Novidades já notificadas anteriormente. Sem envio...
Rodou em: 2025-12-10 07:30:07.430709
Novidades já notificadas anteriormente. Sem envio...
Rodou em: 2025-12-10 07:40:04.345738
Novidades já notificadas anteriormente. Sem envio...
Rodou em: 2025-12-10 07:50:05.062933
Novidades já notificadas anteriormente. Sem envio...
Rodou em: 2025-12-10 08:00:11.662470
Novidades já notificadas anteriormente. Sem envio...
Rodou em: 2025-12-10 08:10:05.732965
Novidades já notificadas anteriormente. Sem envio...
Rodou em: 2025-12-10 08:20:05.576785
Novidades já notificadas anteriormente. Sem envio...
Rodou em: 2025-12-10 08:30:05.307764
Novidades já notificadas anteriormente. Sem envio...
Rodou em: 2025-12-10 08:40:04.121244
Novidades já notificadas anteriormente. Sem envio...
Rodou em: 2025-12-10 08:50:10.730255
Novidades já notificadas anteriormente. Sem envio...
Rodou em: 2025-12-10 09:00:05.393164
Novidades já notificadas anteriormente. Sem envio...
Rodou em: 2025-12-10 09:10:03.882758
Novidades já notificadas anteriormente. Sem envio...
Rodou em: 2025-12-10 09:20:03.697520
Novidades já notificadas anteriormente. Sem envio...
Rodou em: 2025-12-10 09:30:09.018107
Novidades já notificadas anteriormente. Sem envio...
Rodou em: 2025-12-10 09:40:05.505934
Novidades já notificadas anteriormente. Sem envio...
Rodou em: 2025-12-10 09:50:03.949595
Novidades já notificadas anteriormente. Sem envio...
Rodou em: 2025-12-10 10:00:05.211551
Novidades já notificadas anteriormente. Sem envio...
Rodou em: 2025-12-10 10:10:08.896308
Novidades já notificadas anteriormente. Sem envio...
Rodou em: 2025-12-10 10:20:05.809641
Novidades já notificadas anteriormente. Sem envio...
Rodou em: 2025-12-10 10:30:18.349433
Novidades já notificadas anteriormente. Sem envio...
Rodou em: 2025-12-10 10:40:06.151673
Novidades já notificadas anteriormente. Sem envio...
Rodou em: 2025-12-10 10:50:07.688852
Novidades já notificadas anteriormente. Sem envio...
Rodou em: 2025-12-10 11:00:04.402144
Novidades já notificadas anteriormente. Sem envio...
Rodou em: 2025-12-10 11:10:04.696307
Novidades já notificadas anteriormente. Sem envio...
Rodou em: 2025-12-10 11:20:05.664776
Novidades já notificadas anteriormente. Sem envio...
Rodou em: 2025-12-10 11:30:06.788673
Novidades já notificadas anteriormente. Sem envio...
Rodou em: 2025-12-10 11:40:05.856783
Novidades já notificadas anteriormente. Sem envio...
Rodou em: 2025-12-10 11:50:06.051618
Novidades já notificadas anteriormente. Sem envio...
Rodou em: 2025-12-10 12:00:12.065010
Novidades já notificadas anteriormente. Sem envio...
Rodou em: 2025-12-10 12:10:05.250379
Novidades já notificadas anteriormente. Sem envio...
Rodou em: 2025-12-10 12:20:04.706714
Novidades já notificadas anteriormente. Sem envio...
Rodou em: 2025-12-10 12:30:04.435907
Novidades já notificadas anteriormente. Sem envio...
Rodou em: 2025-12-10 12:40:03.929201
Novidades já notificadas anteriormente. Sem envio...
Rodou em: 2025-12-10 12:50:05.941756
Novidades já notificadas anteriormente. Sem envio...
Rodou em: 2025-12-10 13:00:06.535620
Novidades já notificadas anteriormente. Sem envio...
Rodou em: 2025-12-10 13:10:04.241211
Novidades já notificadas anteriormente. Sem envio...
Rodou em: 2025-12-10 13:20:06.359595
Novidades já notificadas anteriormente. Sem envio...
Rodou em: 2025-12-10 13:30:04.276289
Novidades já notificadas anteriormente. Sem envio...
Rodou em: 2025-12-10 13:40:04.180257
Novidades já notificadas anteriormente. Sem envio...
Rodou em: 2025-12-10 13:50:04.639826
Novidades já notificadas anteriormente. Sem envio...
Rodou em: 2025-12-10 14:00:04.194419
Novidades já notificadas anteriormente. Sem envio...
Rodou em: 2025-12-10 14:10:04.231301
Novidades já notificadas anteriormente. Sem envio...
Rodou em: 2025-12-10 14:20:05.377591
Novidades já notificadas anteriormente. Sem envio...
Rodou em: 2025-12-10 14:30:05.503510
Novidades já notificadas anteriormente. Sem envio...
Rodou em: 2025-12-10 14:40:04.327796
Novidades já notificadas anteriormente. Sem envio...
Rodou em: 2025-12-10 14:50:04.573916
Novidades já notificadas anteriormente. Sem envio...
Rodou em: 2025-12-10 15:00:05.219035
Novidades já notificadas anteriormente. Sem envio...
Rodou em: 2025-12-10 15:10:04.992038
Novidades já notificadas anteriormente. Sem envio...
Rodou em: 2025-12-10 15:20:04.051522
Novidades já notificadas anteriormente. Sem envio...
Rodou em: 2025-12-10 15:30:06.311214
Novidades já notificadas anteriormente. Sem envio...
Rodou em: 2025-12-10 15:40:03.938676
Novidades já notificadas anteriormente. Sem envio...
Rodou em: 2025-12-10 15:50:05.940039
Novidades já notificadas anteriormente. Sem envio...
Rodou em: 2025-12-10 16:00:05.146052
Novidades já notificadas anteriormente. Sem envio...
Rodou em: 2025-12-10 16:10:05.645610
Novidades já notificadas anteriormente. Sem envio...
Rodou em: 2025-12-10 16:20:04.407595
Novidades já notificadas anteriormente. Sem envio...
Rodou em: 2025-12-10 16:30:04.246799
Novidades já notificadas anteriormente. Sem envio...
Rodou em: 2025-12-10 16:40:03.837259
Novidades já notificadas anteriormente. Sem envio...
Rodou em: 2025-12-10 16:50:04.739166
Novidades já notificadas anteriormente. Sem envio...
Rodou em: 2025-12-10 17:00:07.754016
Novidades já notificadas anteriormente. Sem envio...
Rodou em: 2025-12-10 17:10:05.293565
Novidades já notificadas anteriormente. Sem envio...
Rodou em: 2025-12-10 17:20:04.330223
Novidades já notificadas anteriormente. Sem envio...
Rodou em: 2025-12-10 17:30:04.547184
Novidades já notificadas anteriormente. Sem envio...
Rodou em: 2025-12-10 17:40:05.261722
Novidades já notificadas anteriormente. Sem envio...
Rodou em: 2025-12-10 17:50:05.244633
Novidades já notificadas anteriormente. Sem envio...
Rodou em: 2025-12-10 18:00:06.094199
Novidades já notificadas anteriormente. Sem envio...
Rodou em: 2025-12-10 18:10:03.719645
Novidades já notificadas anteriormente. Sem envio...
Rodou em: 2025-12-10 18:20:04.082256
Novidades já notificadas anteriormente. Sem envio...
Rodou em: 2025-12-10 18:30:05.065128
Novidades já notificadas anteriormente. Sem envio...
Rodou em: 2025-12-10 18:40:04.009936
Novidades já notificadas anteriormente. Sem envio...
Rodou em: 2025-12-10 18:50:03.627265
Novidades já notificadas anteriormente. Sem envio...
Rodou em: 2025-12-10 19:00:04.732586
Novidades já notificadas anteriormente. Sem envio...
Rodou em: 2025-12-10 19:10:04.755592
Novidades já notificadas anteriormente. Sem envio...
Rodou em: 2025-12-10 19:20:05.181061
Novidades já notificadas anteriormente. Sem envio...
Rodou em: 2025-12-10 19:30:03.453788
Novidades já notificadas anteriormente. Sem envio...
Rodou em: 2025-12-10 19:40:04.130518
Novidades já notificadas anteriormente. Sem envio...
Rodou em: 2025-12-10 19:50:03.932768
Novidades já notificadas anteriormente. Sem envio...
Rodou em: 2025-12-10 20:00:03.726038
Novidades já notificadas anteriormente. Sem envio...
Rodou em: 2025-12-10 20:10:04.268628
Novidades já notificadas anteriormente. Sem envio...
Rodou em: 2025-12-10 20:20:05.513511
Novidades já notificadas anteriormente. Sem envio...
Rodou em: 2025-12-10 20:30:04.730987
Novidades já notificadas anteriormente. Sem envio...
Rodou em: 2025-12-10 20:40:04.780607
Novidades já notificadas anteriormente. Sem envio...
Rodou em: 2025-12-10 20:50:03.620214
Novidades já notificadas anteriormente. Sem envio...
Rodou em: 2025-12-10 21:00:04.669819
Novidades já notificadas anteriormente. Sem envio...
Rodou em: 2025-12-10 21:10:08.142549
Novidades já notificadas anteriormente. Sem envio...
Rodou em: 2025-12-10 21:20:04.122904
Novidades já notificadas anteriormente. Sem envio...
Rodou em: 2025-12-10 21:30:05.553835
Novidades já notificadas anteriormente. Sem envio...
Rodou em: 2025-12-10 21:40:04.273417
Novidades já notificadas anteriormente. Sem envio...
Rodou em: 2025-12-10 21:50:04.789359
Novidades já notificadas anteriormente. Sem envio...
Rodou em: 2025-12-10 22:00:04.541915
Novidades já notificadas anteriormente. Sem envio...
Rodou em: 2025-12-10 22:10:04.588831
Novidades já notificadas anteriormente. Sem envio...
Rodou em: 2025-12-10 22:20:05.743746
Novidades já notificadas anteriormente. Sem envio...
Rodou em: 2025-12-10 22:30:04.630126
Novidades já notificadas anteriormente. Sem envio...
Rodou em: 2025-12-10 22:40:03.909405
Novidades já notificadas anteriormente. Sem envio...
Rodou em: 2025-12-10 22:50:03.750791
Novidades já notificadas anteriormente. Sem envio...
Rodou em: 2025-12-10 23:00:04.534767
Novidades já notificadas anteriormente. Sem envio...
Rodou em: 2025-12-10 23:10:04.172810
Novidades já notificadas anteriormente. Sem envio...
Rodou em: 2025-12-10 23:20:05.223183
Novidades já notificadas anteriormente. Sem envio...
Rodou em: 2025-12-10 23:30:04.978015
Novidades já notificadas anteriormente. Sem envio...
Rodou em: 2025-12-10 23:40:03.492179
Novidades já notificadas anteriormente. Sem envio...
Rodou em: 2025-12-10 23:50:05.479294
Novidades já notificadas anteriormente. Sem envio...
Rodou em: 2025-12-11 00:00:07.392144
Novidades já notificadas anteriormente. Sem envio...
Rodou em: 2025-12-11 00:10:04.125117
Novidades já notificadas anteriormente. Sem envio...
Rodou em: 2025-12-11 00:20:04.012691
Novidades já notificadas anteriormente. Sem envio...
Rodou em: 2025-12-11 00:30:04.848725
Novidades já notificadas anteriormente. Sem envio...
Rodou em: 2025-12-11 00:40:04.501461
Novidades já notificadas anteriormente. Sem envio...
Rodou em: 2025-12-11 00:50:06.670027
Novidades já notificadas anteriormente. Sem envio...
Rodou em: 2025-12-11 01:00:04.226892
Novidades já notificadas anteriormente. Sem envio...
Rodou em: 2025-12-11 01:10:05.598728
Novidades já notificadas anteriormente. Sem envio...
Rodou em: 2025-12-11 01:20:05.408554
Novidades já notificadas anteriormente. Sem envio...
Rodou em: 2025-12-11 01:30:05.214139
Novidades já notificadas anteriormente. Sem envio...
Rodou em: 2025-12-11 01:40:05.700497
Novidades já notificadas anteriormente. Sem envio...
Rodou em: 2025-12-11 01:50:04.932849
Novidades já notificadas anteriormente. Sem envio...
Rodou em: 2025-12-11 02:00:06.483950
Novidades já notificadas anteriormente. Sem envio...
Rodou em: 2025-12-11 02:10:04.708162
Novidades já notificadas anteriormente. Sem envio...
Rodou em: 2025-12-11 02:20:06.289757
Novidades já notificadas anteriormente. Sem envio...
Rodou em: 2025-12-11 02:30:03.863213
Novidades já notificadas anteriormente. Sem envio...
Rodou em: 2025-12-11 02:40:04.618347
Novidades já notificadas anteriormente. Sem envio...
Rodou em: 2025-12-11 02:50:04.380043
Novidades já notificadas anteriormente. Sem envio...
Rodou em: 2025-12-11 03:00:06.345455
Novidades já notificadas anteriormente. Sem envio...
Rodou em: 2025-12-11 03:10:04.017127
Novidades já notificadas anteriormente. Sem envio...
Rodou em: 2025-12-11 03:20:06.415504
Novidades já notificadas anteriormente. Sem envio...
Rodou em: 2025-12-11 03:30:05.248527
Novidades já notificadas anteriormente. Sem envio...
Rodou em: 2025-12-11 03:40:05.344809
Novidades já notificadas anteriormente. Sem envio...
Rodou em: 2025-12-11 03:50:04.202330
Novidades já notificadas anteriormente. Sem envio...
Rodou em: 2025-12-11 04:00:04.415814
Novidades já notificadas anteriormente. Sem envio...
Rodou em: 2025-12-11 04:10:06.093989
Novidades já notificadas anteriormente. Sem envio...
Rodou em: 2025-12-11 04:20:06.593995
Novidades já notificadas anteriormente. Sem envio...
Rodou em: 2025-12-11 04:30:05.527647
Novidades já notificadas anteriormente. Sem envio...
Rodou em: 2025-12-11 04:40:05.510942
Novidades já notificadas anteriormente. Sem envio...
Rodou em: 2025-12-11 04:50:05.871495
Novidades já notificadas anteriormente. Sem envio...
Rodou em: 2025-12-11 05:00:03.705838
Novidades já notificadas anteriormente. Sem envio...
Rodou em: 2025-12-11 05:10:05.251741
Novidades já notificadas anteriormente. Sem envio...
Rodou em: 2025-12-11 05:20:05.462466
Novidades já notificadas anteriormente. Sem envio...
Rodou em: 2025-12-11 05:30:04.392975
Novidades já notificadas anteriormente. Sem envio...
Rodou em: 2025-12-11 05:40:05.319665
Novidades já notificadas anteriormente. Sem envio...
Rodou em: 2025-12-11 05:50:07.121695
Novidades já notificadas anteriormente. Sem envio...
Rodou em: 2025-12-11 06:00:04.154156
Novidades já notificadas anteriormente. Sem envio...
Rodou em: 2025-12-11 06:10:06.481948
Novidades já notificadas anteriormente. Sem envio...
Rodou em: 2025-12-11 06:20:04.765615
Novidades já notificadas anteriormente. Sem envio...
Rodou em: 2025-12-11 06:30:04.358960
Novidades já notificadas anteriormente. Sem envio...
Rodou em: 2025-12-11 06:40:04.012241
Novidades já notificadas anteriormente. Sem envio...
Rodou em: 2025-12-11 06:50:06.442056
Novidades já notificadas anteriormente. Sem envio...
Rodou em: 2025-12-11 07:00:06.062759
Novidades já notificadas anteriormente. Sem envio...
Rodou em: 2025-12-11 07:10:11.509492
Novidades já notificadas anteriormente. Sem envio...
Rodou em: 2025-12-11 07:20:05.256729
Novidades já notificadas anteriormente. Sem envio...
Rodou em: 2025-12-11 07:30:04.254660
Novidades já notificadas anteriormente. Sem envio...
Rodou em: 2025-12-11 07:40:04.296824
Novidades já notificadas anteriormente. Sem envio...
Rodou em: 2025-12-11 07:50:06.017643
Novidades já notificadas anteriormente. Sem envio...
Rodou em: 2025-12-11 08:00:11.162264
Novidades já notificadas anteriormente. Sem envio...
Rodou em: 2025-12-11 08:10:05.565894
Novidades já notificadas anteriormente. Sem envio...
Rodou em: 2025-12-11 08:20:05.716865
Novidades já notificadas anteriormente. Sem envio...
Rodou em: 2025-12-11 08:30:04.300798
Novidades já notificadas anteriormente. Sem envio...
Rodou em: 2025-12-11 08:40:04.185426
Novidades já notificadas anteriormente. Sem envio...
Rodou em: 2025-12-11 08:50:05.902668
Novidades já notificadas anteriormente. Sem envio...
Rodou em: 2025-12-11 09:00:06.160693
Novidades já notificadas anteriormente. Sem envio...
Rodou em: 2025-12-11 09:10:09.017789
Novidades já notificadas anteriormente. Sem envio...
Rodou em: 2025-12-11 09:20:05.005407
Novidades já notificadas anteriormente. Sem envio...
Rodou em: 2025-12-11 09:30:06.144136
Novidades já notificadas anteriormente. Sem envio...
Rodou em: 2025-12-11 09:40:17.312561
Novidades já notificadas anteriormente. Sem envio...
Rodou em: 2025-12-11 09:50:08.991927
Novidades já notificadas anteriormente. Sem envio...
Rodou em: 2025-12-11 10:00:06.937446
Novidades já notificadas anteriormente. Sem envio...
Rodou em: 2025-12-11 10:10:04.867935
Novidades já notificadas anteriormente. Sem envio...
Rodou em: 2025-12-11 10:20:06.418924
Novidades já notificadas anteriormente. Sem envio...
Rodou em: 2025-12-11 10:30:09.425285
Novidades já notificadas anteriormente. Sem envio...
Rodou em: 2025-12-11 10:40:06.304062
Novidades já notificadas anteriormente. Sem envio...
Rodou em: 2025-12-11 10:50:04.847342
Novidades já notificadas anteriormente. Sem envio...
Rodou em: 2025-12-11 11:00:07.307082
Novidades já notificadas anteriormente. Sem envio...
Rodou em: 2025-12-11 11:10:07.305989
Novidades já notificadas anteriormente. Sem envio...
Rodou em: 2025-12-11 11:20:04.624396
Novidades já notificadas anteriormente. Sem envio...
Rodou em: 2025-12-11 11:30:05.561067
Novidades já notificadas anteriormente. Sem envio...
Rodou em: 2025-12-11 11:40:11.396519
Novidades já notificadas anteriormente. Sem envio...
Rodou em: 2025-12-11 11:50:05.674770
Novidades já notificadas anteriormente. Sem envio...
Rodou em: 2025-12-11 12:00:05.400111
Novidades já notificadas anteriormente. Sem envio...
Rodou em: 2025-12-11 12:10:05.253015
Novidades já notificadas anteriormente. Sem envio...
Rodou em: 2025-12-11 12:20:04.535053
Novidades já notificadas anteriormente. Sem envio...
Rodou em: 2025-12-11 12:30:04.318557
Novidades já notificadas anteriormente. Sem envio...
Rodou em: 2025-12-11 12:40:05.947798
Novidades já notificadas anteriormente. Sem envio...
Rodou em: 2025-12-11 12:50:06.098417
Novidades já notificadas anteriormente. Sem envio...
Rodou em: 2025-12-11 13:00:04.030636
Novidades já notificadas anteriormente. Sem envio...
Rodou em: 2025-12-11 13:10:04.723536
Novidades já notificadas anteriormente. Sem envio...
Rodou em: 2025-12-11 13:20:04.585195
Novidades já notificadas anteriormente. Sem envio...
Rodou em: 2025-12-11 13:30:04.743700
Novidades já notificadas anteriormente. Sem envio...
Rodou em: 2025-12-11 13:40:06.533347
Novidades já notificadas anteriormente. Sem envio...
Rodou em: 2025-12-11 13:50:04.234466
Novidades já notificadas anteriormente. Sem envio...
Rodou em: 2025-12-11 14:00:07.648506
Novidades já notificadas anteriormente. Sem envio...
Rodou em: 2025-12-11 14:10:06.128094
Novidades já notificadas anteriormente. Sem envio...
Rodou em: 2025-12-11 14:20:04.829275
Novidades já notificadas anteriormente. Sem envio...
Rodou em: 2025-12-11 14:30:05.039809
Novidades já notificadas anteriormente. Sem envio...
Rodou em: 2025-12-11 14:40:05.002354
Novidades já notificadas anteriormente. Sem envio...
Rodou em: 2025-12-11 14:50:06.662165
Novidades já notificadas anteriormente. Sem envio...
Rodou em: 2025-12-11 15:00:04.981448
Novidades já notificadas anteriormente. Sem envio...
Rodou em: 2025-12-11 15:10:05.799948
Novidades já notificadas anteriormente. Sem envio...
Rodou em: 2025-12-11 15:20:09.081301
Novidades já notificadas anteriormente. Sem envio...
Rodou em: 2025-12-11 15:30:06.519878
Novidades já notificadas anteriormente. Sem envio...
Rodou em: 2025-12-11 15:40:05.722010
Novidades já notificadas anteriormente. Sem envio...
Rodou em: 2025-12-11 15:50:40.970247
Novidades já notificadas anteriormente. Sem envio...
Rodou em: 2025-12-11 16:00:05.443915
Novidades já notificadas anteriormente. Sem envio...
Rodou em: 2025-12-11 16:10:05.834668
Novidades já notificadas anteriormente. Sem envio...
Rodou em: 2025-12-11 16:20:07.231672
Novidades já notificadas anteriormente. Sem envio...
Rodou em: 2025-12-11 16:30:06.420791
Novidades já notificadas anteriormente. Sem envio...
Rodou em: 2025-12-11 16:40:19.419293
Novidades já notificadas anteriormente. Sem envio...
Rodou em: 2025-12-11 16:50:18.592390
Novidades já notificadas anteriormente. Sem envio...
Rodou em: 2025-12-11 17:00:13.306612
Novidades já notificadas anteriormente. Sem envio...
Rodou em: 2025-12-11 17:10:06.759704
Novidades já notificadas anteriormente. Sem envio...
Rodou em: 2025-12-11 17:20:05.081588
Novidades já notificadas anteriormente. Sem envio...
Rodou em: 2025-12-11 17:30:04.247083
Novidades já notificadas anteriormente. Sem envio...
Rodou em: 2025-12-11 17:40:06.052751
Novidades já notificadas anteriormente. Sem envio...
Rodou em: 2025-12-11 17:50:07.305931
Novidades já notificadas anteriormente. Sem envio...
Rodou em: 2025-12-11 18:00:05.821954
Novidades já notificadas anteriormente. Sem envio...
Rodou em: 2025-12-11 18:10:06.390040
Novidades já notificadas anteriormente. Sem envio...
Rodou em: 2025-12-11 18:20:05.109047
Novidades já notificadas anteriormente. Sem envio...
Rodou em: 2025-12-11 18:30:06.484722
Novidades já notificadas anteriormente. Sem envio...
Rodou em: 2025-12-11 18:40:05.648996
Novidades já notificadas anteriormente. Sem envio...
Rodou em: 2025-12-11 18:50:04.617698
Novidades já notificadas anteriormente. Sem envio...
Rodou em: 2025-12-11 19:00:04.316141
Novidades já notificadas anteriormente. Sem envio...
Rodou em: 2025-12-11 19:10:05.649717
Novidades já notificadas anteriormente. Sem envio...
Rodou em: 2025-12-11 19:20:03.602373
Novidades já notificadas anteriormente. Sem envio...
Rodou em: 2025-12-11 19:30:04.276353
Novidades já notificadas anteriormente. Sem envio...
Rodou em: 2025-12-11 19:40:04.989050
Novidades já notificadas anteriormente. Sem envio...
Rodou em: 2025-12-11 19:50:04.555846
Novidades já notificadas anteriormente. Sem envio...
Rodou em: 2025-12-11 20:00:04.270982
Novidades já notificadas anteriormente. Sem envio...
Rodou em: 2025-12-11 20:10:05.847082
Novidades já notificadas anteriormente. Sem envio...
Rodou em: 2025-12-11 20:20:03.838932
Novidades já notificadas anteriormente. Sem envio...
Rodou em: 2025-12-11 20:30:06.108066
Novidades já notificadas anteriormente. Sem envio...
Rodou em: 2025-12-11 20:40:03.574959
Novidades já notificadas anteriormente. Sem envio...
Rodou em: 2025-12-11 20:50:04.408766
Novidades já notificadas anteriormente. Sem envio...
Rodou em: 2025-12-11 21:00:04.316727
Novidades já notificadas anteriormente. Sem envio...
Rodou em: 2025-12-11 21:10:05.753559
Novidades já notificadas anteriormente. Sem envio...
Rodou em: 2025-12-11 21:20:05.102611
Novidades já notificadas anteriormente. Sem envio...
Rodou em: 2025-12-11 21:30:06.477588
Novidades já notificadas anteriormente. Sem envio...
Rodou em: 2025-12-11 21:40:04.645867
Novidades já notificadas anteriormente. Sem envio...
Rodou em: 2025-12-11 21:50:05.163517
Novidades já notificadas anteriormente. Sem envio...
Rodou em: 2025-12-11 22:00:04.252461
Novidades já notificadas anteriormente. Sem envio...
Rodou em: 2025-12-11 22:10:06.148567
Novidades já notificadas anteriormente. Sem envio...
Rodou em: 2025-12-11 22:20:04.013728
Novidades já notificadas anteriormente. Sem envio...
Rodou em: 2025-12-11 22:30:03.844996
Novidades já notificadas anteriormente. Sem envio...
Rodou em: 2025-12-12 04:50:06.619779
Novidades já notificadas anteriormente. Sem envio...
Rodou em: 2025-12-12 05:00:04.354468
Novidades já notificadas anteriormente. Sem envio...
Rodou em: 2025-12-12 05:10:04.483614
Novidades já notificadas anteriormente. Sem envio...
Rodou em: 2025-12-12 05:20:04.539520
Novidades já notificadas anteriormente. Sem envio...
Rodou em: 2025-12-12 05:30:04.502249
Novidades já notificadas anteriormente. Sem envio...
Rodou em: 2025-12-12 05:40:04.298322
Novidades já notificadas anteriormente. Sem envio...
Rodou em: 2025-12-12 05:50:04.208988
Novidades já notificadas anteriormente. Sem envio...
Rodou em: 2025-12-12 06:34:16.027555
Novidades já notificadas anteriormente. Sem envio...
Erro ao acessar o site: HTTPSConnectionPool(host='sitepd.org.br', port=443): Max retries exceeded with url: / (Caused by NameResolutionError("<urllib3.connection.HTTPSConnection object at 0x10948e510>: Failed to resolve 'sitepd.org.br' ([Errno 8] nodename nor servname provided, or not known)"))
Rodou em: 2025-12-12 07:33:27.425592
Novidades já notificadas anteriormente. Sem envio...
Rodou em: 2025-12-12 07:40:04.310415
Novidades já notificadas anteriormente. Sem envio...
Rodou em: 2025-12-12 07:50:05.812270
Novidades já notificadas anteriormente. Sem envio...
Rodou em: 2025-12-12 08:00:06.490872
Novidades já notificadas anteriormente. Sem envio...
Rodou em: 2025-12-12 08:11:22.068963
Novidades já notificadas anteriormente. Sem envio...
Rodou em: 2025-12-12 08:20:04.821238
Novidades já notificadas anteriormente. Sem envio...
Rodou em: 2025-12-12 08:30:05.846619
Novidades já notificadas anteriormente. Sem envio...
Rodou em: 2025-12-12 08:40:05.907980
Novidades já notificadas anteriormente. Sem envio...
Rodou em: 2025-12-12 08:50:05.702887
Novidades já notificadas anteriormente. Sem envio...
Rodou em: 2025-12-12 09:00:07.702868
Novidades já notificadas anteriormente. Sem envio...
Rodou em: 2025-12-12 09:10:08.313297
Novidades já notificadas anteriormente. Sem envio...
Rodou em: 2025-12-12 09:20:05.509501
Novidades já notificadas anteriormente. Sem envio...
Rodou em: 2025-12-12 09:30:05.318872
Novidades já notificadas anteriormente. Sem envio...
Rodou em: 2025-12-12 09:40:09.829534
Novidades já notificadas anteriormente. Sem envio...
Rodou em: 2025-12-12 09:50:04.917462
Novidades já notificadas anteriormente. Sem envio...
Rodou em: 2025-12-12 10:00:05.370921
Novidades já notificadas anteriormente. Sem envio...
Rodou em: 2025-12-12 10:10:04.639502
Novidades já notificadas anteriormente. Sem envio...
Rodou em: 2025-12-12 10:20:06.184275
Novidades já notificadas anteriormente. Sem envio...
Rodou em: 2025-12-12 10:30:09.739640
Novidades já notificadas anteriormente. Sem envio...
Rodou em: 2025-12-12 10:40:24.050167
Novidades já notificadas anteriormente. Sem envio...
Rodou em: 2025-12-12 10:50:04.029075
Novidades já notificadas anteriormente. Sem envio...
Rodou em: 2025-12-12 11:00:06.023993
Novidades já notificadas anteriormente. Sem envio...
Rodou em: 2025-12-12 11:10:04.684183
Novidades já notificadas anteriormente. Sem envio...
Rodou em: 2025-12-12 11:20:05.041931
Novidades já notificadas anteriormente. Sem envio...
Rodou em: 2025-12-12 11:30:05.995780
Novidades já notificadas anteriormente. Sem envio...
Rodou em: 2025-12-12 11:40:05.924108
Novidades já notificadas anteriormente. Sem envio...
Rodou em: 2025-12-12 11:50:06.085320
Novidades já notificadas anteriormente. Sem envio...
Rodou em: 2025-12-12 12:00:07.728208
Novidades já notificadas anteriormente. Sem envio...
Rodou em: 2025-12-12 12:10:04.529648
Novidades já notificadas anteriormente. Sem envio...
Rodou em: 2025-12-12 12:20:06.918434
Novidades já notificadas anteriormente. Sem envio...
Rodou em: 2025-12-12 12:30:03.752432
Novidades já notificadas anteriormente. Sem envio...
Rodou em: 2025-12-12 12:40:04.676251
Novidades já notificadas anteriormente. Sem envio...
Rodou em: 2025-12-12 12:50:04.897346
Novidades já notificadas anteriormente. Sem envio...
Rodou em: 2025-12-12 13:00:05.333972
Novidades já notificadas anteriormente. Sem envio...
Rodou em: 2025-12-12 13:10:05.753115
Novidades já notificadas anteriormente. Sem envio...
Rodou em: 2025-12-12 13:20:04.672188
Novidades já notificadas anteriormente. Sem envio...
Rodou em: 2025-12-12 13:30:59.138704
Novidades já notificadas anteriormente. Sem envio...
Rodou em: 2025-12-12 13:40:05.918656
Novidades já notificadas anteriormente. Sem envio...
Rodou em: 2025-12-12 13:50:04.532455
Novidades já notificadas anteriormente. Sem envio...
Rodou em: 2025-12-12 14:00:23.474834
Novidades já notificadas anteriormente. Sem envio...
Rodou em: 2025-12-12 14:10:05.395443
Novidades já notificadas anteriormente. Sem envio...
Rodou em: 2025-12-12 14:20:05.341782
Novidades já notificadas anteriormente. Sem envio...
Rodou em: 2025-12-12 14:30:05.203167
Novidades já notificadas anteriormente. Sem envio...
Rodou em: 2025-12-12 14:40:05.520635
Novidades já notificadas anteriormente. Sem envio...
Rodou em: 2025-12-12 14:50:06.179474
Novidades já notificadas anteriormente. Sem envio...
Rodou em: 2025-12-12 15:00:06.725686
Novidades já notificadas anteriormente. Sem envio...
Rodou em: 2025-12-12 15:10:05.814240
Novidades já notificadas anteriormente. Sem envio...
Rodou em: 2025-12-12 15:20:06.004343
Novidades já notificadas anteriormente. Sem envio...
Rodou em: 2025-12-12 15:30:13.969203
Novidades já notificadas anteriormente. Sem envio...
Rodou em: 2025-12-12 15:43:16.007812
Novidades já notificadas anteriormente. Sem envio...
Rodou em: 2025-12-12 15:50:05.955481
Novidades já notificadas anteriormente. Sem envio...
Rodou em: 2025-12-12 16:00:04.773947
Novidades já notificadas anteriormente. Sem envio...
Rodou em: 2025-12-12 16:10:04.003825
Novidades já notificadas anteriormente. Sem envio...
Rodou em: 2025-12-12 16:20:04.057960
Novidades já notificadas anteriormente. Sem envio...
Rodou em: 2025-12-12 16:30:05.725843
Novidades já notificadas anteriormente. Sem envio...
Rodou em: 2025-12-12 16:40:04.643696
Novidades já notificadas anteriormente. Sem envio...
Rodou em: 2025-12-12 16:50:12.940377
Novidades já notificadas anteriormente. Sem envio...
Rodou em: 2025-12-12 17:00:05.412278
Novidades já notificadas anteriormente. Sem envio...
Rodou em: 2025-12-12 17:10:07.649325
Novidades já notificadas anteriormente. Sem envio...
Rodou em: 2025-12-12 17:20:22.658123
Novidades já notificadas anteriormente. Sem envio...
Rodou em: 2025-12-12 17:30:05.549397
Novidades já notificadas anteriormente. Sem envio...
Rodou em: 2025-12-12 17:40:04.263251
Novidades já notificadas anteriormente. Sem envio...
Rodou em: 2025-12-12 17:50:04.096591
Novidades já notificadas anteriormente. Sem envio...
Rodou em: 2025-12-12 18:00:07.916140
Novidades já notificadas anteriormente. Sem envio...
Rodou em: 2025-12-12 18:10:04.426671
Novidades já notificadas anteriormente. Sem envio...
Rodou em: 2025-12-12 18:20:03.611055
Novidades já notificadas anteriormente. Sem envio...
Rodou em: 2025-12-12 18:30:03.936991
Novidades já notificadas anteriormente. Sem envio...
Rodou em: 2025-12-12 18:40:04.696136
Novidades já notificadas anteriormente. Sem envio...
Rodou em: 2025-12-12 18:50:04.424758
Novidades já notificadas anteriormente. Sem envio...
Rodou em: 2025-12-12 19:00:05.583285
Novidades já notificadas anteriormente. Sem envio...
Rodou em: 2025-12-12 19:10:04.416526
Novidades já notificadas anteriormente. Sem envio...
Rodou em: 2025-12-12 19:20:05.148393
Novidades já notificadas anteriormente. Sem envio...
Rodou em: 2025-12-12 19:30:03.818418
Novidades já notificadas anteriormente. Sem envio...
Rodou em: 2025-12-12 19:40:04.731288
Novidades já notificadas anteriormente. Sem envio...
Rodou em: 2025-12-12 19:50:04.409728
Novidades já notificadas anteriormente. Sem envio...
Rodou em: 2025-12-12 20:00:05.070769
Novidades já notificadas anteriormente. Sem envio...
Erro ao acessar o site: HTTPSConnectionPool(host='sitepd.org.br', port=443): Max retries exceeded with url: / (Caused by NameResolutionError("<urllib3.connection.HTTPSConnection object at 0x1090d2510>: Failed to resolve 'sitepd.org.br' ([Errno 8] nodename nor servname provided, or not known)"))
Rodou em: 2025-12-12 20:20:05.247782
Novidades já notificadas anteriormente. Sem envio...
Rodou em: 2025-12-12 20:30:04.032996
Novidades já notificadas anteriormente. Sem envio...
Rodou em: 2025-12-12 20:40:04.208591
Novidades já notificadas anteriormente. Sem envio...
Rodou em: 2025-12-12 20:50:03.788804
Novidades já notificadas anteriormente. Sem envio...
Rodou em: 2025-12-12 21:00:03.521221
Novidades já notificadas anteriormente. Sem envio...
Rodou em: 2025-12-12 21:10:05.455271
Novidades já notificadas anteriormente. Sem envio...
Rodou em: 2025-12-12 21:20:05.015085
Novidades já notificadas anteriormente. Sem envio...
Rodou em: 2025-12-12 21:30:03.365121
Novidades já notificadas anteriormente. Sem envio...
Rodou em: 2025-12-12 21:40:03.719479
Novidades já notificadas anteriormente. Sem envio...
Rodou em: 2025-12-12 21:50:10.717038
Novidades já notificadas anteriormente. Sem envio...
Rodou em: 2025-12-12 22:00:04.378946
Novidades já notificadas anteriormente. Sem envio...
Rodou em: 2025-12-12 22:10:03.491237
Novidades já notificadas anteriormente. Sem envio...
Rodou em: 2025-12-12 22:20:05.962216
Novidades já notificadas anteriormente. Sem envio...
Rodou em: 2025-12-12 22:30:04.297310
Novidades já notificadas anteriormente. Sem envio...
Rodou em: 2025-12-12 22:40:04.133267
Novidades já notificadas anteriormente. Sem envio...
Rodou em: 2025-12-12 22:50:05.977881
Novidades já notificadas anteriormente. Sem envio...
Rodou em: 2025-12-12 23:00:05.003533
Novidades já notificadas anteriormente. Sem envio...
Rodou em: 2025-12-12 23:10:04.164273
Novidades já notificadas anteriormente. Sem envio...
Erro ao acessar o site: HTTPSConnectionPool(host='sitepd.org.br', port=443): Max retries exceeded with url: / (Caused by NameResolutionError("<urllib3.connection.HTTPSConnection object at 0x10af2e510>: Failed to resolve 'sitepd.org.br' ([Errno 8] nodename nor servname provided, or not known)"))
Rodou em: 2025-12-13 04:50:05.325412
Novidades já notificadas anteriormente. Sem envio...
Rodou em: 2025-12-13 05:00:03.901256
Novidades já notificadas anteriormente. Sem envio...
Rodou em: 2025-12-13 05:10:03.717811
Novidades já notificadas anteriormente. Sem envio...
Rodou em: 2025-12-13 05:20:04.136001
Novidades já notificadas anteriormente. Sem envio...
Rodou em: 2025-12-13 05:30:05.100408
Novidades já notificadas anteriormente. Sem envio...
Rodou em: 2025-12-13 05:40:05.306798
Novidades já notificadas anteriormente. Sem envio...
Rodou em: 2025-12-13 05:50:03.851389
Novidades já notificadas anteriormente. Sem envio...
Rodou em: 2025-12-13 06:00:15.432699
Novidades já notificadas anteriormente. Sem envio...
Rodou em: 2025-12-13 08:00:22.688030
Novidades já notificadas anteriormente. Sem envio...
Rodou em: 2025-12-13 10:10:04.559031
Novidades já notificadas anteriormente. Sem envio...
Rodou em: 2025-12-13 11:07:58.696739
Novidades já notificadas anteriormente. Sem envio...
Rodou em: 2025-12-13 17:00:44.699126
Novidades já notificadas anteriormente. Sem envio...
Rodou em: 2025-12-13 18:10:04.097419
Novidades já notificadas anteriormente. Sem envio...
Rodou em: 2025-12-13 21:20:07.714634
Novidades já notificadas anteriormente. Sem envio...
Rodou em: 2025-12-14 03:51:13.589875
Novidades já notificadas anteriormente. Sem envio...
Rodou em: 2025-12-14 05:20:06.444615
Novidades já notificadas anteriormente. Sem envio...
Rodou em: 2025-12-14 05:30:03.975762
Novidades já notificadas anteriormente. Sem envio...
Rodou em: 2025-12-14 05:40:03.556454
Novidades já notificadas anteriormente. Sem envio...
Rodou em: 2025-12-14 05:50:04.529723
Novidades já notificadas anteriormente. Sem envio...
Rodou em: 2025-12-14 06:00:04.872459
Novidades já notificadas anteriormente. Sem envio...
Rodou em: 2025-12-14 06:10:04.321714
Novidades já notificadas anteriormente. Sem envio...
Rodou em: 2025-12-14 06:20:04.480363
Novidades já notificadas anteriormente. Sem envio...
Rodou em: 2025-12-14 08:21:18.078907
Novidades já notificadas anteriormente. Sem envio...
Rodou em: 2025-12-14 08:31:17.669892
Novidades já notificadas anteriormente. Sem envio...
Erro ao acessar o site: ("Connection broken: ConnectionResetError(54, 'Connection reset by peer')", ConnectionResetError(54, 'Connection reset by peer'))
Rodou em: 2025-12-14 17:00:46.921000
Novidades já notificadas anteriormente. Sem envio...
Erro ao acessar o site: HTTPSConnectionPool(host='sitepd.org.br', port=443): Read timed out. (read timeout=10)
Rodou em: 2025-12-14 18:20:03.671392
Novidades já notificadas anteriormente. Sem envio...
Rodou em: 2025-12-14 20:23:43.796928
Novidades já notificadas anteriormente. Sem envio...
Rodou em: 2025-12-14 21:30:04.803901
Novidades já notificadas anteriormente. Sem envio...
Rodou em: 2025-12-15 04:52:47.966030
Novidades já notificadas anteriormente. Sem envio...
Rodou em: 2025-12-15 05:00:04.162482
Novidades já notificadas anteriormente. Sem envio...
Rodou em: 2025-12-15 05:10:03.834927
Novidades já notificadas anteriormente. Sem envio...
Rodou em: 2025-12-15 05:20:04.189336
Novidades já notificadas anteriormente. Sem envio...
Rodou em: 2025-12-15 05:30:04.579332
Novidades já notificadas anteriormente. Sem envio...
Rodou em: 2025-12-15 05:40:04.020834
Novidades já notificadas anteriormente. Sem envio...
Rodou em: 2025-12-15 05:50:05.702297
Novidades já notificadas anteriormente. Sem envio...
Rodou em: 2025-12-15 06:00:03.598523
Novidades já notificadas anteriormente. Sem envio...
Rodou em: 2025-12-15 07:57:16.779226
Novidades já notificadas anteriormente. Sem envio...
Rodou em: 2025-12-15 08:00:06.276574
Novidades já notificadas anteriormente. Sem envio...
Rodou em: 2025-12-15 08:10:03.861945
Novidades já notificadas anteriormente. Sem envio...
Rodou em: 2025-12-15 08:20:05.136965
Novidades já notificadas anteriormente. Sem envio...
Rodou em: 2025-12-15 08:30:03.739709
Novidades já notificadas anteriormente. Sem envio...
Rodou em: 2025-12-15 08:40:04.144339
Novidades já notificadas anteriormente. Sem envio...
Rodou em: 2025-12-15 08:50:05.133704
Novidades já notificadas anteriormente. Sem envio...
Rodou em: 2025-12-15 09:00:04.247593
Novidades já notificadas anteriormente. Sem envio...
Rodou em: 2025-12-15 09:10:04.531850
Novidades já notificadas anteriormente. Sem envio...
Rodou em: 2025-12-15 09:20:06.220608
Novidades já notificadas anteriormente. Sem envio...
Rodou em: 2025-12-15 09:30:04.249410
Novidades já notificadas anteriormente. Sem envio...
Rodou em: 2025-12-15 09:40:03.957424
Novidades já notificadas anteriormente. Sem envio...
Rodou em: 2025-12-15 09:50:04.238201
Novidades já notificadas anteriormente. Sem envio...
Rodou em: 2025-12-15 10:00:04.262655
Novidades já notificadas anteriormente. Sem envio...
Rodou em: 2025-12-15 10:10:03.653778
Novidades já notificadas anteriormente. Sem envio...
Rodou em: 2025-12-15 10:20:07.294964
Novidades já notificadas anteriormente. Sem envio...
Rodou em: 2025-12-15 10:30:05.616784
Novidades já notificadas anteriormente. Sem envio...
Erro ao acessar o site: HTTPSConnectionPool(host='sitepd.org.br', port=443): Max retries exceeded with url: / (Caused by NameResolutionError("<urllib3.connection.HTTPSConnection object at 0x10aa5e510>: Failed to resolve 'sitepd.org.br' ([Errno 8] nodename nor servname provided, or not known)"))
Rodou em: 2025-12-15 10:50:04.718346
Novidades já notificadas anteriormente. Sem envio...
Rodou em: 2025-12-15 11:00:05.958906
Novidades já notificadas anteriormente. Sem envio...
Rodou em: 2025-12-15 11:10:04.454607
Novidades já notificadas anteriormente. Sem envio...
Rodou em: 2025-12-15 11:20:05.019505
Novidades já notificadas anteriormente. Sem envio...
Rodou em: 2025-12-15 11:30:04.368171
Novidades já notificadas anteriormente. Sem envio...
Rodou em: 2025-12-15 11:40:04.193825
Novidades já notificadas anteriormente. Sem envio...
Rodou em: 2025-12-15 11:50:04.071218
Novidades já notificadas anteriormente. Sem envio...
Rodou em: 2025-12-15 12:00:05.530857
Novidades já notificadas anteriormente. Sem envio...
Rodou em: 2025-12-15 12:10:05.510854
Novidades já notificadas anteriormente. Sem envio...
Rodou em: 2025-12-15 12:20:04.424198
Novidades já notificadas anteriormente. Sem envio...
Rodou em: 2025-12-15 12:30:05.369998
Novidades já notificadas anteriormente. Sem envio...
Rodou em: 2025-12-15 12:40:04.223139
Novidades já notificadas anteriormente. Sem envio...
Rodou em: 2025-12-15 12:50:05.195708
Novidades já notificadas anteriormente. Sem envio...
Rodou em: 2025-12-15 13:00:04.106208
Novidades já notificadas anteriormente. Sem envio...
Rodou em: 2025-12-15 13:10:03.595661
Novidades já notificadas anteriormente. Sem envio...
Rodou em: 2025-12-15 13:20:05.503785
Novidades já notificadas anteriormente. Sem envio...
Rodou em: 2025-12-15 13:30:04.249974
Novidades já notificadas anteriormente. Sem envio...
Rodou em: 2025-12-15 13:40:04.680308
Novidades já notificadas anteriormente. Sem envio...
Rodou em: 2025-12-15 13:50:04.921678
Novidades já notificadas anteriormente. Sem envio...
Rodou em: 2025-12-15 14:00:05.394506
Novidades já notificadas anteriormente. Sem envio...
Rodou em: 2025-12-15 14:10:03.876618
Novidades já notificadas anteriormente. Sem envio...
Rodou em: 2025-12-15 14:20:04.220518
Novidades já notificadas anteriormente. Sem envio...
Rodou em: 2025-12-15 14:30:06.498786
Novidades já notificadas anteriormente. Sem envio...
Rodou em: 2025-12-15 14:40:03.550682
Novidades já notificadas anteriormente. Sem envio...
Rodou em: 2025-12-15 14:50:06.160693
Novidades já notificadas anteriormente. Sem envio...
Rodou em: 2025-12-15 15:00:06.847983
Novidades já notificadas anteriormente. Sem envio...
Rodou em: 2025-12-15 15:10:06.461215
Novidades já notificadas anteriormente. Sem envio...
Rodou em: 2025-12-15 15:20:05.307197
Novidades já notificadas anteriormente. Sem envio...
Rodou em: 2025-12-15 15:30:05.475138
Novidades já notificadas anteriormente. Sem envio...
Rodou em: 2025-12-15 15:40:04.352309
Novidades já notificadas anteriormente. Sem envio...
Rodou em: 2025-12-15 15:50:03.724506
Novidades já notificadas anteriormente. Sem envio...
Rodou em: 2025-12-15 16:00:04.213084
Novidades já notificadas anteriormente. Sem envio...
Rodou em: 2025-12-15 16:10:05.714500
Novidades já notificadas anteriormente. Sem envio...
Rodou em: 2025-12-15 16:20:03.911247
Novidades já notificadas anteriormente. Sem envio...
Rodou em: 2025-12-15 16:30:04.536017
Novidades já notificadas anteriormente. Sem envio...
Rodou em: 2025-12-15 16:40:06.273336
Novidades já notificadas anteriormente. Sem envio...
Rodou em: 2025-12-15 16:50:05.888300
Novidades já notificadas anteriormente. Sem envio...
Rodou em: 2025-12-15 17:00:13.304958
Novidades já notificadas anteriormente. Sem envio...
Rodou em: 2025-12-15 17:10:04.348344
Novidades já notificadas anteriormente. Sem envio...
Rodou em: 2025-12-15 17:20:04.267661
Novidades já notificadas anteriormente. Sem envio...
Rodou em: 2025-12-15 17:30:03.906918
Novidades já notificadas anteriormente. Sem envio...
Rodou em: 2025-12-15 17:40:03.832958
Novidades já notificadas anteriormente. Sem envio...
Rodou em: 2025-12-15 17:50:06.384474
Novidades já notificadas anteriormente. Sem envio...
Rodou em: 2025-12-15 18:00:04.318063
Novidades já notificadas anteriormente. Sem envio...
Rodou em: 2025-12-15 18:10:04.129338
Novidades já notificadas anteriormente. Sem envio...
Rodou em: 2025-12-15 18:20:03.731944
Novidades já notificadas anteriormente. Sem envio...
Rodou em: 2025-12-15 18:30:04.391859
Novidades já notificadas anteriormente. Sem envio...
Rodou em: 2025-12-15 18:40:08.498806
Novidades já notificadas anteriormente. Sem envio...
Rodou em: 2025-12-15 18:50:04.423267
Novidades já notificadas anteriormente. Sem envio...
Rodou em: 2025-12-15 19:00:04.358172
Novidades já notificadas anteriormente. Sem envio...
Rodou em: 2025-12-15 19:10:05.284038
Novidades já notificadas anteriormente. Sem envio...
Rodou em: 2025-12-15 19:20:04.068799
Novidades já notificadas anteriormente. Sem envio...
Rodou em: 2025-12-15 19:30:03.550658
Novidades já notificadas anteriormente. Sem envio...
Rodou em: 2025-12-15 19:40:05.719878
Novidades já notificadas anteriormente. Sem envio...
Rodou em: 2025-12-15 19:50:06.526666
Novidades já notificadas anteriormente. Sem envio...
Rodou em: 2025-12-15 20:00:04.507928
Novidades já notificadas anteriormente. Sem envio...
Rodou em: 2025-12-15 20:10:05.114425
Novidades já notificadas anteriormente. Sem envio...
Rodou em: 2025-12-15 20:20:04.092648
Novidades já notificadas anteriormente. Sem envio...
Rodou em: 2025-12-15 20:30:04.153128
Novidades já notificadas anteriormente. Sem envio...
Rodou em: 2025-12-15 20:40:05.109296
Novidades já notificadas anteriormente. Sem envio...
Rodou em: 2025-12-15 20:50:04.661353
Novidades já notificadas anteriormente. Sem envio...
Rodou em: 2025-12-15 21:00:04.966405
Novidades já notificadas anteriormente. Sem envio...
Rodou em: 2025-12-15 21:10:05.862319
Novidades já notificadas anteriormente. Sem envio...
Rodou em: 2025-12-15 21:20:04.199396
Novidades já notificadas anteriormente. Sem envio...
Rodou em: 2025-12-15 21:30:05.043661
Novidades já notificadas anteriormente. Sem envio...
Rodou em: 2025-12-15 21:40:04.665430
Novidades já notificadas anteriormente. Sem envio...
Rodou em: 2025-12-15 21:50:04.411901
Novidades já notificadas anteriormente. Sem envio...
Rodou em: 2025-12-15 22:00:03.816953
Novidades já notificadas anteriormente. Sem envio...
Rodou em: 2025-12-15 22:10:04.555277
Novidades já notificadas anteriormente. Sem envio...
Rodou em: 2025-12-15 22:20:04.237596
Novidades já notificadas anteriormente. Sem envio...
Rodou em: 2025-12-15 22:30:06.429558
Novidades já notificadas anteriormente. Sem envio...
Rodou em: 2025-12-15 22:40:04.241850
Novidades já notificadas anteriormente. Sem envio...
Rodou em: 2025-12-15 22:50:04.948987
Novidades já notificadas anteriormente. Sem envio...
Rodou em: 2025-12-15 23:00:03.550411
Novidades já notificadas anteriormente. Sem envio...
Rodou em: 2025-12-15 23:10:04.513303
Novidades já notificadas anteriormente. Sem envio...
Rodou em: 2025-12-15 23:20:05.455564
Novidades já notificadas anteriormente. Sem envio...
Rodou em: 2025-12-15 23:30:05.071362
Novidades já notificadas anteriormente. Sem envio...
Rodou em: 2025-12-15 23:40:05.149953
Novidades já notificadas anteriormente. Sem envio...
Rodou em: 2025-12-15 23:50:05.234730
Novidades já notificadas anteriormente. Sem envio...
Rodou em: 2025-12-16 00:00:06.344266
Novidades já notificadas anteriormente. Sem envio...
Rodou em: 2025-12-16 00:10:04.433325
Novidades já notificadas anteriormente. Sem envio...
Rodou em: 2025-12-16 00:20:06.231752
Novidades já notificadas anteriormente. Sem envio...
Rodou em: 2025-12-16 00:30:03.956092
Novidades já notificadas anteriormente. Sem envio...
Rodou em: 2025-12-16 00:40:03.872842
Novidades já notificadas anteriormente. Sem envio...
Rodou em: 2025-12-16 00:50:05.454039
Novidades já notificadas anteriormente. Sem envio...
Rodou em: 2025-12-16 01:00:06.068821
Novidades já notificadas anteriormente. Sem envio...
Rodou em: 2025-12-16 01:10:04.024178
Novidades já notificadas anteriormente. Sem envio...
Rodou em: 2025-12-16 01:20:04.435489
Novidades já notificadas anteriormente. Sem envio...
Rodou em: 2025-12-16 01:30:04.096518
Novidades já notificadas anteriormente. Sem envio...
Rodou em: 2025-12-16 01:40:04.107295
Novidades já notificadas anteriormente. Sem envio...
Rodou em: 2025-12-16 01:50:04.693726
Novidades já notificadas anteriormente. Sem envio...
Rodou em: 2025-12-16 02:00:05.195883
Novidades já notificadas anteriormente. Sem envio...
Rodou em: 2025-12-16 02:10:03.850125
Novidades já notificadas anteriormente. Sem envio...
Rodou em: 2025-12-16 02:20:03.751559
Novidades já notificadas anteriormente. Sem envio...
Rodou em: 2025-12-16 02:30:05.302445
Novidades já notificadas anteriormente. Sem envio...
Rodou em: 2025-12-16 02:40:04.875463
Novidades já notificadas anteriormente. Sem envio...
Rodou em: 2025-12-16 02:50:04.375724
Novidades já notificadas anteriormente. Sem envio...
Rodou em: 2025-12-16 03:00:03.919650
Novidades já notificadas anteriormente. Sem envio...
Rodou em: 2025-12-16 03:10:06.399608
Novidades já notificadas anteriormente. Sem envio...
Rodou em: 2025-12-16 03:20:04.019856
Novidades já notificadas anteriormente. Sem envio...
Rodou em: 2025-12-16 03:30:03.372560
Novidades já notificadas anteriormente. Sem envio...
Rodou em: 2025-12-16 03:40:03.945938
Novidades já notificadas anteriormente. Sem envio...
Rodou em: 2025-12-16 03:50:03.583445
Novidades já notificadas anteriormente. Sem envio...
Rodou em: 2025-12-16 04:00:04.002012
Novidades já notificadas anteriormente. Sem envio...
Rodou em: 2025-12-16 04:10:04.517792
Novidades já notificadas anteriormente. Sem envio...
Rodou em: 2025-12-16 04:20:04.592963
Novidades já notificadas anteriormente. Sem envio...
Rodou em: 2025-12-16 04:30:05.436393
Novidades já notificadas anteriormente. Sem envio...
Rodou em: 2025-12-16 04:40:05.806402
Novidades já notificadas anteriormente. Sem envio...
Rodou em: 2025-12-16 04:50:04.553377
Novidades já notificadas anteriormente. Sem envio...
Rodou em: 2025-12-16 05:00:05.729490
Novidades já notificadas anteriormente. Sem envio...
Rodou em: 2025-12-16 05:10:05.205750
Novidades já notificadas anteriormente. Sem envio...
Rodou em: 2025-12-16 05:20:03.905478
Novidades já notificadas anteriormente. Sem envio...
Rodou em: 2025-12-16 05:30:04.768892
Novidades já notificadas anteriormente. Sem envio...
Rodou em: 2025-12-16 05:40:07.454362
Novidades já notificadas anteriormente. Sem envio...
Rodou em: 2025-12-16 05:50:03.952315
Novidades já notificadas anteriormente. Sem envio...
Rodou em: 2025-12-16 06:00:03.870100
Novidades já notificadas anteriormente. Sem envio...
Rodou em: 2025-12-16 06:10:03.896064
Novidades já notificadas anteriormente. Sem envio...
Rodou em: 2025-12-16 06:20:06.678957
Novidades já notificadas anteriormente. Sem envio...
Rodou em: 2025-12-16 06:30:04.409093
Novidades já notificadas anteriormente. Sem envio...
Rodou em: 2025-12-16 06:40:05.152311
Novidades já notificadas anteriormente. Sem envio...
Rodou em: 2025-12-16 06:50:04.624570
Novidades já notificadas anteriormente. Sem envio...
Rodou em: 2025-12-16 07:00:05.677095
Novidades já notificadas anteriormente. Sem envio...
Rodou em: 2025-12-16 07:10:05.608525
Novidades já notificadas anteriormente. Sem envio...
Rodou em: 2025-12-16 07:20:03.808461
Novidades já notificadas anteriormente. Sem envio...
Rodou em: 2025-12-16 07:30:05.377106
Novidades já notificadas anteriormente. Sem envio...
Rodou em: 2025-12-16 07:40:07.266742
Novidades já notificadas anteriormente. Sem envio...
Rodou em: 2025-12-16 07:50:04.830302
Novidades já notificadas anteriormente. Sem envio...
Rodou em: 2025-12-16 08:00:06.942530
Novidades já notificadas anteriormente. Sem envio...
Rodou em: 2025-12-16 08:10:04.917087
Novidades já notificadas anteriormente. Sem envio...
Rodou em: 2025-12-16 08:20:04.585125
Novidades já notificadas anteriormente. Sem envio...
Rodou em: 2025-12-16 08:30:05.600217
Novidades já notificadas anteriormente. Sem envio...
Rodou em: 2025-12-16 08:40:04.336703
Novidades já notificadas anteriormente. Sem envio...
Rodou em: 2025-12-16 08:50:06.252419
Novidades já notificadas anteriormente. Sem envio...
Rodou em: 2025-12-16 09:00:04.642642
Novidades já notificadas anteriormente. Sem envio...
Rodou em: 2025-12-16 09:10:13.204938
Novidades já notificadas anteriormente. Sem envio...
Rodou em: 2025-12-16 09:20:04.825224
Novidades já notificadas anteriormente. Sem envio...
Rodou em: 2025-12-16 09:30:05.078446
Novidades já notificadas anteriormente. Sem envio...
Rodou em: 2025-12-16 09:40:05.384137
Novidades já notificadas anteriormente. Sem envio...
Rodou em: 2025-12-16 09:50:04.061395
Novidades já notificadas anteriormente. Sem envio...
Rodou em: 2025-12-16 10:00:05.852189
Novidades já notificadas anteriormente. Sem envio...
Rodou em: 2025-12-16 10:10:03.920576
Novidades já notificadas anteriormente. Sem envio...
Rodou em: 2025-12-16 10:20:05.891471
Novidades já notificadas anteriormente. Sem envio...
Rodou em: 2025-12-16 10:30:04.948292
Novidades já notificadas anteriormente. Sem envio...
Rodou em: 2025-12-16 10:40:04.195603
Novidades já notificadas anteriormente. Sem envio...
Rodou em: 2025-12-16 10:50:06.872160
Novidades já notificadas anteriormente. Sem envio...
Rodou em: 2025-12-16 11:00:05.576062
Novidades já notificadas anteriormente. Sem envio...
Rodou em: 2025-12-16 11:10:05.930545
Novidades já notificadas anteriormente. Sem envio...
Rodou em: 2025-12-16 11:20:04.109161
Novidades já notificadas anteriormente. Sem envio...
Rodou em: 2025-12-16 11:30:05.594328
Novidades já notificadas anteriormente. Sem envio...
Rodou em: 2025-12-16 11:40:07.586033
Novidades já notificadas anteriormente. Sem envio...
Rodou em: 2025-12-16 11:50:05.816154
Novidades já notificadas anteriormente. Sem envio...
Rodou em: 2025-12-16 12:00:03.900678
Novidades já notificadas anteriormente. Sem envio...
Rodou em: 2025-12-16 12:10:06.242444
Novidades já notificadas anteriormente. Sem envio...
Rodou em: 2025-12-16 12:20:29.421099
Novidades já notificadas anteriormente. Sem envio...
Rodou em: 2025-12-16 12:30:06.170280
Novidades já notificadas anteriormente. Sem envio...
Rodou em: 2025-12-16 12:40:05.363167
Novidades já notificadas anteriormente. Sem envio...
Rodou em: 2025-12-16 12:50:04.224587
Novidades já notificadas anteriormente. Sem envio...
Rodou em: 2025-12-16 13:00:04.665135
Novidades já notificadas anteriormente. Sem envio...
Rodou em: 2025-12-16 13:10:03.940619
Novidades já notificadas anteriormente. Sem envio...
Rodou em: 2025-12-16 13:20:04.309798
Novidades já notificadas anteriormente. Sem envio...
Rodou em: 2025-12-16 13:30:07.744529
Novidades já notificadas anteriormente. Sem envio...
Rodou em: 2025-12-16 13:40:04.751795
Novidades já notificadas anteriormente. Sem envio...
Rodou em: 2025-12-16 13:50:04.438140
Novidades já notificadas anteriormente. Sem envio...
Rodou em: 2025-12-16 14:00:06.326226
Novidades já notificadas anteriormente. Sem envio...
Rodou em: 2025-12-16 14:10:05.781479
Novidades já notificadas anteriormente. Sem envio...
Rodou em: 2025-12-16 14:20:05.400169
Novidades já notificadas anteriormente. Sem envio...
Rodou em: 2025-12-16 14:30:05.004305
Novidades já notificadas anteriormente. Sem envio...
Rodou em: 2025-12-16 14:40:04.888278
Novidades já notificadas anteriormente. Sem envio...
Rodou em: 2025-12-16 14:50:06.366762
Novidades já notificadas anteriormente. Sem envio...
Rodou em: 2025-12-16 15:00:04.742459
Novidades já notificadas anteriormente. Sem envio...
Rodou em: 2025-12-16 15:10:07.211277
Novidades já notificadas anteriormente. Sem envio...
Rodou em: 2025-12-16 15:20:04.507168
Novidades já notificadas anteriormente. Sem envio...
Rodou em: 2025-12-16 15:30:06.048426
Novidades já notificadas anteriormente. Sem envio...
Rodou em: 2025-12-16 15:40:05.073553
Novidades já notificadas anteriormente. Sem envio...
Rodou em: 2025-12-16 15:50:05.638363
Novidades já notificadas anteriormente. Sem envio...
Rodou em: 2025-12-16 16:00:05.944151
Novidades já notificadas anteriormente. Sem envio...
Erro ao acessar o site: HTTPSConnectionPool(host='sitepd.org.br', port=443): Read timed out. (read timeout=10)
Rodou em: 2025-12-16 16:20:04.732117
Novidades já notificadas anteriormente. Sem envio...
Rodou em: 2025-12-16 16:30:04.507590
Novidades já notificadas anteriormente. Sem envio...
Rodou em: 2025-12-16 16:40:10.323845
Novidades já notificadas anteriormente. Sem envio...
Rodou em: 2025-12-16 16:50:04.567795
Novidades já notificadas anteriormente. Sem envio...
Rodou em: 2025-12-16 17:00:05.327352
Novidades já notificadas anteriormente. Sem envio...
Rodou em: 2025-12-16 17:10:05.025377
Novidades já notificadas anteriormente. Sem envio...
Rodou em: 2025-12-16 17:20:04.713723
Novidades já notificadas anteriormente. Sem envio...
Rodou em: 2025-12-16 17:30:04.125774
Novidades já notificadas anteriormente. Sem envio...
Rodou em: 2025-12-16 18:30:09.008199
Novidades já notificadas anteriormente. Sem envio...
Rodou em: 2025-12-16 18:40:04.234036
Novidades já notificadas anteriormente. Sem envio...
Rodou em: 2025-12-16 18:50:04.146778
Novidades já notificadas anteriormente. Sem envio...
Rodou em: 2025-12-16 19:00:05.581261
Novidades já notificadas anteriormente. Sem envio...
Rodou em: 2025-12-16 21:40:09.468267
Novidades já notificadas anteriormente. Sem envio...
Rodou em: 2025-12-16 21:50:04.790988
Novidades já notificadas anteriormente. Sem envio...
Rodou em: 2025-12-16 22:00:05.464533
Novidades já notificadas anteriormente. Sem envio...
Rodou em: 2025-12-16 22:10:04.684095
Novidades já notificadas anteriormente. Sem envio...
Rodou em: 2025-12-16 22:20:04.322336
Novidades já notificadas anteriormente. Sem envio...
Rodou em: 2025-12-16 22:30:05.667309
Novidades já notificadas anteriormente. Sem envio...
Rodou em: 2025-12-16 22:40:06.130689
Novidades já notificadas anteriormente. Sem envio...
Rodou em: 2025-12-17 04:57:36.636366
Novidades já notificadas anteriormente. Sem envio...
Rodou em: 2025-12-17 05:00:03.773224
Novidades já notificadas anteriormente. Sem envio...
Rodou em: 2025-12-17 05:10:05.050787
Novidades já notificadas anteriormente. Sem envio...
Rodou em: 2025-12-17 05:20:04.301069
Novidades já notificadas anteriormente. Sem envio...
Rodou em: 2025-12-17 05:30:04.465270
Novidades já notificadas anteriormente. Sem envio...
Rodou em: 2025-12-17 05:40:05.185386
Novidades já notificadas anteriormente. Sem envio...
Rodou em: 2025-12-17 05:50:04.968357
Novidades já notificadas anteriormente. Sem envio...
Rodou em: 2025-12-17 06:00:04.894438
Novidades já notificadas anteriormente. Sem envio...
Rodou em: 2025-12-17 07:31:03.315575
Novidades já notificadas anteriormente. Sem envio...
Rodou em: 2025-12-17 07:40:04.582667
Novidades já notificadas anteriormente. Sem envio...
Rodou em: 2025-12-17 07:50:04.535178
Novidades já notificadas anteriormente. Sem envio...
Rodou em: 2025-12-17 08:00:04.871375
Novidades já notificadas anteriormente. Sem envio...
Rodou em: 2025-12-17 08:10:04.734510
Novidades já notificadas anteriormente. Sem envio...
Rodou em: 2025-12-17 08:20:04.817898
Novidades já notificadas anteriormente. Sem envio...
Rodou em: 2025-12-17 08:30:08.124402
Novidades já notificadas anteriormente. Sem envio...
Rodou em: 2025-12-17 08:40:06.301248
Novidades já notificadas anteriormente. Sem envio...
Rodou em: 2025-12-17 08:50:04.252561
Novidades já notificadas anteriormente. Sem envio...
Rodou em: 2025-12-17 09:00:04.158665
Novidades já notificadas anteriormente. Sem envio...
Rodou em: 2025-12-17 09:10:05.350834
Novidades já notificadas anteriormente. Sem envio...
Rodou em: 2025-12-17 09:20:03.849838
Novidades já notificadas anteriormente. Sem envio...
Rodou em: 2025-12-17 09:30:04.882979
Novidades já notificadas anteriormente. Sem envio...
Rodou em: 2025-12-17 09:40:05.866776
Novidades já notificadas anteriormente. Sem envio...
Rodou em: 2025-12-17 09:50:04.311480
Novidades já notificadas anteriormente. Sem envio...
Rodou em: 2025-12-17 10:00:05.249460
Novidades já notificadas anteriormente. Sem envio...
Rodou em: 2025-12-17 10:10:04.429968
Novidades já notificadas anteriormente. Sem envio...
Rodou em: 2025-12-17 10:20:04.192857
Novidades já notificadas anteriormente. Sem envio...
Rodou em: 2025-12-17 10:30:04.415368
Novidades já notificadas anteriormente. Sem envio...
Rodou em: 2025-12-17 10:40:06.390797
Novidades já notificadas anteriormente. Sem envio...
Rodou em: 2025-12-17 10:50:05.573382
Novidades já notificadas anteriormente. Sem envio...
Rodou em: 2025-12-17 11:00:04.515618
Novidades já notificadas anteriormente. Sem envio...
Rodou em: 2025-12-17 11:10:04.339671
Novidades já notificadas anteriormente. Sem envio...
Rodou em: 2025-12-17 11:20:05.036105
Novidades já notificadas anteriormente. Sem envio...
Rodou em: 2025-12-17 11:30:04.167622
Novidades já notificadas anteriormente. Sem envio...
Rodou em: 2025-12-17 11:40:07.205438
Novidades já notificadas anteriormente. Sem envio...
Rodou em: 2025-12-17 11:50:04.032951
Novidades já notificadas anteriormente. Sem envio...
Rodou em: 2025-12-17 12:00:04.673137
Novidades já notificadas anteriormente. Sem envio...
Rodou em: 2025-12-17 12:10:04.795821
Novidades já notificadas anteriormente. Sem envio...
Rodou em: 2025-12-17 12:20:04.784974
Novidades já notificadas anteriormente. Sem envio...
Rodou em: 2025-12-17 12:30:04.477021
Novidades já notificadas anteriormente. Sem envio...
Rodou em: 2025-12-17 12:40:05.549019
Novidades já notificadas anteriormente. Sem envio...
Rodou em: 2025-12-17 12:50:03.840085
Novidades já notificadas anteriormente. Sem envio...
Rodou em: 2025-12-17 13:00:03.833783
Novidades já notificadas anteriormente. Sem envio...
Rodou em: 2025-12-17 13:10:04.026584
Novidades já notificadas anteriormente. Sem envio...
Rodou em: 2025-12-17 13:20:04.570050
Novidades já notificadas anteriormente. Sem envio...
Rodou em: 2025-12-17 13:30:05.007575
Novidades já notificadas anteriormente. Sem envio...
Rodou em: 2025-12-17 13:42:07.681132
Novidades já notificadas anteriormente. Sem envio...
Rodou em: 2025-12-17 13:50:05.800258
Novidades já notificadas anteriormente. Sem envio...
Rodou em: 2025-12-17 14:00:05.946464
Novidades já notificadas anteriormente. Sem envio...
Rodou em: 2025-12-17 14:10:06.554486
Novidades já notificadas anteriormente. Sem envio...
Rodou em: 2025-12-17 14:20:05.489695
Novidades já notificadas anteriormente. Sem envio...
Rodou em: 2025-12-17 14:30:04.004130
Novidades já notificadas anteriormente. Sem envio...
Rodou em: 2025-12-17 14:40:04.475369
Novidades já notificadas anteriormente. Sem envio...
Rodou em: 2025-12-17 14:50:05.320342
Novidades já notificadas anteriormente. Sem envio...
Rodou em: 2025-12-17 15:00:07.343037
Novidades já notificadas anteriormente. Sem envio...
Rodou em: 2025-12-17 15:10:05.125772
Novidades já notificadas anteriormente. Sem envio...
Rodou em: 2025-12-17 15:20:04.081388
Novidades já notificadas anteriormente. Sem envio...
Rodou em: 2025-12-17 15:30:05.382600
Novidades já notificadas anteriormente. Sem envio...
Rodou em: 2025-12-17 15:40:05.724854
Novidades já notificadas anteriormente. Sem envio...
Rodou em: 2025-12-17 15:50:05.742059
Novidades já notificadas anteriormente. Sem envio...
Rodou em: 2025-12-17 16:00:04.298499
Novidades já notificadas anteriormente. Sem envio...
Rodou em: 2025-12-17 16:10:04.581165
Novidades já notificadas anteriormente. Sem envio...
Rodou em: 2025-12-17 16:20:04.934603
Novidades já notificadas anteriormente. Sem envio...
Rodou em: 2025-12-17 16:30:04.500130
Novidades já notificadas anteriormente. Sem envio...
Rodou em: 2025-12-17 16:40:07.213698
Novidades já notificadas anteriormente. Sem envio...
Rodou em: 2025-12-17 16:50:04.156211
Novidades já notificadas anteriormente. Sem envio...
Rodou em: 2025-12-17 17:00:05.909823
Novidades já notificadas anteriormente. Sem envio...
Rodou em: 2025-12-17 17:10:27.088125
Novidades já notificadas anteriormente. Sem envio...
Rodou em: 2025-12-17 17:20:04.548341
Novidades já notificadas anteriormente. Sem envio...
Rodou em: 2025-12-17 17:30:05.083798
Novidades já notificadas anteriormente. Sem envio...
Rodou em: 2025-12-17 17:40:05.398569
Novidades já notificadas anteriormente. Sem envio...
Rodou em: 2025-12-17 17:50:04.300512
Novidades já notificadas anteriormente. Sem envio...
Rodou em: 2025-12-17 18:00:05.075828
Novidades já notificadas anteriormente. Sem envio...
Rodou em: 2025-12-17 18:10:04.704122
Novidades já notificadas anteriormente. Sem envio...
Rodou em: 2025-12-17 18:20:04.167249
Novidades já notificadas anteriormente. Sem envio...
Rodou em: 2025-12-17 18:30:03.749835
Novidades já notificadas anteriormente. Sem envio...
Rodou em: 2025-12-17 18:40:04.537284
Novidades já notificadas anteriormente. Sem envio...
Rodou em: 2025-12-17 18:50:04.111424
Novidades já notificadas anteriormente. Sem envio...
Rodou em: 2025-12-17 19:00:03.990497
Novidades já notificadas anteriormente. Sem envio...
Rodou em: 2025-12-17 19:14:22.956223
Novidades já notificadas anteriormente. Sem envio...
Rodou em: 2025-12-17 21:10:06.716539
Novidades já notificadas anteriormente. Sem envio...
Rodou em: 2025-12-17 22:10:04.512620
Novidades já notificadas anteriormente. Sem envio...
Rodou em: 2025-12-18 04:40:05.521598
Novidades já notificadas anteriormente. Sem envio...
Rodou em: 2025-12-18 05:03:44.901895
Novidades já notificadas anteriormente. Sem envio...
Rodou em: 2025-12-18 06:00:03.969099
Novidades já notificadas anteriormente. Sem envio...
Rodou em: 2025-12-18 06:10:04.254972
Novidades já notificadas anteriormente. Sem envio...
Rodou em: 2025-12-18 06:20:05.522901
Novidades já notificadas anteriormente. Sem envio...
Rodou em: 2025-12-18 07:14:51.035503
Novidades já notificadas anteriormente. Sem envio...
Rodou em: 2025-12-18 07:20:05.338349
Novidades já notificadas anteriormente. Sem envio...
Rodou em: 2025-12-18 07:30:03.768727
Novidades já notificadas anteriormente. Sem envio...
Rodou em: 2025-12-18 07:40:03.484453
Novidades já notificadas anteriormente. Sem envio...
Rodou em: 2025-12-18 07:50:03.807470
Novidades já notificadas anteriormente. Sem envio...
Rodou em: 2025-12-18 08:00:04.180479
Novidades já notificadas anteriormente. Sem envio...
Rodou em: 2025-12-18 08:10:03.948978
Novidades já notificadas anteriormente. Sem envio...
Rodou em: 2025-12-18 08:20:04.184635
Novidades já notificadas anteriormente. Sem envio...
Rodou em: 2025-12-18 08:30:04.466138
Novidades já notificadas anteriormente. Sem envio...
Rodou em: 2025-12-18 08:40:06.617468
Novidades já notificadas anteriormente. Sem envio...
Rodou em: 2025-12-18 08:50:05.275984
Novidades já notificadas anteriormente. Sem envio...
Rodou em: 2025-12-18 09:00:06.689184
Novidades já notificadas anteriormente. Sem envio...
Rodou em: 2025-12-18 09:10:05.721238
Novidades já notificadas anteriormente. Sem envio...
Rodou em: 2025-12-18 09:20:05.396887
Novidades já notificadas anteriormente. Sem envio...
Rodou em: 2025-12-18 09:30:05.212298
Novidades já notificadas anteriormente. Sem envio...
Rodou em: 2025-12-18 09:40:04.844030
Novidades já notificadas anteriormente. Sem envio...
Rodou em: 2025-12-18 09:50:09.903945
Novidades já notificadas anteriormente. Sem envio...
Rodou em: 2025-12-18 10:00:04.865205
Novidades já notificadas anteriormente. Sem envio...
Rodou em: 2025-12-18 10:10:05.156796
Novidades já notificadas anteriormente. Sem envio...
Rodou em: 2025-12-18 10:20:04.034635
Novidades já notificadas anteriormente. Sem envio...
Rodou em: 2025-12-18 10:30:04.114126
Novidades já notificadas anteriormente. Sem envio...
Rodou em: 2025-12-18 10:40:05.591969
Novidades já notificadas anteriormente. Sem envio...
Rodou em: 2025-12-18 10:50:04.249818
Novidades já notificadas anteriormente. Sem envio...
Rodou em: 2025-12-18 11:00:03.919565
Novidades já notificadas anteriormente. Sem envio...
Rodou em: 2025-12-18 11:10:05.802282
Novidades já notificadas anteriormente. Sem envio...
Rodou em: 2025-12-18 11:20:04.280797
Novidades já notificadas anteriormente. Sem envio...
Rodou em: 2025-12-18 11:30:07.361657
Novidades já notificadas anteriormente. Sem envio...
Rodou em: 2025-12-18 11:40:06.058699
Novidades já notificadas anteriormente. Sem envio...
Rodou em: 2025-12-18 11:50:04.539210
Novidades já notificadas anteriormente. Sem envio...
Rodou em: 2025-12-18 12:00:04.563133
Novidades já notificadas anteriormente. Sem envio...
Rodou em: 2025-12-18 12:10:08.055473
Novidades já notificadas anteriormente. Sem envio...
Rodou em: 2025-12-18 12:20:04.333186
Novidades já notificadas anteriormente. Sem envio...
Rodou em: 2025-12-18 12:30:04.117749
Novidades já notificadas anteriormente. Sem envio...
Rodou em: 2025-12-18 12:40:05.813430
Novidades já notificadas anteriormente. Sem envio...
Rodou em: 2025-12-18 12:50:05.611805
Novidades já notificadas anteriormente. Sem envio...
Rodou em: 2025-12-18 13:00:05.719576
Novidades já notificadas anteriormente. Sem envio...
Rodou em: 2025-12-18 13:10:03.431111
Novidades já notificadas anteriormente. Sem envio...
Rodou em: 2025-12-18 13:20:03.879583
Novidades já notificadas anteriormente. Sem envio...
Rodou em: 2025-12-18 13:30:03.591208
Novidades já notificadas anteriormente. Sem envio...
Rodou em: 2025-12-18 13:40:04.118279
Novidades já notificadas anteriormente. Sem envio...
Rodou em: 2025-12-18 13:50:05.105196
Novidades já notificadas anteriormente. Sem envio...
Rodou em: 2025-12-18 14:00:05.400831
Novidades já notificadas anteriormente. Sem envio...
Rodou em: 2025-12-18 14:10:04.475076
Novidades já notificadas anteriormente. Sem envio...
Rodou em: 2025-12-18 14:20:03.996088
Novidades já notificadas anteriormente. Sem envio...
Rodou em: 2025-12-18 14:30:04.189155
Novidades já notificadas anteriormente. Sem envio...
Rodou em: 2025-12-18 14:40:08.920695
Novidades já notificadas anteriormente. Sem envio...
Rodou em: 2025-12-18 14:50:04.249446
Novidades já notificadas anteriormente. Sem envio...
Rodou em: 2025-12-18 15:00:09.360580
Novidades já notificadas anteriormente. Sem envio...
Rodou em: 2025-12-18 15:10:04.029482
Novidades já notificadas anteriormente. Sem envio...
Rodou em: 2025-12-18 15:20:05.256151
Novidades já notificadas anteriormente. Sem envio...
Rodou em: 2025-12-18 15:30:06.240006
Novidades já notificadas anteriormente. Sem envio...
Rodou em: 2025-12-18 15:40:08.577078
Novidades já notificadas anteriormente. Sem envio...
Rodou em: 2025-12-18 15:50:04.172524
Novidades já notificadas anteriormente. Sem envio...
Rodou em: 2025-12-18 16:00:04.573526
Novidades já notificadas anteriormente. Sem envio...
Rodou em: 2025-12-18 16:10:04.351566
Novidades já notificadas anteriormente. Sem envio...
Rodou em: 2025-12-18 16:20:04.476579
Novidades já notificadas anteriormente. Sem envio...
Rodou em: 2025-12-18 16:30:05.155598
Novidades já notificadas anteriormente. Sem envio...
Rodou em: 2025-12-18 16:40:04.594423
Novidades já notificadas anteriormente. Sem envio...
Rodou em: 2025-12-18 16:50:04.264974
Novidades já notificadas anteriormente. Sem envio...
Rodou em: 2025-12-18 17:00:22.214104
Novidades já notificadas anteriormente. Sem envio...
Rodou em: 2025-12-18 17:10:05.467226
Novidades já notificadas anteriormente. Sem envio...
Rodou em: 2025-12-18 17:20:04.238994
Novidades já notificadas anteriormente. Sem envio...
Rodou em: 2025-12-18 17:30:04.298119
Novidades já notificadas anteriormente. Sem envio...
Rodou em: 2025-12-18 17:40:05.009584
Novidades já notificadas anteriormente. Sem envio...
Rodou em: 2025-12-18 17:50:05.376313
Novidades já notificadas anteriormente. Sem envio...
Rodou em: 2025-12-18 18:00:04.095595
Novidades já notificadas anteriormente. Sem envio...
Rodou em: 2025-12-18 18:10:05.194391
Novidades já notificadas anteriormente. Sem envio...
Rodou em: 2025-12-18 18:20:04.190799
Novidades já notificadas anteriormente. Sem envio...
Rodou em: 2025-12-18 18:30:04.588053
Novidades já notificadas anteriormente. Sem envio...
Rodou em: 2025-12-18 18:40:14.177260
Novidades já notificadas anteriormente. Sem envio...
Rodou em: 2025-12-18 18:50:03.672592
Novidades já notificadas anteriormente. Sem envio...
Rodou em: 2025-12-18 19:00:03.983889
Novidades já notificadas anteriormente. Sem envio...
Rodou em: 2025-12-18 19:10:05.281714
Novidades já notificadas anteriormente. Sem envio...
Rodou em: 2025-12-18 19:20:04.865122
Novidades já notificadas anteriormente. Sem envio...
Rodou em: 2025-12-18 19:30:04.377467
Novidades já notificadas anteriormente. Sem envio...
Rodou em: 2025-12-18 19:40:03.965567
Novidades já notificadas anteriormente. Sem envio...
Rodou em: 2025-12-18 19:50:05.902424
Novidades já notificadas anteriormente. Sem envio...
Rodou em: 2025-12-18 20:00:03.834018
Novidades já notificadas anteriormente. Sem envio...
Rodou em: 2025-12-18 20:10:06.723290
Novidades já notificadas anteriormente. Sem envio...
Rodou em: 2025-12-18 20:20:04.232904
Novidades já notificadas anteriormente. Sem envio...
Rodou em: 2025-12-18 20:30:03.978319
Novidades já notificadas anteriormente. Sem envio...
Rodou em: 2025-12-18 20:40:05.063522
Novidades já notificadas anteriormente. Sem envio...
Rodou em: 2025-12-18 20:50:05.758690
Novidades já notificadas anteriormente. Sem envio...
Rodou em: 2025-12-18 21:00:04.501152
Novidades já notificadas anteriormente. Sem envio...
Rodou em: 2025-12-18 21:10:06.782114
Novidades já notificadas anteriormente. Sem envio...
Rodou em: 2025-12-18 21:20:04.403875
Novidades já notificadas anteriormente. Sem envio...
Rodou em: 2025-12-18 21:30:05.518721
Novidades já notificadas anteriormente. Sem envio...
Rodou em: 2025-12-18 21:40:04.121810
Novidades já notificadas anteriormente. Sem envio...
Rodou em: 2025-12-18 21:50:04.935916
Novidades já notificadas anteriormente. Sem envio...
Rodou em: 2025-12-18 22:00:04.636731
Novidades já notificadas anteriormente. Sem envio...
Rodou em: 2025-12-18 22:10:05.235960
Novidades já notificadas anteriormente. Sem envio...
Rodou em: 2025-12-18 22:20:05.278383
Novidades já notificadas anteriormente. Sem envio...
Rodou em: 2025-12-18 22:30:03.355886
Novidades já notificadas anteriormente. Sem envio...
Rodou em: 2025-12-18 22:40:05.145377
Novidades já notificadas anteriormente. Sem envio...
Rodou em: 2025-12-18 22:50:03.976627
Novidades já notificadas anteriormente. Sem envio...
Rodou em: 2025-12-18 23:00:04.101031
Novidades já notificadas anteriormente. Sem envio...
Rodou em: 2025-12-18 23:10:05.133171
Novidades já notificadas anteriormente. Sem envio...
Rodou em: 2025-12-18 23:20:03.648993
Novidades já notificadas anteriormente. Sem envio...
Rodou em: 2025-12-18 23:30:04.365509
Novidades já notificadas anteriormente. Sem envio...
Rodou em: 2025-12-18 23:40:03.577869
Novidades já notificadas anteriormente. Sem envio...
Rodou em: 2025-12-18 23:50:03.660794
Novidades já notificadas anteriormente. Sem envio...
Rodou em: 2025-12-19 00:00:06.698419
Novidades já notificadas anteriormente. Sem envio...
Rodou em: 2025-12-19 00:10:05.532494
Novidades já notificadas anteriormente. Sem envio...
Rodou em: 2025-12-19 00:20:04.347757
Novidades já notificadas anteriormente. Sem envio...
Rodou em: 2025-12-19 00:30:04.122530
Novidades já notificadas anteriormente. Sem envio...
Rodou em: 2025-12-19 00:40:03.684229
Novidades já notificadas anteriormente. Sem envio...
Rodou em: 2025-12-19 00:50:04.467249
Novidades já notificadas anteriormente. Sem envio...
Rodou em: 2025-12-19 01:00:04.452050
Novidades já notificadas anteriormente. Sem envio...
Rodou em: 2025-12-19 01:10:05.458336
Novidades já notificadas anteriormente. Sem envio...
Rodou em: 2025-12-19 01:20:04.112329
Novidades já notificadas anteriormente. Sem envio...
Rodou em: 2025-12-19 01:30:03.731439
Novidades já notificadas anteriormente. Sem envio...
Rodou em: 2025-12-19 01:40:05.498141
Novidades já notificadas anteriormente. Sem envio...
Rodou em: 2025-12-19 01:50:03.833326
Novidades já notificadas anteriormente. Sem envio...
Rodou em: 2025-12-19 02:00:04.865247
Novidades já notificadas anteriormente. Sem envio...
Rodou em: 2025-12-19 02:10:04.226606
Novidades já notificadas anteriormente. Sem envio...
Rodou em: 2025-12-19 02:20:03.955763
Novidades já notificadas anteriormente. Sem envio...
Rodou em: 2025-12-19 02:30:04.774744
Novidades já notificadas anteriormente. Sem envio...
Rodou em: 2025-12-19 02:40:06.786909
Novidades já notificadas anteriormente. Sem envio...
Rodou em: 2025-12-19 02:50:03.829335
Novidades já notificadas anteriormente. Sem envio...
Rodou em: 2025-12-19 03:00:09.784995
Novidades já notificadas anteriormente. Sem envio...
Rodou em: 2025-12-19 03:10:04.193087
Novidades já notificadas anteriormente. Sem envio...
Rodou em: 2025-12-19 03:20:04.979734
Novidades já notificadas anteriormente. Sem envio...
Rodou em: 2025-12-19 03:30:03.872643
Novidades já notificadas anteriormente. Sem envio...
Rodou em: 2025-12-19 03:40:05.105393
Novidades já notificadas anteriormente. Sem envio...
Rodou em: 2025-12-19 03:50:04.969689
Novidades já notificadas anteriormente. Sem envio...
Rodou em: 2025-12-19 04:00:03.983036
Novidades já notificadas anteriormente. Sem envio...
Rodou em: 2025-12-19 04:10:05.116373
Novidades já notificadas anteriormente. Sem envio...
Rodou em: 2025-12-19 04:20:03.772630
Novidades já notificadas anteriormente. Sem envio...
Rodou em: 2025-12-19 04:30:05.658585
Novidades já notificadas anteriormente. Sem envio...
Rodou em: 2025-12-19 04:40:06.911388
Novidades já notificadas anteriormente. Sem envio...
Rodou em: 2025-12-19 04:50:04.706022
Novidades já notificadas anteriormente. Sem envio...
Rodou em: 2025-12-19 05:00:05.517925
Novidades já notificadas anteriormente. Sem envio...
Rodou em: 2025-12-19 05:10:04.312100
Novidades já notificadas anteriormente. Sem envio...
Rodou em: 2025-12-19 05:20:04.049236
Novidades já notificadas anteriormente. Sem envio...
Rodou em: 2025-12-19 05:30:03.559780
Novidades já notificadas anteriormente. Sem envio...
Rodou em: 2025-12-19 05:40:05.479589
Novidades já notificadas anteriormente. Sem envio...
Rodou em: 2025-12-19 05:50:04.912629
Novidades já notificadas anteriormente. Sem envio...
Rodou em: 2025-12-19 06:00:05.919682
Novidades já notificadas anteriormente. Sem envio...
Rodou em: 2025-12-19 06:10:04.942697
Novidades já notificadas anteriormente. Sem envio...
Rodou em: 2025-12-19 06:20:04.701207
Novidades já notificadas anteriormente. Sem envio...
Rodou em: 2025-12-19 06:30:04.462672
Novidades já notificadas anteriormente. Sem envio...
Rodou em: 2025-12-19 06:40:06.603049
Novidades já notificadas anteriormente. Sem envio...
Rodou em: 2025-12-19 06:50:05.183156
Novidades já notificadas anteriormente. Sem envio...
Rodou em: 2025-12-19 07:00:03.887132
Novidades já notificadas anteriormente. Sem envio...
Rodou em: 2025-12-19 07:10:05.563177
Novidades já notificadas anteriormente. Sem envio...
Rodou em: 2025-12-19 07:20:04.552610
Novidades já notificadas anteriormente. Sem envio...
Rodou em: 2025-12-19 07:30:05.329461
Novidades já notificadas anteriormente. Sem envio...
Rodou em: 2025-12-19 07:40:04.056695
Novidades já notificadas anteriormente. Sem envio...
Rodou em: 2025-12-19 07:50:05.272956
Novidades já notificadas anteriormente. Sem envio...
Rodou em: 2025-12-19 08:00:05.109808
Novidades já notificadas anteriormente. Sem envio...
Rodou em: 2025-12-19 08:10:06.695234
Novidades já notificadas anteriormente. Sem envio...
Rodou em: 2025-12-19 08:20:04.374536
Novidades já notificadas anteriormente. Sem envio...
Rodou em: 2025-12-19 08:30:07.377144
Novidades já notificadas anteriormente. Sem envio...
Rodou em: 2025-12-19 08:40:05.668972
Novidades já notificadas anteriormente. Sem envio...
Rodou em: 2025-12-19 08:50:05.842235
Novidades já notificadas anteriormente. Sem envio...
Rodou em: 2025-12-19 09:00:05.982779
Novidades já notificadas anteriormente. Sem envio...
Rodou em: 2025-12-19 09:10:11.379486
Novidades já notificadas anteriormente. Sem envio...
Rodou em: 2025-12-19 09:20:04.568213
Novidades já notificadas anteriormente. Sem envio...
Rodou em: 2025-12-19 09:30:04.452207
Novidades já notificadas anteriormente. Sem envio...
Rodou em: 2025-12-19 09:40:09.134134
Novidades já notificadas anteriormente. Sem envio...
Rodou em: 2025-12-19 09:50:04.160988
Novidades já notificadas anteriormente. Sem envio...
Rodou em: 2025-12-19 10:00:06.221926
Novidades já notificadas anteriormente. Sem envio...
Rodou em: 2025-12-19 10:10:04.308574
Novidades já notificadas anteriormente. Sem envio...
Rodou em: 2025-12-19 10:20:03.834362
Novidades já notificadas anteriormente. Sem envio...
Rodou em: 2025-12-19 10:30:04.288005
Novidades já notificadas anteriormente. Sem envio...
Rodou em: 2025-12-19 10:40:04.954919
Novidades já notificadas anteriormente. Sem envio...
Rodou em: 2025-12-19 10:50:05.550796
Novidades já notificadas anteriormente. Sem envio...
Rodou em: 2025-12-19 11:00:04.388755
Novidades já notificadas anteriormente. Sem envio...
Rodou em: 2025-12-19 11:10:05.601401
Novidades já notificadas anteriormente. Sem envio...
Rodou em: 2025-12-19 11:20:05.567099
Novidades já notificadas anteriormente. Sem envio...
Rodou em: 2025-12-19 11:30:04.474440
Novidades já notificadas anteriormente. Sem envio...
Rodou em: 2025-12-19 11:40:05.526283
Novidades já notificadas anteriormente. Sem envio...
Rodou em: 2025-12-19 11:50:04.859442
Novidades já notificadas anteriormente. Sem envio...
Rodou em: 2025-12-19 12:00:04.944480
Novidades já notificadas anteriormente. Sem envio...
Rodou em: 2025-12-19 12:10:05.771279
Novidades já notificadas anteriormente. Sem envio...
Rodou em: 2025-12-19 12:20:04.163527
Novidades já notificadas anteriormente. Sem envio...
Rodou em: 2025-12-19 12:30:05.189108
Novidades já notificadas anteriormente. Sem envio...
Rodou em: 2025-12-19 12:40:04.006027
Novidades já notificadas anteriormente. Sem envio...
Rodou em: 2025-12-19 12:50:03.910228
Novidades já notificadas anteriormente. Sem envio...
Rodou em: 2025-12-19 13:00:05.673226
Novidades já notificadas anteriormente. Sem envio...
Rodou em: 2025-12-19 13:10:06.247003
Novidades já notificadas anteriormente. Sem envio...
Rodou em: 2025-12-19 13:20:05.283604
Novidades já notificadas anteriormente. Sem envio...
Rodou em: 2025-12-19 13:30:05.061069
Novidades já notificadas anteriormente. Sem envio...
Rodou em: 2025-12-19 13:40:03.950736
Novidades já notificadas anteriormente. Sem envio...
Rodou em: 2025-12-19 13:50:07.358909
Novidades já notificadas anteriormente. Sem envio...
Rodou em: 2025-12-19 14:00:07.628150
Novidades já notificadas anteriormente. Sem envio...
Rodou em: 2025-12-19 14:10:05.099167
Novidades já notificadas anteriormente. Sem envio...
Rodou em: 2025-12-19 14:20:05.363956
Novidades já notificadas anteriormente. Sem envio...
Rodou em: 2025-12-19 14:30:04.688878
Novidades já notificadas anteriormente. Sem envio...
Rodou em: 2025-12-19 14:40:16.220760
Novidades já notificadas anteriormente. Sem envio...
Rodou em: 2025-12-19 14:50:05.093835
Novidades já notificadas anteriormente. Sem envio...
Rodou em: 2025-12-19 15:00:04.733591
Novidades já notificadas anteriormente. Sem envio...
Rodou em: 2025-12-19 15:10:05.404335
Novidades já notificadas anteriormente. Sem envio...
Rodou em: 2025-12-19 15:20:08.136939
Novidades já notificadas anteriormente. Sem envio...
Rodou em: 2025-12-19 15:30:09.746571
Novidades já notificadas anteriormente. Sem envio...
Rodou em: 2025-12-19 15:40:04.344703
Novidades já notificadas anteriormente. Sem envio...
Rodou em: 2025-12-19 15:50:04.365520
Novidades já notificadas anteriormente. Sem envio...
Rodou em: 2025-12-19 16:00:05.422968
Novidades já notificadas anteriormente. Sem envio...
Rodou em: 2025-12-19 16:10:09.774852
Novidades já notificadas anteriormente. Sem envio...
Rodou em: 2025-12-19 16:20:05.097361
Novidades já notificadas anteriormente. Sem envio...
Rodou em: 2025-12-19 16:30:05.609143
Novidades já notificadas anteriormente. Sem envio...
Rodou em: 2025-12-19 16:40:07.005104
Novidades já notificadas anteriormente. Sem envio...
Rodou em: 2025-12-19 16:50:05.099354
Novidades já notificadas anteriormente. Sem envio...
Rodou em: 2025-12-19 17:00:05.625706
Novidades já notificadas anteriormente. Sem envio...
Rodou em: 2025-12-19 17:10:08.206145
Novidades já notificadas anteriormente. Sem envio...
Rodou em: 2025-12-19 17:20:05.039642
Novidades já notificadas anteriormente. Sem envio...
Rodou em: 2025-12-19 17:30:04.718010
Novidades já notificadas anteriormente. Sem envio...
Rodou em: 2025-12-19 17:40:04.485729
Novidades já notificadas anteriormente. Sem envio...
Rodou em: 2025-12-19 17:50:06.499076
Novidades já notificadas anteriormente. Sem envio...
Rodou em: 2025-12-19 18:00:05.135412
Novidades já notificadas anteriormente. Sem envio...
Rodou em: 2025-12-19 18:10:04.954152
Novidades já notificadas anteriormente. Sem envio...
Rodou em: 2025-12-19 18:20:06.783422
Novidades já notificadas anteriormente. Sem envio...
Rodou em: 2025-12-19 18:30:04.371187
Novidades já notificadas anteriormente. Sem envio...
Rodou em: 2025-12-19 18:40:04.004248
Novidades já notificadas anteriormente. Sem envio...
Rodou em: 2025-12-19 18:50:05.028110
Novidades já notificadas anteriormente. Sem envio...
Rodou em: 2025-12-19 19:00:04.702964
Novidades já notificadas anteriormente. Sem envio...
Rodou em: 2025-12-19 19:10:04.389369
Novidades já notificadas anteriormente. Sem envio...
Rodou em: 2025-12-19 19:20:04.702114
Novidades já notificadas anteriormente. Sem envio...
Rodou em: 2025-12-19 19:30:04.919146
Novidades já notificadas anteriormente. Sem envio...
Rodou em: 2025-12-19 19:40:03.707877
Novidades já notificadas anteriormente. Sem envio...
Rodou em: 2025-12-19 19:50:05.853479
Novidades já notificadas anteriormente. Sem envio...
Rodou em: 2025-12-19 20:00:04.774338
Novidades já notificadas anteriormente. Sem envio...
Rodou em: 2025-12-19 20:10:05.576498
Novidades já notificadas anteriormente. Sem envio...
Rodou em: 2025-12-19 20:20:04.305231
Novidades já notificadas anteriormente. Sem envio...
Rodou em: 2025-12-19 20:30:04.871882
Novidades já notificadas anteriormente. Sem envio...
Rodou em: 2025-12-19 20:40:04.330174
Novidades já notificadas anteriormente. Sem envio...
Rodou em: 2025-12-19 20:50:05.455341
Novidades já notificadas anteriormente. Sem envio...
Rodou em: 2025-12-19 21:00:05.369880
Novidades já notificadas anteriormente. Sem envio...
Rodou em: 2025-12-19 21:10:05.791476
Novidades já notificadas anteriormente. Sem envio...
Rodou em: 2025-12-19 21:20:04.344218
Novidades já notificadas anteriormente. Sem envio...
Rodou em: 2025-12-19 21:30:04.023364
Novidades já notificadas anteriormente. Sem envio...
Rodou em: 2025-12-19 21:40:04.340596
Novidades já notificadas anteriormente. Sem envio...
Rodou em: 2025-12-19 21:50:04.087049
Novidades já notificadas anteriormente. Sem envio...
Rodou em: 2025-12-19 22:00:04.790858
Novidades já notificadas anteriormente. Sem envio...
Rodou em: 2025-12-19 22:10:04.414475
Novidades já notificadas anteriormente. Sem envio...
Rodou em: 2025-12-19 22:20:03.944767
Novidades já notificadas anteriormente. Sem envio...
Rodou em: 2025-12-19 22:30:05.499704
Novidades já notificadas anteriormente. Sem envio...
Rodou em: 2025-12-19 22:40:05.192329
Novidades já notificadas anteriormente. Sem envio...
Rodou em: 2025-12-19 22:50:05.336480
Novidades já notificadas anteriormente. Sem envio...
Rodou em: 2025-12-19 23:00:04.131353
Novidades já notificadas anteriormente. Sem envio...
Rodou em: 2025-12-19 23:10:06.127560
Novidades já notificadas anteriormente. Sem envio...
Rodou em: 2025-12-19 23:20:05.400004
Novidades já notificadas anteriormente. Sem envio...
Rodou em: 2025-12-19 23:30:04.038289
Novidades já notificadas anteriormente. Sem envio...
Rodou em: 2025-12-19 23:40:04.587165
Novidades já notificadas anteriormente. Sem envio...
Rodou em: 2025-12-19 23:50:05.639124
Novidades já notificadas anteriormente. Sem envio...
Rodou em: 2025-12-20 00:00:06.569245
Novidades já notificadas anteriormente. Sem envio...
Rodou em: 2025-12-20 00:10:04.079361
Novidades já notificadas anteriormente. Sem envio...
Rodou em: 2025-12-20 00:20:05.029528
Novidades já notificadas anteriormente. Sem envio...
Rodou em: 2025-12-20 00:30:04.810313
Novidades já notificadas anteriormente. Sem envio...
Rodou em: 2025-12-20 00:40:05.542733
Novidades já notificadas anteriormente. Sem envio...
Rodou em: 2025-12-20 00:50:06.319596
Novidades já notificadas anteriormente. Sem envio...
Rodou em: 2025-12-20 01:00:04.302998
Novidades já notificadas anteriormente. Sem envio...
Rodou em: 2025-12-20 01:10:03.545409
Novidades já notificadas anteriormente. Sem envio...
Rodou em: 2025-12-20 01:20:05.853150
Novidades já notificadas anteriormente. Sem envio...
Rodou em: 2025-12-20 01:30:04.324442
Novidades já notificadas anteriormente. Sem envio...
Rodou em: 2025-12-20 01:40:03.492570
Novidades já notificadas anteriormente. Sem envio...
Rodou em: 2025-12-20 01:50:05.884159
Novidades já notificadas anteriormente. Sem envio...
Rodou em: 2025-12-20 02:00:04.740978
Novidades já notificadas anteriormente. Sem envio...
Rodou em: 2025-12-20 02:10:04.706564
Novidades já notificadas anteriormente. Sem envio...
Rodou em: 2025-12-20 02:20:05.136883
Novidades já notificadas anteriormente. Sem envio...
Rodou em: 2025-12-20 02:30:05.048217
Novidades já notificadas anteriormente. Sem envio...
Rodou em: 2025-12-20 02:40:03.748821
Novidades já notificadas anteriormente. Sem envio...
Rodou em: 2025-12-20 02:50:04.307748
Novidades já notificadas anteriormente. Sem envio...
Rodou em: 2025-12-20 03:00:05.023680
Novidades já notificadas anteriormente. Sem envio...
Rodou em: 2025-12-20 03:10:05.361030
Novidades já notificadas anteriormente. Sem envio...
Rodou em: 2025-12-20 03:20:06.723910
Novidades já notificadas anteriormente. Sem envio...
Rodou em: 2025-12-20 03:30:05.419682
Novidades já notificadas anteriormente. Sem envio...
Rodou em: 2025-12-20 03:40:04.238201
Novidades já notificadas anteriormente. Sem envio...
Rodou em: 2025-12-20 03:50:05.369499
Novidades já notificadas anteriormente. Sem envio...
Rodou em: 2025-12-20 04:00:03.993048
Novidades já notificadas anteriormente. Sem envio...
Rodou em: 2025-12-20 04:10:05.420058
Novidades já notificadas anteriormente. Sem envio...
Rodou em: 2025-12-20 04:20:04.311011
Novidades já notificadas anteriormente. Sem envio...
Rodou em: 2025-12-20 04:30:04.181672
Novidades já notificadas anteriormente. Sem envio...
Rodou em: 2025-12-20 04:40:05.682675
Novidades já notificadas anteriormente. Sem envio...
Rodou em: 2025-12-20 04:50:04.498906
Novidades já notificadas anteriormente. Sem envio...
Rodou em: 2025-12-20 05:00:04.191052
Novidades já notificadas anteriormente. Sem envio...
Rodou em: 2025-12-20 05:10:04.718366
Novidades já notificadas anteriormente. Sem envio...
Rodou em: 2025-12-20 05:20:04.548739
Novidades já notificadas anteriormente. Sem envio...
Rodou em: 2025-12-20 05:30:04.120649
Novidades já notificadas anteriormente. Sem envio...
Rodou em: 2025-12-20 05:40:05.158178
Novidades já notificadas anteriormente. Sem envio...
Rodou em: 2025-12-20 05:50:06.538891
Novidades já notificadas anteriormente. Sem envio...
Rodou em: 2025-12-20 06:00:05.967001
Novidades já notificadas anteriormente. Sem envio...
Rodou em: 2025-12-20 06:10:03.875880
Novidades já notificadas anteriormente. Sem envio...
Rodou em: 2025-12-20 06:20:04.891402
Novidades já notificadas anteriormente. Sem envio...
Rodou em: 2025-12-20 06:30:03.815718
Novidades já notificadas anteriormente. Sem envio...
Rodou em: 2025-12-20 06:40:04.559070
Novidades já notificadas anteriormente. Sem envio...
Rodou em: 2025-12-20 06:50:05.360067
Novidades já notificadas anteriormente. Sem envio...
Rodou em: 2025-12-20 07:00:04.617607
Novidades já notificadas anteriormente. Sem envio...
Rodou em: 2025-12-20 07:10:04.910335
Novidades já notificadas anteriormente. Sem envio...
Rodou em: 2025-12-20 07:20:04.497215
Novidades já notificadas anteriormente. Sem envio...
Rodou em: 2025-12-20 07:30:05.302687
Novidades já notificadas anteriormente. Sem envio...
Rodou em: 2025-12-20 07:40:04.052849
Novidades já notificadas anteriormente. Sem envio...
Rodou em: 2025-12-20 07:50:05.196223
Novidades já notificadas anteriormente. Sem envio...
Rodou em: 2025-12-20 08:00:04.195492
Novidades já notificadas anteriormente. Sem envio...
Rodou em: 2025-12-20 08:10:04.181309
Novidades já notificadas anteriormente. Sem envio...
Rodou em: 2025-12-20 08:20:03.741564
Novidades já notificadas anteriormente. Sem envio...
Rodou em: 2025-12-20 08:30:04.377504
Novidades já notificadas anteriormente. Sem envio...
Rodou em: 2025-12-20 08:40:04.111976
Novidades já notificadas anteriormente. Sem envio...
Rodou em: 2025-12-20 08:50:04.946619
Novidades já notificadas anteriormente. Sem envio...
Rodou em: 2025-12-20 11:52:19.627159
Novidades já notificadas anteriormente. Sem envio...
Rodou em: 2025-12-20 14:48:39.852336
Novidades já notificadas anteriormente. Sem envio...
Rodou em: 2025-12-20 14:51:11.092090
Novidades já notificadas anteriormente. Sem envio...
Rodou em: 2025-12-20 15:50:18.245557
Novidades já notificadas anteriormente. Sem envio...
Erro ao acessar o site: HTTPSConnectionPool(host='sitepd.org.br', port=443): Read timed out. (read timeout=10)
Rodou em: 2025-12-20 17:00:12.527757
Novidades já notificadas anteriormente. Sem envio...
Rodou em: 2025-12-20 17:53:02.211142
Novidades já notificadas anteriormente. Sem envio...
Rodou em: 2025-12-20 21:20:07.625906
Novidades já notificadas anteriormente. Sem envio...
Rodou em: 2025-12-21 00:10:07.247154
Novidades já notificadas anteriormente. Sem envio...
Rodou em: 2025-12-21 07:10:06.326244
Novidades já notificadas anteriormente. Sem envio...
Rodou em: 2025-12-21 07:20:05.088228
Novidades já notificadas anteriormente. Sem envio...
Rodou em: 2025-12-21 07:30:03.819191
Novidades já notificadas anteriormente. Sem envio...
Rodou em: 2025-12-21 07:40:05.252490
Novidades já notificadas anteriormente. Sem envio...
Rodou em: 2025-12-21 07:50:05.101722
Novidades já notificadas anteriormente. Sem envio...
Rodou em: 2025-12-21 08:00:04.210585
Novidades já notificadas anteriormente. Sem envio...
Rodou em: 2025-12-21 08:10:04.982787
Novidades já notificadas anteriormente. Sem envio...
Rodou em: 2025-12-21 08:22:56.360896
Novidades já notificadas anteriormente. Sem envio...
Rodou em: 2025-12-21 08:46:26.375851
Novidades já notificadas anteriormente. Sem envio...
Rodou em: 2025-12-21 09:23:00.653871
Novidades já notificadas anteriormente. Sem envio...
Rodou em: 2025-12-21 09:47:38.520953
Novidades já notificadas anteriormente. Sem envio...
Rodou em: 2025-12-21 11:20:15.139315
Novidades já notificadas anteriormente. Sem envio...
Rodou em: 2025-12-21 14:40:07.091621
Novidades já notificadas anteriormente. Sem envio...
Rodou em: 2025-12-21 17:00:34.092272
Novidades já notificadas anteriormente. Sem envio...
Rodou em: 2025-12-21 17:55:23.451814
Novidades já notificadas anteriormente. Sem envio...
Rodou em: 2025-12-21 18:33:36.536502
Novidades já notificadas anteriormente. Sem envio...
Rodou em: 2025-12-21 18:56:00.529169
Novidades já notificadas anteriormente. Sem envio...
Rodou em: 2025-12-21 21:20:09.282444
Novidades já notificadas anteriormente. Sem envio...
Rodou em: 2025-12-22 04:30:07.152061
Novidades já notificadas anteriormente. Sem envio...
Rodou em: 2025-12-22 04:40:04.592434
Novidades já notificadas anteriormente. Sem envio...
Rodou em: 2025-12-22 04:50:05.272167
Novidades já notificadas anteriormente. Sem envio...
Rodou em: 2025-12-22 05:00:04.344436
Novidades já notificadas anteriormente. Sem envio...
Rodou em: 2025-12-22 05:10:03.957847
Novidades já notificadas anteriormente. Sem envio...
Rodou em: 2025-12-22 05:20:03.718204
Novidades já notificadas anteriormente. Sem envio...
Rodou em: 2025-12-22 05:30:04.402103
Novidades já notificadas anteriormente. Sem envio...
Rodou em: 2025-12-22 05:43:02.060383
Novidades já notificadas anteriormente. Sem envio...
Rodou em: 2025-12-22 05:50:04.079207
Novidades já notificadas anteriormente. Sem envio...
Rodou em: 2025-12-22 06:00:04.096834
Novidades já notificadas anteriormente. Sem envio...
Rodou em: 2025-12-22 06:10:03.483397
Novidades já notificadas anteriormente. Sem envio...
Rodou em: 2025-12-22 06:20:05.820940
Novidades já notificadas anteriormente. Sem envio...
Rodou em: 2025-12-22 06:30:04.376797
Novidades já notificadas anteriormente. Sem envio...
Rodou em: 2025-12-22 06:40:03.815150
Novidades já notificadas anteriormente. Sem envio...
Rodou em: 2025-12-22 06:50:05.543471
Novidades já notificadas anteriormente. Sem envio...
Rodou em: 2025-12-22 07:43:54.244270
Novidades já notificadas anteriormente. Sem envio...
Rodou em: 2025-12-22 07:50:06.028571
Novidades já notificadas anteriormente. Sem envio...
Rodou em: 2025-12-22 08:00:05.019319
Novidades já notificadas anteriormente. Sem envio...
Rodou em: 2025-12-22 08:10:04.778811
Novidades já notificadas anteriormente. Sem envio...
Rodou em: 2025-12-22 08:20:12.619523
Novidades já notificadas anteriormente. Sem envio...
Rodou em: 2025-12-22 08:30:04.057098
Novidades já notificadas anteriormente. Sem envio...
Rodou em: 2025-12-22 08:40:05.980710
Novidades já notificadas anteriormente. Sem envio...
Rodou em: 2025-12-22 08:50:04.861551
Novidades já notificadas anteriormente. Sem envio...
Rodou em: 2025-12-22 09:00:06.800197
Novidades já notificadas anteriormente. Sem envio...
Rodou em: 2025-12-22 09:10:05.180409
Novidades já notificadas anteriormente. Sem envio...
Rodou em: 2025-12-22 09:20:05.707328
Novidades já notificadas anteriormente. Sem envio...
Rodou em: 2025-12-22 09:30:06.847141
Novidades já notificadas anteriormente. Sem envio...
Rodou em: 2025-12-22 09:40:11.522073
Novidades já notificadas anteriormente. Sem envio...
Rodou em: 2025-12-22 09:50:04.015894
Novidades já notificadas anteriormente. Sem envio...
Rodou em: 2025-12-22 10:00:07.762120
Novidades já notificadas anteriormente. Sem envio...
Rodou em: 2025-12-22 10:10:04.416990
Novidades já notificadas anteriormente. Sem envio...
Rodou em: 2025-12-22 10:20:04.084763
Novidades já notificadas anteriormente. Sem envio...
Rodou em: 2025-12-22 10:30:05.895308
Novidades já notificadas anteriormente. Sem envio...
Rodou em: 2025-12-22 10:40:04.229738
Novidades já notificadas anteriormente. Sem envio...
Rodou em: 2025-12-22 10:50:03.539916
Novidades já notificadas anteriormente. Sem envio...
Rodou em: 2025-12-22 11:00:04.198160
Novidades já notificadas anteriormente. Sem envio...
Rodou em: 2025-12-22 11:10:05.970725
Novidades já notificadas anteriormente. Sem envio...
Rodou em: 2025-12-22 11:20:07.013810
Novidades já notificadas anteriormente. Sem envio...
Rodou em: 2025-12-22 11:30:05.877101
Novidades já notificadas anteriormente. Sem envio...
Rodou em: 2025-12-22 11:40:04.763477
Novidades já notificadas anteriormente. Sem envio...
Rodou em: 2025-12-22 11:50:23.114318
Novidades já notificadas anteriormente. Sem envio...
Rodou em: 2025-12-22 12:00:12.201776
Novidades já notificadas anteriormente. Sem envio...
Rodou em: 2025-12-22 12:10:06.182391
Novidades já notificadas anteriormente. Sem envio...
Rodou em: 2025-12-22 12:20:05.909117
Novidades já notificadas anteriormente. Sem envio...
Rodou em: 2025-12-22 12:30:07.126799
Novidades já notificadas anteriormente. Sem envio...
Rodou em: 2025-12-22 12:40:03.602253
Novidades já notificadas anteriormente. Sem envio...
Erro ao acessar o site: HTTPSConnectionPool(host='sitepd.org.br', port=443): Read timed out. (read timeout=10)
Rodou em: 2025-12-22 13:00:07.458487
Novidades já notificadas anteriormente. Sem envio...
Rodou em: 2025-12-22 13:10:06.062068
Novidades já notificadas anteriormente. Sem envio...
Rodou em: 2025-12-22 13:20:07.035096
Novidades já notificadas anteriormente. Sem envio...
Rodou em: 2025-12-22 13:30:05.103184
Novidades já notificadas anteriormente. Sem envio...
Rodou em: 2025-12-22 13:40:04.503219
Novidades já notificadas anteriormente. Sem envio...
Rodou em: 2025-12-22 13:50:05.201083
Novidades já notificadas anteriormente. Sem envio...
Rodou em: 2025-12-22 14:00:04.534083
Novidades já notificadas anteriormente. Sem envio...
Rodou em: 2025-12-22 14:10:06.024134
Novidades já notificadas anteriormente. Sem envio...
Rodou em: 2025-12-22 14:20:04.467026
Novidades já notificadas anteriormente. Sem envio...
Rodou em: 2025-12-22 14:30:05.390145
Novidades já notificadas anteriormente. Sem envio...
Rodou em: 2025-12-22 14:40:05.762163
Novidades já notificadas anteriormente. Sem envio...
Rodou em: 2025-12-22 14:50:09.400428
Novidades já notificadas anteriormente. Sem envio...
Rodou em: 2025-12-22 15:00:04.699178
Novidades já notificadas anteriormente. Sem envio...
Rodou em: 2025-12-22 15:10:04.716398
Novidades já notificadas anteriormente. Sem envio...
Rodou em: 2025-12-22 15:20:05.872454
Novidades já notificadas anteriormente. Sem envio...
Rodou em: 2025-12-22 15:30:04.088126
Novidades já notificadas anteriormente. Sem envio...
Rodou em: 2025-12-22 15:40:05.230878
Novidades já notificadas anteriormente. Sem envio...
Rodou em: 2025-12-22 15:50:08.904365
Novidades já notificadas anteriormente. Sem envio...
Rodou em: 2025-12-22 16:00:04.700907
Novidades já notificadas anteriormente. Sem envio...
Rodou em: 2025-12-22 16:10:04.054229
Novidades já notificadas anteriormente. Sem envio...
Rodou em: 2025-12-22 16:20:12.495874
Novidades já notificadas anteriormente. Sem envio...
Rodou em: 2025-12-22 16:30:06.001992
Novidades já notificadas anteriormente. Sem envio...
Rodou em: 2025-12-22 16:40:03.444153
Novidades já notificadas anteriormente. Sem envio...
Rodou em: 2025-12-22 16:50:18.588943
Novidades já notificadas anteriormente. Sem envio...
Rodou em: 2025-12-22 17:00:07.670465
Novidades já notificadas anteriormente. Sem envio...
Rodou em: 2025-12-22 17:10:05.206746
Novidades já notificadas anteriormente. Sem envio...
Rodou em: 2025-12-22 17:20:03.973912
Novidades já notificadas anteriormente. Sem envio...
Rodou em: 2025-12-22 17:30:04.881848
Novidades já notificadas anteriormente. Sem envio...
Rodou em: 2025-12-22 17:40:03.832910
Novidades já notificadas anteriormente. Sem envio...
Rodou em: 2025-12-22 17:50:06.319173
Novidades já notificadas anteriormente. Sem envio...
Rodou em: 2025-12-22 18:00:04.497331
Novidades já notificadas anteriormente. Sem envio...
Rodou em: 2025-12-22 18:10:04.259144
Novidades já notificadas anteriormente. Sem envio...
Rodou em: 2025-12-22 18:20:04.040934
Novidades já notificadas anteriormente. Sem envio...
Rodou em: 2025-12-22 18:30:04.939256
Novidades já notificadas anteriormente. Sem envio...
Rodou em: 2025-12-22 18:40:05.506847
Novidades já notificadas anteriormente. Sem envio...
Rodou em: 2025-12-22 18:50:04.013767
Novidades já notificadas anteriormente. Sem envio...
Rodou em: 2025-12-22 19:00:06.246199
Novidades já notificadas anteriormente. Sem envio...
Rodou em: 2025-12-22 19:10:04.182862
Novidades já notificadas anteriormente. Sem envio...
Rodou em: 2025-12-22 19:20:03.651642
Novidades já notificadas anteriormente. Sem envio...
Rodou em: 2025-12-22 21:10:06.628143
Novidades já notificadas anteriormente. Sem envio...
Rodou em: 2025-12-22 21:47:14.003239
Novidades já notificadas anteriormente. Sem envio...
Rodou em: 2025-12-22 21:50:07.510022
Novidades já notificadas anteriormente. Sem envio...
Rodou em: 2025-12-22 22:00:05.753171
Novidades já notificadas anteriormente. Sem envio...
Rodou em: 2025-12-22 22:10:10.934340
Novidades já notificadas anteriormente. Sem envio...
Rodou em: 2025-12-22 22:20:08.732210
Novidades já notificadas anteriormente. Sem envio...
Rodou em: 2025-12-22 22:30:07.557265
Novidades já notificadas anteriormente. Sem envio...
Rodou em: 2025-12-22 22:40:03.570556
Novidades já notificadas anteriormente. Sem envio...
Rodou em: 2025-12-22 22:50:05.675819
Novidades já notificadas anteriormente. Sem envio...
Rodou em: 2025-12-22 23:00:05.312460
Novidades já notificadas anteriormente. Sem envio...
Rodou em: 2025-12-22 23:10:05.501902
Novidades já notificadas anteriormente. Sem envio...
Rodou em: 2025-12-22 23:20:04.553571
Novidades já notificadas anteriormente. Sem envio...
Rodou em: 2025-12-22 23:44:29.984937
Novidades já notificadas anteriormente. Sem envio...
Rodou em: 2025-12-23 00:00:07.300986
Novidades já notificadas anteriormente. Sem envio...
Rodou em: 2025-12-23 04:50:06.639578
Novidades já notificadas anteriormente. Sem envio...
Rodou em: 2025-12-23 05:00:03.959587
Novidades já notificadas anteriormente. Sem envio...
Rodou em: 2025-12-23 05:10:03.852176
Novidades já notificadas anteriormente. Sem envio...
Rodou em: 2025-12-23 05:20:04.409379
Novidades já notificadas anteriormente. Sem envio...
Rodou em: 2025-12-23 05:30:06.885468
Novidades já notificadas anteriormente. Sem envio...
Rodou em: 2025-12-23 05:40:04.503938
Novidades já notificadas anteriormente. Sem envio...
Rodou em: 2025-12-23 05:50:04.028706
Novidades já notificadas anteriormente. Sem envio...
Rodou em: 2025-12-23 06:50:43.299477
Novidades já notificadas anteriormente. Sem envio...
Rodou em: 2025-12-23 07:01:05.248102
Novidades já notificadas anteriormente. Sem envio...
Rodou em: 2025-12-23 07:20:05.859507
Novidades já notificadas anteriormente. Sem envio...
Rodou em: 2025-12-23 07:30:05.996472
Novidades já notificadas anteriormente. Sem envio...
Rodou em: 2025-12-23 07:40:06.150149
Novidades já notificadas anteriormente. Sem envio...
Rodou em: 2025-12-23 07:50:04.590272
Novidades já notificadas anteriormente. Sem envio...
Rodou em: 2025-12-23 08:00:13.860052
Novidades já notificadas anteriormente. Sem envio...
Rodou em: 2025-12-23 08:10:05.285735
Novidades já notificadas anteriormente. Sem envio...
Rodou em: 2025-12-23 08:20:03.666505
Novidades já notificadas anteriormente. Sem envio...
Rodou em: 2025-12-23 08:30:07.119891
Novidades já notificadas anteriormente. Sem envio...
Rodou em: 2025-12-23 08:40:05.034089
Novidades já notificadas anteriormente. Sem envio...
Rodou em: 2025-12-23 08:50:05.476269
Novidades já notificadas anteriormente. Sem envio...
Rodou em: 2025-12-23 09:00:04.059559
Novidades já notificadas anteriormente. Sem envio...
Rodou em: 2025-12-23 09:10:06.111805
Novidades já notificadas anteriormente. Sem envio...
Rodou em: 2025-12-23 09:20:05.133304
Novidades já notificadas anteriormente. Sem envio...
Rodou em: 2025-12-23 09:30:06.281221
Novidades já notificadas anteriormente. Sem envio...
Rodou em: 2025-12-23 09:40:05.559029
Novidades já notificadas anteriormente. Sem envio...
Rodou em: 2025-12-23 09:50:04.404889
Novidades já notificadas anteriormente. Sem envio...
Rodou em: 2025-12-23 10:00:04.637336
Novidades já notificadas anteriormente. Sem envio...
Rodou em: 2025-12-23 10:10:06.034512
Novidades já notificadas anteriormente. Sem envio...
Rodou em: 2025-12-23 10:20:03.615823
Novidades já notificadas anteriormente. Sem envio...
Rodou em: 2025-12-23 10:30:04.464692
Novidades já notificadas anteriormente. Sem envio...
Rodou em: 2025-12-23 10:40:04.742000
Novidades já notificadas anteriormente. Sem envio...
Rodou em: 2025-12-23 10:50:03.954560
Novidades já notificadas anteriormente. Sem envio...
Rodou em: 2025-12-23 11:00:04.537291
Novidades já notificadas anteriormente. Sem envio...
Rodou em: 2025-12-23 11:10:04.059549
Novidades já notificadas anteriormente. Sem envio...
Rodou em: 2025-12-23 11:20:05.578954
Novidades já notificadas anteriormente. Sem envio...
Rodou em: 2025-12-23 11:30:04.463619
Novidades já notificadas anteriormente. Sem envio...
Rodou em: 2025-12-23 11:40:03.692992
Novidades já notificadas anteriormente. Sem envio...
Rodou em: 2025-12-23 11:50:04.460029
Novidades já notificadas anteriormente. Sem envio...
Rodou em: 2025-12-23 12:00:05.408423
Novidades já notificadas anteriormente. Sem envio...
Rodou em: 2025-12-23 12:10:04.140582
Novidades já notificadas anteriormente. Sem envio...
Rodou em: 2025-12-23 12:20:08.959966
Novidades já notificadas anteriormente. Sem envio...
Rodou em: 2025-12-23 12:30:04.977025
Novidades já notificadas anteriormente. Sem envio...
Rodou em: 2025-12-23 12:40:04.740254
Novidades já notificadas anteriormente. Sem envio...
Rodou em: 2025-12-23 12:50:04.347493
Novidades já notificadas anteriormente. Sem envio...
Rodou em: 2025-12-23 13:00:04.142992
Novidades já notificadas anteriormente. Sem envio...
Rodou em: 2025-12-23 13:10:04.065947
Novidades já notificadas anteriormente. Sem envio...
Rodou em: 2025-12-23 13:20:03.529724
Novidades já notificadas anteriormente. Sem envio...
Rodou em: 2025-12-23 13:30:05.481981
Novidades já notificadas anteriormente. Sem envio...
Rodou em: 2025-12-23 13:40:06.253636
Novidades já notificadas anteriormente. Sem envio...
Rodou em: 2025-12-23 13:50:04.382827
Novidades já notificadas anteriormente. Sem envio...
Rodou em: 2025-12-23 14:00:04.364311
Novidades já notificadas anteriormente. Sem envio...
Rodou em: 2025-12-23 14:10:03.865136
Novidades já notificadas anteriormente. Sem envio...
Rodou em: 2025-12-23 14:20:05.848498
Novidades já notificadas anteriormente. Sem envio...
Rodou em: 2025-12-23 14:30:05.237111
Novidades já notificadas anteriormente. Sem envio...
Rodou em: 2025-12-23 14:40:07.673611
Novidades já notificadas anteriormente. Sem envio...
Rodou em: 2025-12-23 14:50:04.272136
Novidades já notificadas anteriormente. Sem envio...
Rodou em: 2025-12-23 15:00:04.817927
Novidades já notificadas anteriormente. Sem envio...
Rodou em: 2025-12-23 15:10:05.645840
Novidades já notificadas anteriormente. Sem envio...
Rodou em: 2025-12-23 15:20:05.032528
Novidades já notificadas anteriormente. Sem envio...
Rodou em: 2025-12-23 15:30:04.206734
Novidades já notificadas anteriormente. Sem envio...
Rodou em: 2025-12-23 15:40:05.670517
Novidades já notificadas anteriormente. Sem envio...
Rodou em: 2025-12-23 15:50:04.384672
Novidades já notificadas anteriormente. Sem envio...
Rodou em: 2025-12-23 16:00:05.570305
Novidades já notificadas anteriormente. Sem envio...
Rodou em: 2025-12-23 16:10:04.180988
Novidades já notificadas anteriormente. Sem envio...
Rodou em: 2025-12-23 16:20:06.714147
Novidades já notificadas anteriormente. Sem envio...
Rodou em: 2025-12-23 16:30:04.485561
Novidades já notificadas anteriormente. Sem envio...
Rodou em: 2025-12-23 16:40:09.625902
Novidades já notificadas anteriormente. Sem envio...
Rodou em: 2025-12-23 16:50:04.481968
Novidades já notificadas anteriormente. Sem envio...
Rodou em: 2025-12-23 17:00:04.433075
Novidades já notificadas anteriormente. Sem envio...
Rodou em: 2025-12-23 17:10:05.917372
Novidades já notificadas anteriormente. Sem envio...
Rodou em: 2025-12-23 17:20:05.774863
Novidades já notificadas anteriormente. Sem envio...
Rodou em: 2025-12-23 17:30:04.293507
Novidades já notificadas anteriormente. Sem envio...
Rodou em: 2025-12-23 17:40:04.874410
Novidades já notificadas anteriormente. Sem envio...
Rodou em: 2025-12-23 17:50:05.291129
Novidades já notificadas anteriormente. Sem envio...
Rodou em: 2025-12-23 18:00:04.215950
Novidades já notificadas anteriormente. Sem envio...
Rodou em: 2025-12-23 18:10:04.889710
Novidades já notificadas anteriormente. Sem envio...
Rodou em: 2025-12-23 18:20:04.022635
Novidades já notificadas anteriormente. Sem envio...
Rodou em: 2025-12-23 18:30:04.104016
Novidades já notificadas anteriormente. Sem envio...
Rodou em: 2025-12-23 18:40:04.655363
Novidades já notificadas anteriormente. Sem envio...
Rodou em: 2025-12-23 18:50:04.325810
Novidades já notificadas anteriormente. Sem envio...
Rodou em: 2025-12-23 19:00:05.496054
Novidades já notificadas anteriormente. Sem envio...
Rodou em: 2025-12-23 19:10:05.310994
Novidades já notificadas anteriormente. Sem envio...
Rodou em: 2025-12-23 19:20:04.662560
Novidades já notificadas anteriormente. Sem envio...
Rodou em: 2025-12-23 19:30:04.204769
Novidades já notificadas anteriormente. Sem envio...
Rodou em: 2025-12-23 19:40:05.005789
Novidades já notificadas anteriormente. Sem envio...
Rodou em: 2025-12-23 19:50:06.340167
Novidades já notificadas anteriormente. Sem envio...
Rodou em: 2025-12-23 20:00:04.013120
Novidades já notificadas anteriormente. Sem envio...
Rodou em: 2025-12-23 20:10:05.925573
Novidades já notificadas anteriormente. Sem envio...
Rodou em: 2025-12-23 20:20:03.679370
Novidades já notificadas anteriormente. Sem envio...
Rodou em: 2025-12-23 20:30:05.962672
Novidades já notificadas anteriormente. Sem envio...
Rodou em: 2025-12-23 20:40:05.574664
Novidades já notificadas anteriormente. Sem envio...
Rodou em: 2025-12-23 20:50:05.602042
Novidades já notificadas anteriormente. Sem envio...
Rodou em: 2025-12-23 21:00:04.285682
Novidades já notificadas anteriormente. Sem envio...
Rodou em: 2025-12-23 21:10:06.260281
Novidades já notificadas anteriormente. Sem envio...
Rodou em: 2025-12-23 21:20:05.067907
Novidades já notificadas anteriormente. Sem envio...
Rodou em: 2025-12-23 21:30:03.927099
Novidades já notificadas anteriormente. Sem envio...
Rodou em: 2025-12-23 21:40:03.724576
Novidades já notificadas anteriormente. Sem envio...
Rodou em: 2025-12-23 21:50:03.685609
Novidades já notificadas anteriormente. Sem envio...
Rodou em: 2025-12-23 22:00:05.995964
Novidades já notificadas anteriormente. Sem envio...
Rodou em: 2025-12-23 22:10:06.246805
Novidades já notificadas anteriormente. Sem envio...
Rodou em: 2025-12-23 22:20:05.961537
Novidades já notificadas anteriormente. Sem envio...
Rodou em: 2025-12-23 22:30:04.505461
Novidades já notificadas anteriormente. Sem envio...
Rodou em: 2025-12-23 22:40:05.373385
Novidades já notificadas anteriormente. Sem envio...
Rodou em: 2025-12-23 22:50:05.041433
Novidades já notificadas anteriormente. Sem envio...
Rodou em: 2025-12-23 23:00:05.224400
Novidades já notificadas anteriormente. Sem envio...
Rodou em: 2025-12-23 23:10:05.067205
Novidades já notificadas anteriormente. Sem envio...
Rodou em: 2025-12-23 23:20:05.393031
Novidades já notificadas anteriormente. Sem envio...
Rodou em: 2025-12-23 23:30:04.887853
Novidades já notificadas anteriormente. Sem envio...
Rodou em: 2025-12-23 23:40:04.301411
Novidades já notificadas anteriormente. Sem envio...
Rodou em: 2025-12-23 23:50:04.061313
Novidades já notificadas anteriormente. Sem envio...
Rodou em: 2025-12-24 00:00:06.450701
Novidades já notificadas anteriormente. Sem envio...
Rodou em: 2025-12-24 00:10:04.406041
Novidades já notificadas anteriormente. Sem envio...
Rodou em: 2025-12-24 00:50:04.948150
Novidades já notificadas anteriormente. Sem envio...
Rodou em: 2025-12-24 04:40:07.943769
Novidades já notificadas anteriormente. Sem envio...
Rodou em: 2025-12-24 04:50:03.560831
Novidades já notificadas anteriormente. Sem envio...
Rodou em: 2025-12-24 05:00:04.599476
Novidades já notificadas anteriormente. Sem envio...
Rodou em: 2025-12-24 05:10:04.350560
Novidades já notificadas anteriormente. Sem envio...
Rodou em: 2025-12-24 05:20:04.220800
Novidades já notificadas anteriormente. Sem envio...
Rodou em: 2025-12-24 05:30:04.908895
Novidades já notificadas anteriormente. Sem envio...
Rodou em: 2025-12-24 05:40:03.545926
Novidades já notificadas anteriormente. Sem envio...
Rodou em: 2025-12-24 09:03:05.821844
Novidades já notificadas anteriormente. Sem envio...
Rodou em: 2025-12-24 12:40:07.252525
Novidades já notificadas anteriormente. Sem envio...
Rodou em: 2025-12-24 13:50:07.083909
Novidades já notificadas anteriormente. Sem envio...
Rodou em: 2025-12-24 14:00:07.454865
Novidades já notificadas anteriormente. Sem envio...
Rodou em: 2025-12-24 14:10:05.634372
Novidades já notificadas anteriormente. Sem envio...
Rodou em: 2025-12-24 14:20:05.594334
Novidades já notificadas anteriormente. Sem envio...
Rodou em: 2025-12-24 14:30:07.319358
Novidades já notificadas anteriormente. Sem envio...
Rodou em: 2025-12-24 14:40:07.120352
Novidades já notificadas anteriormente. Sem envio...
Rodou em: 2025-12-24 14:50:04.586910
Novidades já notificadas anteriormente. Sem envio...
Rodou em: 2025-12-24 15:00:05.097633
Novidades já notificadas anteriormente. Sem envio...
Rodou em: 2025-12-24 15:10:05.155429
Novidades já notificadas anteriormente. Sem envio...
Rodou em: 2025-12-24 15:20:05.326694
Novidades já notificadas anteriormente. Sem envio...
Rodou em: 2025-12-24 15:30:05.924712
Novidades já notificadas anteriormente. Sem envio...
Rodou em: 2025-12-24 15:40:04.451243
Novidades já notificadas anteriormente. Sem envio...
Rodou em: 2025-12-24 15:50:04.524957
Novidades já notificadas anteriormente. Sem envio...
Rodou em: 2025-12-24 16:00:05.902520
Novidades já notificadas anteriormente. Sem envio...
Rodou em: 2025-12-24 16:10:04.339657
Novidades já notificadas anteriormente. Sem envio...
Rodou em: 2025-12-24 16:20:05.331644
Novidades já notificadas anteriormente. Sem envio...
Rodou em: 2025-12-24 16:30:07.371637
Novidades já notificadas anteriormente. Sem envio...
Rodou em: 2025-12-24 16:40:08.569316
Novidades já notificadas anteriormente. Sem envio...
Rodou em: 2025-12-24 16:50:07.111465
Novidades já notificadas anteriormente. Sem envio...
Rodou em: 2025-12-24 17:00:04.009468
Novidades já notificadas anteriormente. Sem envio...
Rodou em: 2025-12-24 17:10:05.969698
Novidades já notificadas anteriormente. Sem envio...
Rodou em: 2025-12-24 17:20:04.602457
Novidades já notificadas anteriormente. Sem envio...
Rodou em: 2025-12-24 17:30:04.423311
Novidades já notificadas anteriormente. Sem envio...
Rodou em: 2025-12-24 17:40:05.087352
Novidades já notificadas anteriormente. Sem envio...
Rodou em: 2025-12-24 17:50:06.995429
Novidades já notificadas anteriormente. Sem envio...
Rodou em: 2025-12-24 18:00:05.576971
Novidades já notificadas anteriormente. Sem envio...
Rodou em: 2025-12-24 18:10:05.363335
Novidades já notificadas anteriormente. Sem envio...
Rodou em: 2025-12-24 18:20:04.077307
Novidades já notificadas anteriormente. Sem envio...
Rodou em: 2025-12-24 18:30:04.479805
Novidades já notificadas anteriormente. Sem envio...
Rodou em: 2025-12-24 18:40:05.771770
Novidades já notificadas anteriormente. Sem envio...
Rodou em: 2025-12-24 18:50:06.235561
Novidades já notificadas anteriormente. Sem envio...
Rodou em: 2025-12-24 19:00:04.384470
Novidades já notificadas anteriormente. Sem envio...
Rodou em: 2025-12-24 19:10:04.859033
Novidades já notificadas anteriormente. Sem envio...
Rodou em: 2025-12-24 19:20:05.873931
Novidades já notificadas anteriormente. Sem envio...
Rodou em: 2025-12-24 19:30:04.026575
Novidades já notificadas anteriormente. Sem envio...
Rodou em: 2025-12-24 19:40:04.154539
Novidades já notificadas anteriormente. Sem envio...
Rodou em: 2025-12-24 19:50:04.514347
Novidades já notificadas anteriormente. Sem envio...
Rodou em: 2025-12-24 20:00:04.773099
Novidades já notificadas anteriormente. Sem envio...
Rodou em: 2025-12-24 20:10:04.685319
Novidades já notificadas anteriormente. Sem envio...
Rodou em: 2025-12-24 20:20:05.180184
Novidades já notificadas anteriormente. Sem envio...
Rodou em: 2025-12-24 20:30:04.831638
Novidades já notificadas anteriormente. Sem envio...
Rodou em: 2025-12-24 20:40:03.996859
Novidades já notificadas anteriormente. Sem envio...
Rodou em: 2025-12-24 20:50:04.565729
Novidades já notificadas anteriormente. Sem envio...
Rodou em: 2025-12-24 21:00:04.897678
Novidades já notificadas anteriormente. Sem envio...
Rodou em: 2025-12-24 21:10:06.398722
Novidades já notificadas anteriormente. Sem envio...
Rodou em: 2025-12-24 21:20:04.128499
Novidades já notificadas anteriormente. Sem envio...
Rodou em: 2025-12-24 21:30:04.834676
Novidades já notificadas anteriormente. Sem envio...
Rodou em: 2025-12-24 21:40:05.936040
Novidades já notificadas anteriormente. Sem envio...
Rodou em: 2025-12-24 21:50:03.998086
Novidades já notificadas anteriormente. Sem envio...
Rodou em: 2025-12-24 22:00:04.889558
Novidades já notificadas anteriormente. Sem envio...
Rodou em: 2025-12-24 22:10:03.991331
Novidades já notificadas anteriormente. Sem envio...
Rodou em: 2025-12-24 22:20:03.741690
Novidades já notificadas anteriormente. Sem envio...
Rodou em: 2025-12-24 22:30:04.814281
Novidades já notificadas anteriormente. Sem envio...
Rodou em: 2025-12-24 22:40:04.010613
Novidades já notificadas anteriormente. Sem envio...
Rodou em: 2025-12-24 22:50:03.868324
Novidades já notificadas anteriormente. Sem envio...
Rodou em: 2025-12-24 23:00:04.110021
Novidades já notificadas anteriormente. Sem envio...
Rodou em: 2025-12-24 23:10:05.792917
Novidades já notificadas anteriormente. Sem envio...
Rodou em: 2025-12-24 23:20:06.313877
Novidades já notificadas anteriormente. Sem envio...
Rodou em: 2025-12-24 23:30:04.146349
Novidades já notificadas anteriormente. Sem envio...
Rodou em: 2025-12-24 23:40:04.878860
Novidades já notificadas anteriormente. Sem envio...
Rodou em: 2025-12-24 23:50:04.282590
Novidades já notificadas anteriormente. Sem envio...
Rodou em: 2025-12-25 00:00:06.412012
Novidades já notificadas anteriormente. Sem envio...
Rodou em: 2025-12-25 00:10:05.575053
Novidades já notificadas anteriormente. Sem envio...
Rodou em: 2025-12-25 00:20:05.833232
Novidades já notificadas anteriormente. Sem envio...
Rodou em: 2025-12-25 00:30:04.178842
Novidades já notificadas anteriormente. Sem envio...
Rodou em: 2025-12-25 00:40:03.999859
Novidades já notificadas anteriormente. Sem envio...
Rodou em: 2025-12-25 00:50:03.633175
Novidades já notificadas anteriormente. Sem envio...
Rodou em: 2025-12-25 01:00:04.478360
Novidades já notificadas anteriormente. Sem envio...
Rodou em: 2025-12-25 01:10:05.895473
Novidades já notificadas anteriormente. Sem envio...
Rodou em: 2025-12-25 01:20:03.694561
Novidades já notificadas anteriormente. Sem envio...
Rodou em: 2025-12-25 01:30:04.756290
Novidades já notificadas anteriormente. Sem envio...
Rodou em: 2025-12-25 01:40:04.766098
Novidades já notificadas anteriormente. Sem envio...
Rodou em: 2025-12-25 01:50:05.745186
Novidades já notificadas anteriormente. Sem envio...
Rodou em: 2025-12-25 02:00:05.211742
Novidades já notificadas anteriormente. Sem envio...
Rodou em: 2025-12-25 02:10:05.049671
Novidades já notificadas anteriormente. Sem envio...
Rodou em: 2025-12-25 02:20:04.616641
Novidades já notificadas anteriormente. Sem envio...
Rodou em: 2025-12-25 02:30:04.597012
Novidades já notificadas anteriormente. Sem envio...
Rodou em: 2025-12-25 02:40:07.127230
Novidades já notificadas anteriormente. Sem envio...
Rodou em: 2025-12-25 02:50:04.322882
Novidades já notificadas anteriormente. Sem envio...
Rodou em: 2025-12-25 03:00:05.382645
Novidades já notificadas anteriormente. Sem envio...
Rodou em: 2025-12-25 03:10:05.575487
Novidades já notificadas anteriormente. Sem envio...
Rodou em: 2025-12-25 03:20:05.895408
Novidades já notificadas anteriormente. Sem envio...
Rodou em: 2025-12-25 03:30:05.448814
Novidades já notificadas anteriormente. Sem envio...
Rodou em: 2025-12-25 03:40:07.167860
Novidades já notificadas anteriormente. Sem envio...
Rodou em: 2025-12-25 03:50:05.595395
Novidades já notificadas anteriormente. Sem envio...
Rodou em: 2025-12-25 04:00:04.266971
Novidades já notificadas anteriormente. Sem envio...
Rodou em: 2025-12-25 04:10:04.840159
Novidades já notificadas anteriormente. Sem envio...
Rodou em: 2025-12-25 04:20:04.117667
Novidades já notificadas anteriormente. Sem envio...
Rodou em: 2025-12-25 04:30:06.417506
Novidades já notificadas anteriormente. Sem envio...
Rodou em: 2025-12-25 04:40:06.510221
Novidades já notificadas anteriormente. Sem envio...
Rodou em: 2025-12-25 04:50:05.823934
Novidades já notificadas anteriormente. Sem envio...
Rodou em: 2025-12-25 05:00:03.999430
Novidades já notificadas anteriormente. Sem envio...
Rodou em: 2025-12-25 05:10:05.085730
Novidades já notificadas anteriormente. Sem envio...
Rodou em: 2025-12-25 05:20:04.445908
Novidades já notificadas anteriormente. Sem envio...
Rodou em: 2025-12-25 05:30:05.129715
Novidades já notificadas anteriormente. Sem envio...
Rodou em: 2025-12-25 05:40:05.175890
Novidades já notificadas anteriormente. Sem envio...
Rodou em: 2025-12-25 05:50:04.629212
Novidades já notificadas anteriormente. Sem envio...
Rodou em: 2025-12-25 06:00:04.675990
Novidades já notificadas anteriormente. Sem envio...
Rodou em: 2025-12-25 06:10:06.683078
Novidades já notificadas anteriormente. Sem envio...
Rodou em: 2025-12-25 06:20:05.289211
Novidades já notificadas anteriormente. Sem envio...
Rodou em: 2025-12-25 06:30:05.592438
Novidades já notificadas anteriormente. Sem envio...
Rodou em: 2025-12-25 06:40:04.229330
Novidades já notificadas anteriormente. Sem envio...
Rodou em: 2025-12-25 06:50:05.939905
Novidades já notificadas anteriormente. Sem envio...
Rodou em: 2025-12-25 07:00:03.588300
Novidades já notificadas anteriormente. Sem envio...
Rodou em: 2025-12-25 07:10:04.437700
Novidades já notificadas anteriormente. Sem envio...
Rodou em: 2025-12-25 07:20:04.767703
Novidades já notificadas anteriormente. Sem envio...
Rodou em: 2025-12-25 07:30:07.105960
Novidades já notificadas anteriormente. Sem envio...
Rodou em: 2025-12-25 07:40:04.287875
Novidades já notificadas anteriormente. Sem envio...
Rodou em: 2025-12-25 07:50:04.085401
Novidades já notificadas anteriormente. Sem envio...
Rodou em: 2025-12-25 08:00:03.874212
Novidades já notificadas anteriormente. Sem envio...
Rodou em: 2025-12-25 08:10:03.722499
Novidades já notificadas anteriormente. Sem envio...
Rodou em: 2025-12-25 08:20:06.433837
Novidades já notificadas anteriormente. Sem envio...
Rodou em: 2025-12-25 08:30:04.284146
Novidades já notificadas anteriormente. Sem envio...
Rodou em: 2025-12-25 08:40:04.553635
Novidades já notificadas anteriormente. Sem envio...
Rodou em: 2025-12-25 08:50:05.786344
Novidades já notificadas anteriormente. Sem envio...
Rodou em: 2025-12-25 09:00:05.344660
Novidades já notificadas anteriormente. Sem envio...
Rodou em: 2025-12-25 09:10:05.293290
Novidades já notificadas anteriormente. Sem envio...
Rodou em: 2025-12-25 09:20:05.224521
Novidades já notificadas anteriormente. Sem envio...
Rodou em: 2025-12-25 09:30:04.191150
Novidades já notificadas anteriormente. Sem envio...
Rodou em: 2025-12-25 09:40:04.128076
Novidades já notificadas anteriormente. Sem envio...
Rodou em: 2025-12-25 09:50:07.010089
Novidades já notificadas anteriormente. Sem envio...
Rodou em: 2025-12-25 10:00:03.964524
Novidades já notificadas anteriormente. Sem envio...
Rodou em: 2025-12-25 10:10:04.009292
Novidades já notificadas anteriormente. Sem envio...
Rodou em: 2025-12-25 10:20:03.799359
Novidades já notificadas anteriormente. Sem envio...
Rodou em: 2025-12-25 10:30:05.094631
Novidades já notificadas anteriormente. Sem envio...
Rodou em: 2025-12-25 10:40:04.148475
Novidades já notificadas anteriormente. Sem envio...
Rodou em: 2025-12-25 10:50:04.376906
Novidades já notificadas anteriormente. Sem envio...
Rodou em: 2025-12-25 11:00:03.970443
Novidades já notificadas anteriormente. Sem envio...
Rodou em: 2025-12-25 11:10:04.598765
Novidades já notificadas anteriormente. Sem envio...
Rodou em: 2025-12-25 11:20:04.315184
Novidades já notificadas anteriormente. Sem envio...
Rodou em: 2025-12-25 11:30:05.499824
Novidades já notificadas anteriormente. Sem envio...
Rodou em: 2025-12-25 11:40:05.438583
Novidades já notificadas anteriormente. Sem envio...
Rodou em: 2025-12-25 11:50:05.362321
Novidades já notificadas anteriormente. Sem envio...
Rodou em: 2025-12-25 12:00:07.113029
Novidades já notificadas anteriormente. Sem envio...
Rodou em: 2025-12-25 15:00:08.162569
Novidades já notificadas anteriormente. Sem envio...
Rodou em: 2025-12-25 15:10:04.891962
Novidades já notificadas anteriormente. Sem envio...
Rodou em: 2025-12-25 16:32:14.607144
Novidades já notificadas anteriormente. Sem envio...
Rodou em: 2025-12-25 17:30:20.826121
Novidades já notificadas anteriormente. Sem envio...
Rodou em: 2025-12-25 21:10:08.978597
Novidades já notificadas anteriormente. Sem envio...
Rodou em: 2025-12-25 21:34:07.030120
Novidades já notificadas anteriormente. Sem envio...
Rodou em: 2025-12-26 01:56:16.434707
Novidades já notificadas anteriormente. Sem envio...
Rodou em: 2025-12-26 06:10:06.707606
Novidades já notificadas anteriormente. Sem envio...
Rodou em: 2025-12-26 06:20:05.952888
Novidades já notificadas anteriormente. Sem envio...
Rodou em: 2025-12-26 06:30:04.951177
Novidades já notificadas anteriormente. Sem envio...
Rodou em: 2025-12-26 06:40:04.829056
Novidades já notificadas anteriormente. Sem envio...
Rodou em: 2025-12-26 06:50:03.694229
Novidades já notificadas anteriormente. Sem envio...
Rodou em: 2025-12-26 07:00:04.595724
Novidades já notificadas anteriormente. Sem envio...
Rodou em: 2025-12-26 07:10:04.979385
Novidades já notificadas anteriormente. Sem envio...
Rodou em: 2025-12-26 07:41:45.758836
Novidades já notificadas anteriormente. Sem envio...
Rodou em: 2025-12-26 07:50:05.018265
Novidades já notificadas anteriormente. Sem envio...
Rodou em: 2025-12-26 08:00:05.401523
Novidades já notificadas anteriormente. Sem envio...
Rodou em: 2025-12-26 08:10:05.019960
Novidades já notificadas anteriormente. Sem envio...
Rodou em: 2025-12-26 08:20:04.490621
Novidades já notificadas anteriormente. Sem envio...
Rodou em: 2025-12-26 08:30:04.318907
Novidades já notificadas anteriormente. Sem envio...
Rodou em: 2025-12-26 08:40:04.872387
Novidades já notificadas anteriormente. Sem envio...
Rodou em: 2025-12-26 08:50:05.334346
Novidades já notificadas anteriormente. Sem envio...
Rodou em: 2025-12-26 09:00:05.576400
Novidades já notificadas anteriormente. Sem envio...
Rodou em: 2025-12-26 09:10:06.671550
Novidades já notificadas anteriormente. Sem envio...
Rodou em: 2025-12-26 09:20:06.151618
Novidades já notificadas anteriormente. Sem envio...
Rodou em: 2025-12-26 09:30:12.554595
Novidades já notificadas anteriormente. Sem envio...
Rodou em: 2025-12-26 09:40:05.868169
Novidades já notificadas anteriormente. Sem envio...
Rodou em: 2025-12-26 09:50:05.785768
Novidades já notificadas anteriormente. Sem envio...
Rodou em: 2025-12-26 10:00:07.306469
Novidades já notificadas anteriormente. Sem envio...
Rodou em: 2025-12-26 10:10:06.863040
Novidades já notificadas anteriormente. Sem envio...
Rodou em: 2025-12-26 10:20:06.204931
Novidades já notificadas anteriormente. Sem envio...
Rodou em: 2025-12-26 10:30:04.532758
Novidades já notificadas anteriormente. Sem envio...
Rodou em: 2025-12-26 10:40:10.405345
Novidades já notificadas anteriormente. Sem envio...
Rodou em: 2025-12-26 10:50:04.083345
Novidades já notificadas anteriormente. Sem envio...
Rodou em: 2025-12-26 11:00:05.359024
Novidades já notificadas anteriormente. Sem envio...
Rodou em: 2025-12-26 11:10:21.954088
Novidades já notificadas anteriormente. Sem envio...
Rodou em: 2025-12-26 11:20:06.855482
Novidades já notificadas anteriormente. Sem envio...
Rodou em: 2025-12-26 11:30:05.306523
Novidades já notificadas anteriormente. Sem envio...
Rodou em: 2025-12-26 11:40:06.501820
Novidades já notificadas anteriormente. Sem envio...
Rodou em: 2025-12-26 11:50:04.595874
Novidades já notificadas anteriormente. Sem envio...
Rodou em: 2025-12-26 12:00:05.582370
Novidades já notificadas anteriormente. Sem envio...
Rodou em: 2025-12-26 12:10:04.448148
Novidades já notificadas anteriormente. Sem envio...
Rodou em: 2025-12-26 12:20:04.335779
Novidades já notificadas anteriormente. Sem envio...
Rodou em: 2025-12-26 12:30:04.108434
Novidades já notificadas anteriormente. Sem envio...
Rodou em: 2025-12-26 12:40:06.143894
Novidades já notificadas anteriormente. Sem envio...
Rodou em: 2025-12-26 12:50:03.809981
Novidades já notificadas anteriormente. Sem envio...
Rodou em: 2025-12-26 13:00:03.957824
Novidades já notificadas anteriormente. Sem envio...
Rodou em: 2025-12-26 13:10:06.781548
Novidades já notificadas anteriormente. Sem envio...
Rodou em: 2025-12-26 13:20:12.193322
Novidades já notificadas anteriormente. Sem envio...
Rodou em: 2025-12-26 13:30:04.768994
Novidades já notificadas anteriormente. Sem envio...
Rodou em: 2025-12-26 13:40:04.224298
Novidades já notificadas anteriormente. Sem envio...
Rodou em: 2025-12-26 13:50:05.251261
Novidades já notificadas anteriormente. Sem envio...
Rodou em: 2025-12-26 14:00:07.556839
Novidades já notificadas anteriormente. Sem envio...
Rodou em: 2025-12-26 14:10:03.580019
Novidades já notificadas anteriormente. Sem envio...
Rodou em: 2025-12-26 14:20:04.864809
Novidades já notificadas anteriormente. Sem envio...
Rodou em: 2025-12-26 14:30:04.537393
Novidades já notificadas anteriormente. Sem envio...
Rodou em: 2025-12-26 14:40:06.317624
Novidades já notificadas anteriormente. Sem envio...
Rodou em: 2025-12-26 14:50:06.541780
Novidades já notificadas anteriormente. Sem envio...
Rodou em: 2025-12-26 15:00:04.394982
Novidades já notificadas anteriormente. Sem envio...
Rodou em: 2025-12-26 15:10:05.447697
Novidades já notificadas anteriormente. Sem envio...
Rodou em: 2025-12-26 15:20:03.848544
Novidades já notificadas anteriormente. Sem envio...
Rodou em: 2025-12-26 15:30:05.405389
Novidades já notificadas anteriormente. Sem envio...
Rodou em: 2025-12-26 15:40:13.156298
Novidades já notificadas anteriormente. Sem envio...
Rodou em: 2025-12-26 15:50:06.092042
Novidades já notificadas anteriormente. Sem envio...
Rodou em: 2025-12-26 16:00:04.119562
Novidades já notificadas anteriormente. Sem envio...
Rodou em: 2025-12-26 16:10:04.145270
Novidades já notificadas anteriormente. Sem envio...
Rodou em: 2025-12-26 16:20:05.097289
Novidades já notificadas anteriormente. Sem envio...
Rodou em: 2025-12-26 16:30:04.886326
Novidades já notificadas anteriormente. Sem envio...
Rodou em: 2025-12-26 16:40:08.186413
Novidades já notificadas anteriormente. Sem envio...
Rodou em: 2025-12-26 16:50:04.453444
Novidades já notificadas anteriormente. Sem envio...
Rodou em: 2025-12-26 17:00:05.289244
Novidades já notificadas anteriormente. Sem envio...
Rodou em: 2025-12-26 17:10:04.311575
Novidades já notificadas anteriormente. Sem envio...
Rodou em: 2025-12-26 17:20:08.977717
Novidades já notificadas anteriormente. Sem envio...
Rodou em: 2025-12-26 17:30:05.514660
Novidades já notificadas anteriormente. Sem envio...
Rodou em: 2025-12-26 17:40:04.996835
Novidades já notificadas anteriormente. Sem envio...
Rodou em: 2025-12-26 17:50:08.088938
Novidades já notificadas anteriormente. Sem envio...
Rodou em: 2025-12-26 18:00:04.137781
Novidades já notificadas anteriormente. Sem envio...
Rodou em: 2025-12-26 18:10:04.051840
Novidades já notificadas anteriormente. Sem envio...
Rodou em: 2025-12-26 18:20:03.460913
Novidades já notificadas anteriormente. Sem envio...
Rodou em: 2025-12-26 18:30:05.804250
Novidades já notificadas anteriormente. Sem envio...
Rodou em: 2025-12-26 18:40:05.772622
Novidades já notificadas anteriormente. Sem envio...
Rodou em: 2025-12-26 18:50:04.393132
Novidades já notificadas anteriormente. Sem envio...
Rodou em: 2025-12-26 19:00:13.968320
Novidades já notificadas anteriormente. Sem envio...
Rodou em: 2025-12-26 19:10:05.646013
Novidades já notificadas anteriormente. Sem envio...
Rodou em: 2025-12-26 19:20:05.853356
Novidades já notificadas anteriormente. Sem envio...
Rodou em: 2025-12-26 19:30:05.043167
Novidades já notificadas anteriormente. Sem envio...
Rodou em: 2025-12-26 19:40:05.638907
Novidades já notificadas anteriormente. Sem envio...
Rodou em: 2025-12-26 19:50:05.233950
Novidades já notificadas anteriormente. Sem envio...
Rodou em: 2025-12-26 20:00:04.700467
Novidades já notificadas anteriormente. Sem envio...
Rodou em: 2025-12-26 20:10:04.655714
Novidades já notificadas anteriormente. Sem envio...
Rodou em: 2025-12-26 20:20:04.679368
Novidades já notificadas anteriormente. Sem envio...
Rodou em: 2025-12-26 20:30:05.528597
Novidades já notificadas anteriormente. Sem envio...
Rodou em: 2025-12-26 20:40:06.199233
Novidades já notificadas anteriormente. Sem envio...
Rodou em: 2025-12-26 20:50:06.170453
Novidades já notificadas anteriormente. Sem envio...
Rodou em: 2025-12-26 21:00:03.772258
Novidades já notificadas anteriormente. Sem envio...
Rodou em: 2025-12-26 21:10:05.866969
Novidades já notificadas anteriormente. Sem envio...
Rodou em: 2025-12-26 21:20:05.085503
Novidades já notificadas anteriormente. Sem envio...
Rodou em: 2025-12-26 21:30:04.554175
Novidades já notificadas anteriormente. Sem envio...
Rodou em: 2025-12-26 21:40:04.374190
Novidades já notificadas anteriormente. Sem envio...
Rodou em: 2025-12-26 21:50:03.848834
Novidades já notificadas anteriormente. Sem envio...
Rodou em: 2025-12-26 22:00:04.956312
Novidades já notificadas anteriormente. Sem envio...
Rodou em: 2025-12-26 22:10:06.913174
Novidades já notificadas anteriormente. Sem envio...
Rodou em: 2025-12-26 22:20:04.826378
Novidades já notificadas anteriormente. Sem envio...
Rodou em: 2025-12-26 22:30:04.566966
Novidades já notificadas anteriormente. Sem envio...
Rodou em: 2025-12-26 22:40:06.233626
Novidades já notificadas anteriormente. Sem envio...
Rodou em: 2025-12-26 22:50:03.813960
Novidades já notificadas anteriormente. Sem envio...
Rodou em: 2025-12-26 23:00:04.051543
Novidades já notificadas anteriormente. Sem envio...
Rodou em: 2025-12-26 23:10:05.494952
Novidades já notificadas anteriormente. Sem envio...
Rodou em: 2025-12-26 23:20:04.006497
Novidades já notificadas anteriormente. Sem envio...
Rodou em: 2025-12-26 23:30:03.879870
Novidades já notificadas anteriormente. Sem envio...
Rodou em: 2025-12-26 23:40:07.837322
Novidades já notificadas anteriormente. Sem envio...
Rodou em: 2025-12-26 23:50:04.557160
Novidades já notificadas anteriormente. Sem envio...
Rodou em: 2025-12-27 04:50:07.176755
Novidades já notificadas anteriormente. Sem envio...
Rodou em: 2025-12-27 05:00:03.786270
Novidades já notificadas anteriormente. Sem envio...
Rodou em: 2025-12-27 05:10:04.262892
Novidades já notificadas anteriormente. Sem envio...
Rodou em: 2025-12-27 05:20:04.388838
Novidades já notificadas anteriormente. Sem envio...
Rodou em: 2025-12-27 05:30:04.100951
Novidades já notificadas anteriormente. Sem envio...
Rodou em: 2025-12-27 05:40:03.520966
Novidades já notificadas anteriormente. Sem envio...
Rodou em: 2025-12-27 05:50:05.609118
Novidades já notificadas anteriormente. Sem envio...
Rodou em: 2025-12-27 06:00:04.526992
Novidades já notificadas anteriormente. Sem envio...
Rodou em: 2025-12-27 06:10:05.754753
Novidades já notificadas anteriormente. Sem envio...
Rodou em: 2025-12-27 07:50:10.599694
Novidades já notificadas anteriormente. Sem envio...
Rodou em: 2025-12-27 08:00:32.490869
Novidades já notificadas anteriormente. Sem envio...
Rodou em: 2025-12-27 08:51:04.268217
Novidades já notificadas anteriormente. Sem envio...
Rodou em: 2025-12-27 17:40:35.501275
Novidades já notificadas anteriormente. Sem envio...
Rodou em: 2025-12-27 18:00:13.211572
Novidades já notificadas anteriormente. Sem envio...
Rodou em: 2025-12-27 19:00:51.521982
Novidades já notificadas anteriormente. Sem envio...
Rodou em: 2025-12-27 20:50:04.571273
Novidades já notificadas anteriormente. Sem envio...
Rodou em: 2025-12-27 21:10:06.908732
Novidades já notificadas anteriormente. Sem envio...
Rodou em: 2025-12-28 04:40:07.834746
Novidades já notificadas anteriormente. Sem envio...
Rodou em: 2025-12-28 04:50:03.749095
Novidades já notificadas anteriormente. Sem envio...
Rodou em: 2025-12-28 05:00:05.690136
Novidades já notificadas anteriormente. Sem envio...
Rodou em: 2025-12-28 05:10:05.682947
Novidades já notificadas anteriormente. Sem envio...
Rodou em: 2025-12-28 05:20:04.967382
Novidades já notificadas anteriormente. Sem envio...
Rodou em: 2025-12-28 05:30:04.883343
Novidades já notificadas anteriormente. Sem envio...
Rodou em: 2025-12-28 05:40:03.202554
Novidades já notificadas anteriormente. Sem envio...
Rodou em: 2025-12-28 05:50:06.695627
Novidades já notificadas anteriormente. Sem envio...
Rodou em: 2025-12-28 06:00:05.007278
Novidades já notificadas anteriormente. Sem envio...
Rodou em: 2025-12-28 08:00:29.620194
Novidades já notificadas anteriormente. Sem envio...
Rodou em: 2025-12-28 08:26:23.354169
Novidades já notificadas anteriormente. Sem envio...
Rodou em: 2025-12-28 08:51:50.413049
Novidades já notificadas anteriormente. Sem envio...
Erro ao acessar o site: HTTPSConnectionPool(host='sitepd.org.br', port=443): Read timed out. (read timeout=10)
Rodou em: 2025-12-28 09:52:48.376415
Novidades já notificadas anteriormente. Sem envio...
Rodou em: 2025-12-28 10:53:48.041234
Novidades já notificadas anteriormente. Sem envio...
Rodou em: 2025-12-28 17:15:10.899361
Novidades já notificadas anteriormente. Sem envio...
Rodou em: 2025-12-28 18:57:35.803620
Novidades já notificadas anteriormente. Sem envio...
Rodou em: 2025-12-28 21:10:07.099440
Novidades já notificadas anteriormente. Sem envio...
Rodou em: 2025-12-28 23:50:06.094657
Novidades já notificadas anteriormente. Sem envio...
Rodou em: 2025-12-29 00:30:04.316397
Novidades já notificadas anteriormente. Sem envio...
Rodou em: 2025-12-29 04:50:05.783737
Novidades já notificadas anteriormente. Sem envio...
Rodou em: 2025-12-29 05:00:03.720763
Novidades já notificadas anteriormente. Sem envio...
Rodou em: 2025-12-29 05:10:05.420693
Novidades já notificadas anteriormente. Sem envio...
Rodou em: 2025-12-29 05:20:04.029184
Novidades já notificadas anteriormente. Sem envio...
Rodou em: 2025-12-29 05:30:03.769493
Novidades já notificadas anteriormente. Sem envio...
Rodou em: 2025-12-29 05:40:03.397211
Novidades já notificadas anteriormente. Sem envio...
Rodou em: 2025-12-29 06:50:06.028001
Novidades já notificadas anteriormente. Sem envio...
Rodou em: 2025-12-29 07:50:07.230964
Novidades já notificadas anteriormente. Sem envio...
Rodou em: 2025-12-29 08:00:04.780373
Novidades já notificadas anteriormente. Sem envio...
Rodou em: 2025-12-29 08:10:05.797779
Novidades já notificadas anteriormente. Sem envio...
Rodou em: 2025-12-29 08:20:04.508238
Novidades já notificadas anteriormente. Sem envio...
Rodou em: 2025-12-29 08:30:05.153219
Novidades já notificadas anteriormente. Sem envio...
Rodou em: 2025-12-29 08:40:08.103257
Novidades já notificadas anteriormente. Sem envio...
Rodou em: 2025-12-29 08:50:05.546648
Novidades já notificadas anteriormente. Sem envio...
Rodou em: 2025-12-29 09:00:04.760245
Novidades já notificadas anteriormente. Sem envio...
Rodou em: 2025-12-29 09:10:04.204867
Novidades já notificadas anteriormente. Sem envio...
Rodou em: 2025-12-29 09:20:05.219899
Novidades já notificadas anteriormente. Sem envio...
Rodou em: 2025-12-29 09:30:04.341124
Novidades já notificadas anteriormente. Sem envio...
Rodou em: 2025-12-29 09:40:05.195430
Novidades já notificadas anteriormente. Sem envio...
Rodou em: 2025-12-29 09:50:06.792224
Novidades já notificadas anteriormente. Sem envio...
Rodou em: 2025-12-29 10:00:04.683915
Novidades já notificadas anteriormente. Sem envio...
Rodou em: 2025-12-29 10:10:04.085804
Novidades já notificadas anteriormente. Sem envio...
Rodou em: 2025-12-29 10:20:04.313301
Novidades já notificadas anteriormente. Sem envio...
Rodou em: 2025-12-29 10:30:06.040437
Novidades já notificadas anteriormente. Sem envio...
Rodou em: 2025-12-29 10:40:04.511113
Novidades já notificadas anteriormente. Sem envio...
Rodou em: 2025-12-29 10:50:06.017850
Novidades já notificadas anteriormente. Sem envio...
Rodou em: 2025-12-29 11:00:04.477686
Novidades já notificadas anteriormente. Sem envio...
Rodou em: 2025-12-29 11:10:04.091701
Novidades já notificadas anteriormente. Sem envio...
Rodou em: 2025-12-29 11:20:04.723900
Novidades já notificadas anteriormente. Sem envio...
Rodou em: 2025-12-29 11:30:04.204970
Novidades já notificadas anteriormente. Sem envio...
Rodou em: 2025-12-29 11:40:06.302610
Novidades já notificadas anteriormente. Sem envio...
Rodou em: 2025-12-29 11:50:04.934721
Novidades já notificadas anteriormente. Sem envio...
Rodou em: 2025-12-29 12:00:03.965132
Novidades já notificadas anteriormente. Sem envio...
Rodou em: 2025-12-29 12:10:06.114728
Novidades já notificadas anteriormente. Sem envio...
Rodou em: 2025-12-29 12:20:03.628301
Novidades já notificadas anteriormente. Sem envio...
Rodou em: 2025-12-29 12:30:05.267650
Novidades já notificadas anteriormente. Sem envio...
Rodou em: 2025-12-29 12:40:05.651619
Novidades já notificadas anteriormente. Sem envio...
Rodou em: 2025-12-29 12:50:04.338100
Novidades já notificadas anteriormente. Sem envio...
Rodou em: 2025-12-29 13:00:03.915317
Novidades já notificadas anteriormente. Sem envio...
Rodou em: 2025-12-29 13:10:05.598176
Novidades já notificadas anteriormente. Sem envio...
Rodou em: 2025-12-29 13:20:04.676066
Novidades já notificadas anteriormente. Sem envio...
Rodou em: 2025-12-29 13:30:04.211986
Novidades já notificadas anteriormente. Sem envio...
Rodou em: 2025-12-29 13:40:08.399722
Novidades já notificadas anteriormente. Sem envio...
Rodou em: 2025-12-29 13:50:06.000719
Novidades já notificadas anteriormente. Sem envio...
Rodou em: 2025-12-29 14:00:05.502480
Novidades já notificadas anteriormente. Sem envio...
Rodou em: 2025-12-29 14:10:05.948579
Novidades já notificadas anteriormente. Sem envio...
Rodou em: 2025-12-29 14:20:14.950581
Novidades já notificadas anteriormente. Sem envio...
Rodou em: 2025-12-29 14:30:04.900293
Novidades já notificadas anteriormente. Sem envio...
Rodou em: 2025-12-29 14:40:09.313141
Novidades já notificadas anteriormente. Sem envio...
Rodou em: 2025-12-29 14:50:05.702901
Novidades já notificadas anteriormente. Sem envio...
Rodou em: 2025-12-29 15:00:03.862463
Novidades já notificadas anteriormente. Sem envio...
Rodou em: 2025-12-29 15:10:06.113196
Novidades já notificadas anteriormente. Sem envio...
Rodou em: 2025-12-29 15:20:05.431917
Novidades já notificadas anteriormente. Sem envio...
Rodou em: 2025-12-29 15:30:05.290452
Novidades já notificadas anteriormente. Sem envio...
Rodou em: 2025-12-29 15:40:06.237995
Novidades já notificadas anteriormente. Sem envio...
Rodou em: 2025-12-29 15:50:05.981198
Novidades já notificadas anteriormente. Sem envio...
Rodou em: 2025-12-29 16:00:04.848007
Novidades já notificadas anteriormente. Sem envio...
Rodou em: 2025-12-29 16:10:06.661387
Novidades já notificadas anteriormente. Sem envio...
Rodou em: 2025-12-29 16:20:03.789547
Novidades já notificadas anteriormente. Sem envio...
Rodou em: 2025-12-29 16:30:04.826476
Novidades já notificadas anteriormente. Sem envio...
Rodou em: 2025-12-29 16:40:05.874960
Novidades já notificadas anteriormente. Sem envio...
Rodou em: 2025-12-29 16:50:05.101600
Novidades já notificadas anteriormente. Sem envio...
Rodou em: 2025-12-29 17:00:04.975597
Novidades já notificadas anteriormente. Sem envio...
Rodou em: 2025-12-29 17:10:04.876091
Novidades já notificadas anteriormente. Sem envio...
Rodou em: 2025-12-29 17:20:05.274239
Novidades já notificadas anteriormente. Sem envio...
Rodou em: 2025-12-29 17:30:03.917567
Novidades já notificadas anteriormente. Sem envio...
Rodou em: 2025-12-29 17:40:04.597466
Novidades já notificadas anteriormente. Sem envio...
Rodou em: 2025-12-29 21:20:07.332036
Novidades já notificadas anteriormente. Sem envio...
Rodou em: 2025-12-30 00:45:12.039229
Novidades já notificadas anteriormente. Sem envio...
Rodou em: 2025-12-30 00:50:31.572390
Novidades já notificadas anteriormente. Sem envio...
Rodou em: 2025-12-30 04:40:05.866568
Novidades já notificadas anteriormente. Sem envio...
Rodou em: 2025-12-30 04:50:05.147331
Novidades já notificadas anteriormente. Sem envio...
Rodou em: 2025-12-30 05:00:03.974353
Novidades já notificadas anteriormente. Sem envio...
Rodou em: 2025-12-30 05:10:04.603410
Novidades já notificadas anteriormente. Sem envio...
Rodou em: 2025-12-30 05:20:05.466231
Novidades já notificadas anteriormente. Sem envio...
Rodou em: 2025-12-30 05:30:05.064076
Novidades já notificadas anteriormente. Sem envio...
Rodou em: 2025-12-30 05:40:03.843454
Novidades já notificadas anteriormente. Sem envio...
Rodou em: 2025-12-30 07:40:08.933871
Novidades já notificadas anteriormente. Sem envio...
Rodou em: 2025-12-30 07:40:14.398833
Novidades já notificadas anteriormente. Sem envio...
Rodou em: 2025-12-30 07:50:04.454783
Novidades já notificadas anteriormente. Sem envio...
Rodou em: 2025-12-30 08:00:04.856867
Novidades já notificadas anteriormente. Sem envio...
Rodou em: 2025-12-30 08:10:04.678823
Novidades já notificadas anteriormente. Sem envio...
Rodou em: 2025-12-30 08:20:03.870545
Novidades já notificadas anteriormente. Sem envio...
Rodou em: 2025-12-30 08:30:06.081234
Novidades já notificadas anteriormente. Sem envio...
Rodou em: 2025-12-30 08:40:08.685526
Novidades já notificadas anteriormente. Sem envio...
Rodou em: 2025-12-30 08:50:03.983930
Novidades já notificadas anteriormente. Sem envio...
Rodou em: 2025-12-30 09:00:05.586458
Novidades já notificadas anteriormente. Sem envio...
Rodou em: 2025-12-30 09:10:04.554970
Novidades já notificadas anteriormente. Sem envio...
Rodou em: 2025-12-30 09:20:03.755554
Novidades já notificadas anteriormente. Sem envio...
Rodou em: 2025-12-30 09:30:05.978155
Novidades já notificadas anteriormente. Sem envio...
Rodou em: 2025-12-30 09:40:04.303965
Novidades já notificadas anteriormente. Sem envio...
Rodou em: 2025-12-30 09:50:03.881483
Novidades já notificadas anteriormente. Sem envio...
Rodou em: 2025-12-30 10:00:04.176961
Novidades já notificadas anteriormente. Sem envio...
Rodou em: 2025-12-30 10:10:04.435128
Novidades já notificadas anteriormente. Sem envio...
Rodou em: 2025-12-30 10:20:03.910071
Novidades já notificadas anteriormente. Sem envio...
Rodou em: 2025-12-30 10:30:04.493335
Novidades já notificadas anteriormente. Sem envio...
Rodou em: 2025-12-30 10:40:06.194378
Novidades já notificadas anteriormente. Sem envio...
Rodou em: 2025-12-30 10:50:04.814329
Novidades já notificadas anteriormente. Sem envio...
Rodou em: 2025-12-30 11:00:06.030978
Novidades já notificadas anteriormente. Sem envio...
Rodou em: 2025-12-30 11:10:04.494915
Novidades já notificadas anteriormente. Sem envio...
Rodou em: 2025-12-30 11:20:03.771570
Novidades já notificadas anteriormente. Sem envio...
Rodou em: 2025-12-30 11:30:04.140311
Novidades já notificadas anteriormente. Sem envio...
Rodou em: 2025-12-30 11:40:03.945564
Novidades já notificadas anteriormente. Sem envio...
Rodou em: 2025-12-30 11:50:05.002937
Novidades já notificadas anteriormente. Sem envio...
Rodou em: 2025-12-30 12:00:04.496247
Novidades já notificadas anteriormente. Sem envio...
Rodou em: 2025-12-30 12:10:06.056219
Novidades já notificadas anteriormente. Sem envio...
Rodou em: 2025-12-30 12:20:04.523716
Novidades já notificadas anteriormente. Sem envio...
Rodou em: 2025-12-30 12:30:04.309007
Novidades já notificadas anteriormente. Sem envio...
Rodou em: 2025-12-30 12:40:06.075791
Novidades já notificadas anteriormente. Sem envio...
Rodou em: 2025-12-30 12:50:07.121228
Novidades já notificadas anteriormente. Sem envio...
Rodou em: 2025-12-30 13:00:04.634617
Novidades já notificadas anteriormente. Sem envio...
Rodou em: 2025-12-30 13:10:06.100765
Novidades já notificadas anteriormente. Sem envio...
Rodou em: 2025-12-30 13:20:09.703581
Novidades já notificadas anteriormente. Sem envio...
Rodou em: 2025-12-30 13:30:04.633747
Novidades já notificadas anteriormente. Sem envio...
Rodou em: 2025-12-30 13:40:03.892903
Novidades já notificadas anteriormente. Sem envio...
Rodou em: 2025-12-30 13:50:04.081888
Novidades já notificadas anteriormente. Sem envio...
Rodou em: 2025-12-30 14:00:04.489101
Novidades já notificadas anteriormente. Sem envio...
Rodou em: 2025-12-30 14:10:06.674454
Novidades já notificadas anteriormente. Sem envio...
Rodou em: 2025-12-30 14:20:04.752192
Novidades já notificadas anteriormente. Sem envio...
Rodou em: 2025-12-30 14:30:04.379009
Novidades já notificadas anteriormente. Sem envio...
Rodou em: 2025-12-30 14:40:05.448008
Novidades já notificadas anteriormente. Sem envio...
Rodou em: 2025-12-30 14:50:04.118479
Novidades já notificadas anteriormente. Sem envio...
Rodou em: 2025-12-30 15:00:04.869842
Novidades já notificadas anteriormente. Sem envio...
Rodou em: 2025-12-30 15:10:04.466984
Novidades já notificadas anteriormente. Sem envio...
Rodou em: 2025-12-30 15:20:05.949329
Novidades já notificadas anteriormente. Sem envio...
Rodou em: 2025-12-30 15:30:06.692583
Novidades já notificadas anteriormente. Sem envio...
Rodou em: 2025-12-30 15:40:04.175208
Novidades já notificadas anteriormente. Sem envio...
Rodou em: 2025-12-30 15:50:04.990056
Novidades já notificadas anteriormente. Sem envio...
Rodou em: 2025-12-30 16:00:03.861222
Novidades já notificadas anteriormente. Sem envio...
Rodou em: 2025-12-30 16:10:04.482683
Novidades já notificadas anteriormente. Sem envio...
Rodou em: 2025-12-30 16:20:03.677226
Novidades já notificadas anteriormente. Sem envio...
Rodou em: 2025-12-30 16:30:03.975317
Novidades já notificadas anteriormente. Sem envio...
Rodou em: 2025-12-30 16:40:04.143512
Novidades já notificadas anteriormente. Sem envio...
Rodou em: 2025-12-30 16:50:05.920072
Novidades já notificadas anteriormente. Sem envio...
Rodou em: 2025-12-30 17:00:07.060431
Novidades já notificadas anteriormente. Sem envio...
Rodou em: 2025-12-30 17:10:05.817862
Novidades já notificadas anteriormente. Sem envio...
Rodou em: 2025-12-30 17:20:04.243210
Novidades já notificadas anteriormente. Sem envio...
Rodou em: 2025-12-30 17:30:03.888843
Novidades já notificadas anteriormente. Sem envio...
Rodou em: 2025-12-30 17:40:04.325186
Novidades já notificadas anteriormente. Sem envio...
Rodou em: 2025-12-30 17:50:04.149195
Novidades já notificadas anteriormente. Sem envio...
Rodou em: 2025-12-30 18:00:06.017201
Novidades já notificadas anteriormente. Sem envio...
Rodou em: 2025-12-30 18:10:05.382045
Novidades já notificadas anteriormente. Sem envio...
Rodou em: 2025-12-30 18:20:04.342214
Novidades já notificadas anteriormente. Sem envio...
Rodou em: 2025-12-30 18:30:03.963714
Novidades já notificadas anteriormente. Sem envio...
Rodou em: 2025-12-30 18:40:03.718100
Novidades já notificadas anteriormente. Sem envio...
Rodou em: 2025-12-30 18:50:04.615182
Novidades já notificadas anteriormente. Sem envio...
Rodou em: 2025-12-30 19:00:04.225480
Novidades já notificadas anteriormente. Sem envio...
Rodou em: 2025-12-30 19:10:03.735984
Novidades já notificadas anteriormente. Sem envio...
Rodou em: 2025-12-30 19:20:04.484490
Novidades já notificadas anteriormente. Sem envio...
Rodou em: 2025-12-30 19:30:05.866691
Novidades já notificadas anteriormente. Sem envio...
Rodou em: 2025-12-30 19:40:04.939032
Novidades já notificadas anteriormente. Sem envio...
Rodou em: 2025-12-30 19:50:03.722597
Novidades já notificadas anteriormente. Sem envio...
Rodou em: 2025-12-30 20:00:06.140428
Novidades já notificadas anteriormente. Sem envio...
Rodou em: 2025-12-30 20:10:03.910330
Novidades já notificadas anteriormente. Sem envio...
Rodou em: 2025-12-30 20:20:03.688908
Novidades já notificadas anteriormente. Sem envio...
Rodou em: 2025-12-30 21:20:08.908855
Novidades já notificadas anteriormente. Sem envio...
Rodou em: 2025-12-31 04:50:06.029950
Novidades já notificadas anteriormente. Sem envio...
Rodou em: 2025-12-31 05:00:04.079565
Novidades já notificadas anteriormente. Sem envio...
Rodou em: 2025-12-31 05:10:03.857489
Novidades já notificadas anteriormente. Sem envio...
Rodou em: 2025-12-31 05:20:03.924120
Novidades já notificadas anteriormente. Sem envio...
Rodou em: 2025-12-31 05:30:03.862704
Novidades já notificadas anteriormente. Sem envio...
Rodou em: 2025-12-31 05:40:03.703242
Novidades já notificadas anteriormente. Sem envio...
Rodou em: 2025-12-31 05:50:04.339932
Novidades já notificadas anteriormente. Sem envio...
Rodou em: 2025-12-31 06:00:03.781013
Novidades já notificadas anteriormente. Sem envio...
Rodou em: 2025-12-31 06:13:34.360965
Novidades já notificadas anteriormente. Sem envio...
Rodou em: 2025-12-31 08:10:06.049772
Novidades já notificadas anteriormente. Sem envio...
Rodou em: 2025-12-31 08:20:03.982610
Novidades já notificadas anteriormente. Sem envio...
Rodou em: 2025-12-31 08:30:03.621271
Novidades já notificadas anteriormente. Sem envio...
Rodou em: 2025-12-31 08:40:03.990585
Novidades já notificadas anteriormente. Sem envio...
Rodou em: 2025-12-31 08:50:03.594500
Novidades já notificadas anteriormente. Sem envio...
Rodou em: 2025-12-31 09:00:04.783803
Novidades já notificadas anteriormente. Sem envio...
Rodou em: 2025-12-31 09:10:03.901455
Novidades já notificadas anteriormente. Sem envio...
Rodou em: 2025-12-31 09:20:03.592421
Novidades já notificadas anteriormente. Sem envio...
Rodou em: 2025-12-31 09:30:06.530274
Novidades já notificadas anteriormente. Sem envio...
Rodou em: 2025-12-31 09:40:04.494508
Novidades já notificadas anteriormente. Sem envio...
Rodou em: 2025-12-31 09:50:04.125758
Novidades já notificadas anteriormente. Sem envio...
Rodou em: 2025-12-31 10:00:05.589775
Novidades já notificadas anteriormente. Sem envio...
Rodou em: 2025-12-31 10:10:04.240735
Novidades já notificadas anteriormente. Sem envio...
Rodou em: 2025-12-31 10:20:04.229165
Novidades já notificadas anteriormente. Sem envio...
Rodou em: 2025-12-31 10:30:04.638406
Novidades já notificadas anteriormente. Sem envio...
Rodou em: 2025-12-31 10:40:05.775439
Novidades já notificadas anteriormente. Sem envio...
Rodou em: 2025-12-31 10:50:04.380036
Novidades já notificadas anteriormente. Sem envio...
Rodou em: 2025-12-31 11:00:04.295974
Novidades já notificadas anteriormente. Sem envio...
Rodou em: 2025-12-31 11:10:03.744813
Novidades já notificadas anteriormente. Sem envio...
Rodou em: 2025-12-31 11:20:04.171752
Novidades já notificadas anteriormente. Sem envio...
Rodou em: 2025-12-31 11:30:03.979868
Novidades já notificadas anteriormente. Sem envio...
Rodou em: 2025-12-31 11:40:05.098243
Novidades já notificadas anteriormente. Sem envio...
Rodou em: 2025-12-31 11:50:03.599130
Novidades já notificadas anteriormente. Sem envio...
Rodou em: 2025-12-31 12:00:05.342706
Novidades já notificadas anteriormente. Sem envio...
Rodou em: 2025-12-31 12:10:04.249172
Novidades já notificadas anteriormente. Sem envio...
Rodou em: 2025-12-31 12:20:04.058903
Novidades já notificadas anteriormente. Sem envio...
Rodou em: 2025-12-31 12:30:05.554073
Novidades já notificadas anteriormente. Sem envio...
Rodou em: 2025-12-31 12:40:04.073623
Novidades já notificadas anteriormente. Sem envio...
Rodou em: 2025-12-31 12:50:03.733910
Novidades já notificadas anteriormente. Sem envio...
Rodou em: 2025-12-31 13:00:06.739139
Novidades já notificadas anteriormente. Sem envio...
Rodou em: 2025-12-31 13:10:05.116549
Novidades já notificadas anteriormente. Sem envio...
Rodou em: 2025-12-31 13:20:03.730182
Novidades já notificadas anteriormente. Sem envio...
Rodou em: 2025-12-31 13:30:04.725506
Novidades já notificadas anteriormente. Sem envio...
Rodou em: 2025-12-31 13:40:07.064794
Novidades já notificadas anteriormente. Sem envio...
Rodou em: 2025-12-31 13:50:04.855281
Novidades já notificadas anteriormente. Sem envio...
Rodou em: 2025-12-31 14:00:04.767191
Novidades já notificadas anteriormente. Sem envio...
Rodou em: 2025-12-31 14:10:05.999006
Novidades já notificadas anteriormente. Sem envio...
Rodou em: 2025-12-31 14:20:03.814327
Novidades já notificadas anteriormente. Sem envio...
Rodou em: 2025-12-31 14:34:06.092411
Novidades já notificadas anteriormente. Sem envio...
Rodou em: 2025-12-31 16:02:31.366595
Novidades já notificadas anteriormente. Sem envio...
Rodou em: 2025-12-31 17:02:46.058520
Novidades já notificadas anteriormente. Sem envio...
Rodou em: 2025-12-31 17:10:04.440947
Novidades já notificadas anteriormente. Sem envio...
Rodou em: 2025-12-31 17:20:04.668141
Novidades já notificadas anteriormente. Sem envio...
Erro ao acessar o site: HTTPSConnectionPool(host='sitepd.org.br', port=443): Read timed out. (read timeout=10)
Rodou em: 2025-12-31 18:00:18.547836
Novidades já notificadas anteriormente. Sem envio...
Rodou em: 2025-12-31 21:20:06.747835
Novidades já notificadas anteriormente. Sem envio...
Erro ao acessar o site: HTTPSConnectionPool(host='sitepd.org.br', port=443): Read timed out. (read timeout=10)
Rodou em: 2026-01-01 03:00:37.540426
Novidades já notificadas anteriormente. Sem envio...
Rodou em: 2026-01-01 04:40:06.372167
Novidades já notificadas anteriormente. Sem envio...
Rodou em: 2026-01-01 04:50:05.262940
Novidades já notificadas anteriormente. Sem envio...
Rodou em: 2026-01-01 05:00:04.799920
Novidades já notificadas anteriormente. Sem envio...
Rodou em: 2026-01-01 05:10:05.719820
Novidades já notificadas anteriormente. Sem envio...
Rodou em: 2026-01-01 05:20:07.102107
Novidades já notificadas anteriormente. Sem envio...
Rodou em: 2026-01-01 05:30:05.833926
Novidades já notificadas anteriormente. Sem envio...
Rodou em: 2026-01-01 05:40:06.742293
Novidades já notificadas anteriormente. Sem envio...
Rodou em: 2026-01-01 07:12:19.361584
Novidades já notificadas anteriormente. Sem envio...
Rodou em: 2026-01-01 12:33:50.696202
Novidades já notificadas anteriormente. Sem envio...
Rodou em: 2026-01-01 14:17:09.520770
Novidades já notificadas anteriormente. Sem envio...
Rodou em: 2026-01-01 21:10:18.842437
Novidades já notificadas anteriormente. Sem envio...
Rodou em: 2026-01-01 22:30:07.723106
Novidades já notificadas anteriormente. Sem envio...
Rodou em: 2026-01-02 02:26:36.294015
Novidades já notificadas anteriormente. Sem envio...
Rodou em: 2026-01-02 04:50:06.568535
Novidades já notificadas anteriormente. Sem envio...
Rodou em: 2026-01-02 05:00:04.540839
Novidades já notificadas anteriormente. Sem envio...
Rodou em: 2026-01-02 05:10:04.557514
Novidades já notificadas anteriormente. Sem envio...
Rodou em: 2026-01-02 05:20:04.711646
Novidades já notificadas anteriormente. Sem envio...
Rodou em: 2026-01-02 05:30:04.587391
Novidades já notificadas anteriormente. Sem envio...
Rodou em: 2026-01-02 05:40:04.394856
Novidades já notificadas anteriormente. Sem envio...
Rodou em: 2026-01-02 05:50:04.578925
Novidades já notificadas anteriormente. Sem envio...
Rodou em: 2026-01-02 06:30:06.741129
Novidades já notificadas anteriormente. Sem envio...
Rodou em: 2026-01-02 07:32:18.097469
Novidades já notificadas anteriormente. Sem envio...
Rodou em: 2026-01-02 07:40:06.267994
Novidades já notificadas anteriormente. Sem envio...
Rodou em: 2026-01-02 07:50:04.220491
Novidades já notificadas anteriormente. Sem envio...
Rodou em: 2026-01-02 08:00:05.063297
Novidades já notificadas anteriormente. Sem envio...
Rodou em: 2026-01-02 08:10:05.480761
Novidades já notificadas anteriormente. Sem envio...
Rodou em: 2026-01-02 08:20:12.466392
Novidades já notificadas anteriormente. Sem envio...
Rodou em: 2026-01-02 08:30:06.566866
Novidades já notificadas anteriormente. Sem envio...
Rodou em: 2026-01-02 08:40:04.518658
Novidades já notificadas anteriormente. Sem envio...
Rodou em: 2026-01-02 08:50:05.360809
Novidades já notificadas anteriormente. Sem envio...
Rodou em: 2026-01-02 09:00:04.165162
Novidades já notificadas anteriormente. Sem envio...
Rodou em: 2026-01-02 09:10:06.180487
Novidades já notificadas anteriormente. Sem envio...
Rodou em: 2026-01-02 09:20:29.394522
Novidades já notificadas anteriormente. Sem envio...
Rodou em: 2026-01-02 09:30:06.883059
Novidades já notificadas anteriormente. Sem envio...
Rodou em: 2026-01-02 09:40:05.072561
Novidades já notificadas anteriormente. Sem envio...
Rodou em: 2026-01-02 09:50:05.588573
Novidades já notificadas anteriormente. Sem envio...
Rodou em: 2026-01-02 10:00:03.772021
Novidades já notificadas anteriormente. Sem envio...
Rodou em: 2026-01-02 10:10:04.660563
Novidades já notificadas anteriormente. Sem envio...
Rodou em: 2026-01-02 10:20:13.559096
Novidades já notificadas anteriormente. Sem envio...
Rodou em: 2026-01-02 10:30:06.897767
Novidades já notificadas anteriormente. Sem envio...
Rodou em: 2026-01-02 10:40:05.881130
Novidades já notificadas anteriormente. Sem envio...
Rodou em: 2026-01-02 10:50:07.261711
Novidades já notificadas anteriormente. Sem envio...
Rodou em: 2026-01-02 11:00:06.012673
Novidades já notificadas anteriormente. Sem envio...
Rodou em: 2026-01-02 11:10:05.944030
Novidades já notificadas anteriormente. Sem envio...
Rodou em: 2026-01-02 11:20:04.610083
Novidades já notificadas anteriormente. Sem envio...
Rodou em: 2026-01-02 11:30:05.344858
Novidades já notificadas anteriormente. Sem envio...
Rodou em: 2026-01-02 11:40:03.735372
Novidades já notificadas anteriormente. Sem envio...
Rodou em: 2026-01-02 11:50:04.282116
Novidades já notificadas anteriormente. Sem envio...
Rodou em: 2026-01-02 12:00:06.054065
Novidades já notificadas anteriormente. Sem envio...
Rodou em: 2026-01-02 12:10:06.239020
Novidades já notificadas anteriormente. Sem envio...
Rodou em: 2026-01-02 12:20:03.667953
Novidades já notificadas anteriormente. Sem envio...
Rodou em: 2026-01-02 12:30:04.664596
Novidades já notificadas anteriormente. Sem envio...
Rodou em: 2026-01-02 12:40:04.671325
Novidades já notificadas anteriormente. Sem envio...
Rodou em: 2026-01-02 12:50:04.583729
Novidades já notificadas anteriormente. Sem envio...
Rodou em: 2026-01-02 13:00:06.492755
Novidades já notificadas anteriormente. Sem envio...
Rodou em: 2026-01-02 13:10:07.568062
Novidades já notificadas anteriormente. Sem envio...
Rodou em: 2026-01-02 13:20:03.885129
Novidades já notificadas anteriormente. Sem envio...
Rodou em: 2026-01-02 13:30:04.396848
Novidades já notificadas anteriormente. Sem envio...
Rodou em: 2026-01-02 13:40:03.910367
Novidades já notificadas anteriormente. Sem envio...
Rodou em: 2026-01-02 13:50:04.416312
Novidades já notificadas anteriormente. Sem envio...
Rodou em: 2026-01-02 14:00:06.963402
Novidades já notificadas anteriormente. Sem envio...
Rodou em: 2026-01-02 14:10:05.231372
Novidades já notificadas anteriormente. Sem envio...
Rodou em: 2026-01-02 14:20:04.110140
Novidades já notificadas anteriormente. Sem envio...
Rodou em: 2026-01-02 14:30:04.894336
Novidades já notificadas anteriormente. Sem envio...
Rodou em: 2026-01-02 14:40:05.609550
Novidades já notificadas anteriormente. Sem envio...
Rodou em: 2026-01-02 14:50:04.719279
Novidades já notificadas anteriormente. Sem envio...
Rodou em: 2026-01-02 15:00:09.231818
Novidades já notificadas anteriormente. Sem envio...
Rodou em: 2026-01-02 15:10:04.126654
Novidades já notificadas anteriormente. Sem envio...
Rodou em: 2026-01-02 15:20:04.825539
Novidades já notificadas anteriormente. Sem envio...
Rodou em: 2026-01-02 15:30:06.548788
Novidades já notificadas anteriormente. Sem envio...
Rodou em: 2026-01-02 15:40:05.672787
Novidades já notificadas anteriormente. Sem envio...
Rodou em: 2026-01-02 15:50:11.570368
Novidades já notificadas anteriormente. Sem envio...
Rodou em: 2026-01-02 16:00:06.572012
Novidades já notificadas anteriormente. Sem envio...
Rodou em: 2026-01-02 16:10:04.374048
Novidades já notificadas anteriormente. Sem envio...
Rodou em: 2026-01-02 16:20:05.278621
Novidades já notificadas anteriormente. Sem envio...
Rodou em: 2026-01-02 16:30:04.249153
Novidades já notificadas anteriormente. Sem envio...
Rodou em: 2026-01-02 16:40:07.675787
Novidades já notificadas anteriormente. Sem envio...
Rodou em: 2026-01-02 16:50:08.407141
Novidades já notificadas anteriormente. Sem envio...
Rodou em: 2026-01-02 17:00:04.663499
Novidades já notificadas anteriormente. Sem envio...
Rodou em: 2026-01-02 17:10:06.757274
Novidades já notificadas anteriormente. Sem envio...
Rodou em: 2026-01-02 17:20:03.522638
Novidades já notificadas anteriormente. Sem envio...
Rodou em: 2026-01-02 17:30:04.454745
Novidades já notificadas anteriormente. Sem envio...
Rodou em: 2026-01-02 17:40:05.770531
Novidades já notificadas anteriormente. Sem envio...
Rodou em: 2026-01-02 17:50:03.664235
Novidades já notificadas anteriormente. Sem envio...
Rodou em: 2026-01-02 18:00:04.907196
Novidades já notificadas anteriormente. Sem envio...
Rodou em: 2026-01-02 18:10:05.085113
Novidades já notificadas anteriormente. Sem envio...
Rodou em: 2026-01-02 18:20:05.722853
Novidades já notificadas anteriormente. Sem envio...
Rodou em: 2026-01-02 18:30:04.309932
Novidades já notificadas anteriormente. Sem envio...
Rodou em: 2026-01-02 18:41:20.398349
Novidades já notificadas anteriormente. Sem envio...
Rodou em: 2026-01-02 21:10:07.481292
Novidades já notificadas anteriormente. Sem envio...
Rodou em: 2026-01-03 00:51:07.909483
Novidades já notificadas anteriormente. Sem envio...
Rodou em: 2026-01-03 04:50:05.312207
Novidades já notificadas anteriormente. Sem envio...
Rodou em: 2026-01-03 05:00:04.858126
Novidades já notificadas anteriormente. Sem envio...
Rodou em: 2026-01-03 05:10:04.031084
Novidades já notificadas anteriormente. Sem envio...
Rodou em: 2026-01-03 05:20:03.856137
Novidades já notificadas anteriormente. Sem envio...
Rodou em: 2026-01-03 05:30:04.365060
Novidades já notificadas anteriormente. Sem envio...
Rodou em: 2026-01-03 05:40:06.457798
Novidades já notificadas anteriormente. Sem envio...
Rodou em: 2026-01-03 05:50:03.970073
Novidades já notificadas anteriormente. Sem envio...
Rodou em: 2026-01-03 06:00:04.736660
Novidades já notificadas anteriormente. Sem envio...
Rodou em: 2026-01-03 08:00:27.964734
Novidades já notificadas anteriormente. Sem envio...
Rodou em: 2026-01-03 08:23:28.273993
Novidades já notificadas anteriormente. Sem envio...
Rodou em: 2026-01-03 09:03:55.376317
Novidades já notificadas anteriormente. Sem envio...
Rodou em: 2026-01-03 09:10:15.739648
Novidades já notificadas anteriormente. Sem envio...
Rodou em: 2026-01-03 14:40:18.456728
Novidades já notificadas anteriormente. Sem envio...
Rodou em: 2026-01-03 21:10:10.514751
Novidades já notificadas anteriormente. Sem envio...
Rodou em: 2026-01-04 00:40:07.641754
Novidades já notificadas anteriormente. Sem envio...
Rodou em: 2026-01-04 01:30:04.032661
Novidades já notificadas anteriormente. Sem envio...
Rodou em: 2026-01-04 02:17:06.794069
Novidades já notificadas anteriormente. Sem envio...
Rodou em: 2026-01-04 03:20:04.650579
Novidades já notificadas anteriormente. Sem envio...
Rodou em: 2026-01-04 04:17:53.524577
Novidades já notificadas anteriormente. Sem envio...
Rodou em: 2026-01-04 05:00:05.932628
Novidades já notificadas anteriormente. Sem envio...
Rodou em: 2026-01-04 05:10:04.787292
Novidades já notificadas anteriormente. Sem envio...
Rodou em: 2026-01-04 05:20:05.685084
Novidades já notificadas anteriormente. Sem envio...
Rodou em: 2026-01-04 05:30:04.438666
Novidades já notificadas anteriormente. Sem envio...
Rodou em: 2026-01-04 05:40:04.568022
Novidades já notificadas anteriormente. Sem envio...
Rodou em: 2026-01-04 05:50:06.045289
Novidades já notificadas anteriormente. Sem envio...
Erro ao acessar o site: ("Connection broken: ConnectionResetError(54, 'Connection reset by peer')", ConnectionResetError(54, 'Connection reset by peer'))
Rodou em: 2026-01-04 07:20:15.780577
Novidades já notificadas anteriormente. Sem envio...
Rodou em: 2026-01-04 08:20:58.597980
Novidades já notificadas anteriormente. Sem envio...
Rodou em: 2026-01-04 17:30:09.845248
Novidades já notificadas anteriormente. Sem envio...
Rodou em: 2026-01-04 17:56:09.723399
Novidades já notificadas anteriormente. Sem envio...
Rodou em: 2026-01-04 18:30:45.082917
Novidades já notificadas anteriormente. Sem envio...
Rodou em: 2026-01-04 20:15:14.943080
Novidades já notificadas anteriormente. Sem envio...
Rodou em: 2026-01-04 20:23:13.411421
Novidades já notificadas anteriormente. Sem envio...
Rodou em: 2026-01-04 21:30:05.276492
Novidades já notificadas anteriormente. Sem envio...
Rodou em: 2026-01-04 21:43:00.134486
Novidades já notificadas anteriormente. Sem envio...
Rodou em: 2026-01-04 23:35:06.859555
Novidades já notificadas anteriormente. Sem envio...
Rodou em: 2026-01-05 02:08:59.981019
Novidades já notificadas anteriormente. Sem envio...
Rodou em: 2026-01-05 02:14:49.645322
Novidades já notificadas anteriormente. Sem envio...
Erro ao acessar o site: ("Connection broken: ConnectionResetError(54, 'Connection reset by peer')", ConnectionResetError(54, 'Connection reset by peer'))
Rodou em: 2026-01-05 04:15:30.282149
Novidades já notificadas anteriormente. Sem envio...
Rodou em: 2026-01-05 04:50:05.007641
Novidades já notificadas anteriormente. Sem envio...
Rodou em: 2026-01-05 05:00:03.979646
Novidades já notificadas anteriormente. Sem envio...
Rodou em: 2026-01-05 05:10:03.857944
Novidades já notificadas anteriormente. Sem envio...
Erro ao acessar o site: HTTPSConnectionPool(host='sitepd.org.br', port=443): Read timed out. (read timeout=10)
Rodou em: 2026-01-05 05:30:03.816454
Novidades já notificadas anteriormente. Sem envio...
Rodou em: 2026-01-05 05:40:03.359690
Novidades já notificadas anteriormente. Sem envio...
Rodou em: 2026-01-05 05:50:05.875856
Novidades já notificadas anteriormente. Sem envio...
Rodou em: 2026-01-05 07:50:47.628455
Novidades já notificadas anteriormente. Sem envio...
Rodou em: 2026-01-05 08:00:11.821248
Novidades já notificadas anteriormente. Sem envio...
Rodou em: 2026-01-05 08:10:04.415992
Novidades já notificadas anteriormente. Sem envio...
Rodou em: 2026-01-05 08:20:04.366525
Novidades já notificadas anteriormente. Sem envio...
Rodou em: 2026-01-05 08:30:15.896828
Novidades já notificadas anteriormente. Sem envio...
Rodou em: 2026-01-05 08:40:03.712290
Novidades já notificadas anteriormente. Sem envio...
Rodou em: 2026-01-05 08:50:04.268834
Novidades já notificadas anteriormente. Sem envio...
Rodou em: 2026-01-05 09:00:04.421047
Novidades já notificadas anteriormente. Sem envio...
Rodou em: 2026-01-05 09:10:05.485848
Novidades já notificadas anteriormente. Sem envio...
Rodou em: 2026-01-05 09:20:04.135776
Novidades já notificadas anteriormente. Sem envio...
Rodou em: 2026-01-05 09:30:04.504659
Novidades já notificadas anteriormente. Sem envio...
Rodou em: 2026-01-05 09:40:05.418686
Novidades já notificadas anteriormente. Sem envio...
Rodou em: 2026-01-05 09:50:04.130088
Novidades já notificadas anteriormente. Sem envio...
Rodou em: 2026-01-05 10:00:11.845473
Novidades já notificadas anteriormente. Sem envio...
Rodou em: 2026-01-05 10:10:05.625950
Novidades já notificadas anteriormente. Sem envio...
Rodou em: 2026-01-05 10:20:05.963160
Novidades já notificadas anteriormente. Sem envio...
Rodou em: 2026-01-05 10:30:04.485310
Novidades já notificadas anteriormente. Sem envio...
Rodou em: 2026-01-05 10:40:03.968247
Novidades já notificadas anteriormente. Sem envio...
Rodou em: 2026-01-05 10:50:04.125169
Novidades já notificadas anteriormente. Sem envio...
Rodou em: 2026-01-05 11:00:04.389928
Novidades já notificadas anteriormente. Sem envio...
Rodou em: 2026-01-05 11:10:05.993244
Novidades já notificadas anteriormente. Sem envio...
Rodou em: 2026-01-05 11:20:04.481467
Novidades já notificadas anteriormente. Sem envio...
Rodou em: 2026-01-05 11:30:05.037090
Novidades já notificadas anteriormente. Sem envio...
Rodou em: 2026-01-05 11:40:04.230634
Novidades já notificadas anteriormente. Sem envio...
Rodou em: 2026-01-05 11:50:06.785167
Novidades já notificadas anteriormente. Sem envio...
Rodou em: 2026-01-05 12:00:04.994531
Novidades já notificadas anteriormente. Sem envio...
Rodou em: 2026-01-05 12:10:04.496768
Novidades já notificadas anteriormente. Sem envio...
Rodou em: 2026-01-05 12:20:04.483527
Novidades já notificadas anteriormente. Sem envio...
Rodou em: 2026-01-05 12:30:04.893076
Novidades já notificadas anteriormente. Sem envio...
Rodou em: 2026-01-05 12:40:04.552254
Novidades já notificadas anteriormente. Sem envio...
Rodou em: 2026-01-05 12:50:05.941638
Novidades já notificadas anteriormente. Sem envio...
Rodou em: 2026-01-05 13:00:03.730025
Novidades já notificadas anteriormente. Sem envio...
Rodou em: 2026-01-05 13:10:03.838060
Novidades já notificadas anteriormente. Sem envio...
Rodou em: 2026-01-05 13:20:03.704557
Novidades já notificadas anteriormente. Sem envio...
Rodou em: 2026-01-05 13:30:03.521457
Novidades já notificadas anteriormente. Sem envio...
Rodou em: 2026-01-05 13:40:04.313799
Novidades já notificadas anteriormente. Sem envio...
Rodou em: 2026-01-05 13:50:05.883708
Novidades já notificadas anteriormente. Sem envio...
Rodou em: 2026-01-05 14:00:05.741086
Novidades já notificadas anteriormente. Sem envio...
Rodou em: 2026-01-05 14:10:04.316515
Novidades já notificadas anteriormente. Sem envio...
Rodou em: 2026-01-05 14:20:05.451216
Novidades já notificadas anteriormente. Sem envio...
Rodou em: 2026-01-05 14:30:09.444962
Novidades já notificadas anteriormente. Sem envio...
Rodou em: 2026-01-05 14:40:08.218022
Novidades já notificadas anteriormente. Sem envio...
Rodou em: 2026-01-05 14:50:04.432378
Novidades já notificadas anteriormente. Sem envio...
Rodou em: 2026-01-05 15:00:04.920288
Novidades já notificadas anteriormente. Sem envio...
Rodou em: 2026-01-05 15:10:04.929998
Novidades já notificadas anteriormente. Sem envio...
Rodou em: 2026-01-05 15:20:08.169299
Novidades já notificadas anteriormente. Sem envio...
Rodou em: 2026-01-05 15:30:04.328047
Novidades já notificadas anteriormente. Sem envio...
Rodou em: 2026-01-05 15:40:03.682159
Novidades já notificadas anteriormente. Sem envio...
Rodou em: 2026-01-05 15:50:04.374236
Novidades já notificadas anteriormente. Sem envio...
Rodou em: 2026-01-05 16:00:04.545273
Novidades já notificadas anteriormente. Sem envio...
Rodou em: 2026-01-05 16:10:04.457076
Novidades já notificadas anteriormente. Sem envio...
Rodou em: 2026-01-05 16:20:04.187636
Novidades já notificadas anteriormente. Sem envio...
Rodou em: 2026-01-05 16:30:05.009708
Novidades já notificadas anteriormente. Sem envio...
Rodou em: 2026-01-05 16:40:06.481264
Novidades já notificadas anteriormente. Sem envio...
Rodou em: 2026-01-05 16:50:04.050383
Novidades já notificadas anteriormente. Sem envio...
Rodou em: 2026-01-05 17:00:06.105584
Novidades já notificadas anteriormente. Sem envio...
Rodou em: 2026-01-05 17:10:04.443761
Novidades já notificadas anteriormente. Sem envio...
Rodou em: 2026-01-05 17:20:05.399074
Novidades já notificadas anteriormente. Sem envio...
Rodou em: 2026-01-05 17:33:39.568262
Novidades já notificadas anteriormente. Sem envio...
Rodou em: 2026-01-05 17:44:16.627479
Novidades já notificadas anteriormente. Sem envio...
Rodou em: 2026-01-05 18:00:04.286873
Novidades já notificadas anteriormente. Sem envio...
Rodou em: 2026-01-05 18:10:04.051479
Novidades já notificadas anteriormente. Sem envio...
Rodou em: 2026-01-05 18:20:03.639676
Novidades já notificadas anteriormente. Sem envio...
Rodou em: 2026-01-05 18:30:04.057015
Novidades já notificadas anteriormente. Sem envio...
Rodou em: 2026-01-05 18:40:06.378043
Novidades já notificadas anteriormente. Sem envio...
Rodou em: 2026-01-05 18:50:03.746005
Novidades já notificadas anteriormente. Sem envio...
Rodou em: 2026-01-05 19:00:04.658854
Novidades já notificadas anteriormente. Sem envio...
Rodou em: 2026-01-05 19:10:05.368372
Novidades já notificadas anteriormente. Sem envio...
Rodou em: 2026-01-05 19:20:03.973772
Novidades já notificadas anteriormente. Sem envio...
Rodou em: 2026-01-05 19:30:04.898572
Novidades já notificadas anteriormente. Sem envio...
Rodou em: 2026-01-05 19:40:05.630750
Novidades já notificadas anteriormente. Sem envio...
Rodou em: 2026-01-05 19:50:04.244546
Novidades já notificadas anteriormente. Sem envio...
Rodou em: 2026-01-05 20:00:03.650945
Novidades já notificadas anteriormente. Sem envio...
Rodou em: 2026-01-05 20:10:04.650358
Novidades já notificadas anteriormente. Sem envio...
Rodou em: 2026-01-05 20:20:27.830174
Novidades já notificadas anteriormente. Sem envio...
Rodou em: 2026-01-05 20:30:04.833996
Novidades já notificadas anteriormente. Sem envio...
Rodou em: 2026-01-05 20:40:03.800253
Novidades já notificadas anteriormente. Sem envio...
Rodou em: 2026-01-05 20:50:03.429324
Novidades já notificadas anteriormente. Sem envio...
Rodou em: 2026-01-05 21:00:04.196427
Novidades já notificadas anteriormente. Sem envio...
Rodou em: 2026-01-05 21:10:07.529762
Novidades já notificadas anteriormente. Sem envio...
Rodou em: 2026-01-05 21:20:07.705256
Novidades já notificadas anteriormente. Sem envio...
Rodou em: 2026-01-05 21:30:04.838097
Novidades já notificadas anteriormente. Sem envio...
Rodou em: 2026-01-05 21:40:06.173437
Novidades já notificadas anteriormente. Sem envio...
Rodou em: 2026-01-05 21:50:04.010189
Novidades já notificadas anteriormente. Sem envio...
Rodou em: 2026-01-05 22:00:04.200733
Novidades já notificadas anteriormente. Sem envio...
Rodou em: 2026-01-05 22:10:07.047060
Novidades já notificadas anteriormente. Sem envio...
Rodou em: 2026-01-05 22:20:03.747682
Novidades já notificadas anteriormente. Sem envio...
Rodou em: 2026-01-05 22:30:05.395580
Novidades já notificadas anteriormente. Sem envio...
Rodou em: 2026-01-05 22:40:06.942988
Novidades já notificadas anteriormente. Sem envio...
Rodou em: 2026-01-05 22:50:03.665332
Novidades já notificadas anteriormente. Sem envio...
Rodou em: 2026-01-05 23:00:04.682338
Novidades já notificadas anteriormente. Sem envio...
Rodou em: 2026-01-05 23:10:04.539292
Novidades já notificadas anteriormente. Sem envio...
Rodou em: 2026-01-05 23:20:06.066084
Novidades já notificadas anteriormente. Sem envio...
Rodou em: 2026-01-05 23:30:03.909250
Novidades já notificadas anteriormente. Sem envio...
Rodou em: 2026-01-05 23:40:03.843641
Novidades já notificadas anteriormente. Sem envio...
Rodou em: 2026-01-05 23:50:05.668420
Novidades já notificadas anteriormente. Sem envio...
Rodou em: 2026-01-06 00:00:05.985115
Novidades já notificadas anteriormente. Sem envio...
Rodou em: 2026-01-06 00:10:03.979404
Novidades já notificadas anteriormente. Sem envio...
Rodou em: 2026-01-06 00:20:03.371977
Novidades já notificadas anteriormente. Sem envio...
Erro ao acessar o site: HTTPSConnectionPool(host='sitepd.org.br', port=443): Read timed out. (read timeout=10)
Rodou em: 2026-01-06 00:40:04.281182
Novidades já notificadas anteriormente. Sem envio...
Rodou em: 2026-01-06 00:50:03.885313
Novidades já notificadas anteriormente. Sem envio...
Rodou em: 2026-01-06 01:00:03.449601
Novidades já notificadas anteriormente. Sem envio...
Rodou em: 2026-01-06 01:10:04.288972
Novidades já notificadas anteriormente. Sem envio...
Rodou em: 2026-01-06 01:20:03.631740
Novidades já notificadas anteriormente. Sem envio...
Rodou em: 2026-01-06 01:30:05.149862
Novidades já notificadas anteriormente. Sem envio...
Rodou em: 2026-01-06 01:40:05.604055
Novidades já notificadas anteriormente. Sem envio...
Rodou em: 2026-01-06 01:50:03.788946
Novidades já notificadas anteriormente. Sem envio...
Rodou em: 2026-01-06 02:00:03.940536
Novidades já notificadas anteriormente. Sem envio...
Rodou em: 2026-01-06 02:10:03.889995
Novidades já notificadas anteriormente. Sem envio...
Rodou em: 2026-01-06 02:20:03.336846
Novidades já notificadas anteriormente. Sem envio...
Rodou em: 2026-01-06 02:30:05.828648
Novidades já notificadas anteriormente. Sem envio...
Rodou em: 2026-01-06 02:40:03.503103
Novidades já notificadas anteriormente. Sem envio...
Rodou em: 2026-01-06 02:50:04.565736
Novidades já notificadas anteriormente. Sem envio...
Rodou em: 2026-01-06 03:00:04.489396
Novidades já notificadas anteriormente. Sem envio...
Rodou em: 2026-01-06 03:10:06.007374
Novidades já notificadas anteriormente. Sem envio...
Rodou em: 2026-01-06 03:20:04.821959
Novidades já notificadas anteriormente. Sem envio...
Rodou em: 2026-01-06 03:30:05.602164
Novidades já notificadas anteriormente. Sem envio...
Rodou em: 2026-01-06 03:40:04.158745
Novidades já notificadas anteriormente. Sem envio...
Rodou em: 2026-01-06 03:50:03.903462
Novidades já notificadas anteriormente. Sem envio...
Rodou em: 2026-01-06 04:00:04.691384
Novidades já notificadas anteriormente. Sem envio...
Rodou em: 2026-01-06 04:10:05.916366
Novidades já notificadas anteriormente. Sem envio...
Rodou em: 2026-01-06 04:20:03.848264
Novidades já notificadas anteriormente. Sem envio...
Rodou em: 2026-01-06 04:30:04.119892
Novidades já notificadas anteriormente. Sem envio...
Rodou em: 2026-01-06 04:40:05.610241
Novidades já notificadas anteriormente. Sem envio...
Rodou em: 2026-01-06 04:50:04.201476
Novidades já notificadas anteriormente. Sem envio...
Rodou em: 2026-01-06 05:00:05.756487
Novidades já notificadas anteriormente. Sem envio...
Rodou em: 2026-01-06 05:10:04.632999
Novidades já notificadas anteriormente. Sem envio...
Rodou em: 2026-01-06 05:20:04.285754
Novidades já notificadas anteriormente. Sem envio...
Rodou em: 2026-01-06 05:30:03.841148
Novidades já notificadas anteriormente. Sem envio...
Rodou em: 2026-01-06 05:40:03.895696
Novidades já notificadas anteriormente. Sem envio...
Rodou em: 2026-01-06 05:50:03.598482
Novidades já notificadas anteriormente. Sem envio...
Rodou em: 2026-01-06 06:00:04.207944
Novidades já notificadas anteriormente. Sem envio...
Rodou em: 2026-01-06 06:10:06.564458
Novidades já notificadas anteriormente. Sem envio...
Rodou em: 2026-01-06 06:20:05.207209
Novidades já notificadas anteriormente. Sem envio...
Rodou em: 2026-01-06 06:30:05.078521
Novidades já notificadas anteriormente. Sem envio...
Rodou em: 2026-01-06 06:40:06.417360
Novidades já notificadas anteriormente. Sem envio...
Rodou em: 2026-01-06 06:50:04.055308
Novidades já notificadas anteriormente. Sem envio...
Rodou em: 2026-01-06 07:00:03.809444
Novidades já notificadas anteriormente. Sem envio...
Rodou em: 2026-01-06 07:10:05.062572
Novidades já notificadas anteriormente. Sem envio...
Rodou em: 2026-01-06 07:20:03.786202
Novidades já notificadas anteriormente. Sem envio...
Rodou em: 2026-01-06 07:30:04.506613
Novidades já notificadas anteriormente. Sem envio...
Rodou em: 2026-01-06 07:40:04.050195
Novidades já notificadas anteriormente. Sem envio...
Rodou em: 2026-01-06 07:50:11.695326
Novidades já notificadas anteriormente. Sem envio...
Rodou em: 2026-01-06 08:00:05.580014
Novidades já notificadas anteriormente. Sem envio...
Rodou em: 2026-01-06 08:10:04.348351
Novidades já notificadas anteriormente. Sem envio...
Rodou em: 2026-01-06 08:20:04.279142
Novidades já notificadas anteriormente. Sem envio...
Rodou em: 2026-01-06 08:30:05.335332
Novidades já notificadas anteriormente. Sem envio...
Rodou em: 2026-01-06 08:40:03.372816
Novidades já notificadas anteriormente. Sem envio...
Rodou em: 2026-01-06 08:50:04.361905
Novidades já notificadas anteriormente. Sem envio...
Rodou em: 2026-01-06 09:00:03.965208
Novidades já notificadas anteriormente. Sem envio...
Rodou em: 2026-01-06 09:10:05.092060
Novidades já notificadas anteriormente. Sem envio...
Rodou em: 2026-01-06 09:20:04.290709
Novidades já notificadas anteriormente. Sem envio...
Rodou em: 2026-01-06 09:30:04.111100
Novidades já notificadas anteriormente. Sem envio...
Rodou em: 2026-01-06 09:40:04.297475
Novidades já notificadas anteriormente. Sem envio...
Rodou em: 2026-01-06 09:50:05.427222
Novidades já notificadas anteriormente. Sem envio...
Rodou em: 2026-01-06 10:00:04.236906
Novidades já notificadas anteriormente. Sem envio...
Rodou em: 2026-01-06 10:10:03.941017
Novidades já notificadas anteriormente. Sem envio...
Rodou em: 2026-01-06 10:20:05.015332
Novidades já notificadas anteriormente. Sem envio...
Rodou em: 2026-01-06 10:30:04.055458
Novidades já notificadas anteriormente. Sem envio...
Rodou em: 2026-01-06 10:40:05.545565
Novidades já notificadas anteriormente. Sem envio...
Rodou em: 2026-01-06 10:50:05.401165
Novidades já notificadas anteriormente. Sem envio...
Rodou em: 2026-01-06 11:00:07.049258
Novidades já notificadas anteriormente. Sem envio...
Rodou em: 2026-01-06 11:10:04.591825
Novidades já notificadas anteriormente. Sem envio...
Rodou em: 2026-01-06 11:20:05.856565
Novidades já notificadas anteriormente. Sem envio...
Rodou em: 2026-01-06 11:30:03.670959
Novidades já notificadas anteriormente. Sem envio...
Rodou em: 2026-01-06 11:40:04.343733
Novidades já notificadas anteriormente. Sem envio...
Rodou em: 2026-01-06 11:50:04.796300
Novidades já notificadas anteriormente. Sem envio...
Rodou em: 2026-01-06 12:00:06.223958
Novidades já notificadas anteriormente. Sem envio...
Rodou em: 2026-01-06 12:10:03.875080
Novidades já notificadas anteriormente. Sem envio...
Rodou em: 2026-01-06 12:20:04.229066
Novidades já notificadas anteriormente. Sem envio...
Rodou em: 2026-01-06 12:30:05.614456
Novidades já notificadas anteriormente. Sem envio...
Rodou em: 2026-01-06 12:40:05.966840
Novidades já notificadas anteriormente. Sem envio...
Rodou em: 2026-01-06 12:50:05.047889
Novidades já notificadas anteriormente. Sem envio...
Rodou em: 2026-01-06 13:00:05.145726
Novidades já notificadas anteriormente. Sem envio...
Rodou em: 2026-01-06 13:10:05.656754
Novidades já notificadas anteriormente. Sem envio...
Rodou em: 2026-01-06 13:20:04.357754
Novidades já notificadas anteriormente. Sem envio...
Rodou em: 2026-01-06 13:30:04.312056
Novidades já notificadas anteriormente. Sem envio...
Rodou em: 2026-01-06 13:40:03.828056
Novidades já notificadas anteriormente. Sem envio...
Rodou em: 2026-01-06 13:50:05.044322
Novidades já notificadas anteriormente. Sem envio...
Rodou em: 2026-01-06 14:00:04.827361
Novidades já notificadas anteriormente. Sem envio...
Rodou em: 2026-01-06 14:10:03.859692
Novidades já notificadas anteriormente. Sem envio...
Rodou em: 2026-01-06 14:20:04.856576
Novidades já notificadas anteriormente. Sem envio...
Rodou em: 2026-01-06 14:30:04.082289
Novidades já notificadas anteriormente. Sem envio...
Rodou em: 2026-01-06 14:40:11.936128
Novidades já notificadas anteriormente. Sem envio...
Rodou em: 2026-01-06 14:50:04.442270
Novidades já notificadas anteriormente. Sem envio...
Rodou em: 2026-01-06 15:00:04.421466
Novidades já notificadas anteriormente. Sem envio...
Rodou em: 2026-01-06 15:10:06.628066
Novidades já notificadas anteriormente. Sem envio...
Rodou em: 2026-01-06 15:20:03.864540
Novidades já notificadas anteriormente. Sem envio...
Rodou em: 2026-01-06 15:30:05.080956
Novidades já notificadas anteriormente. Sem envio...
Rodou em: 2026-01-06 15:40:07.818789
Novidades já notificadas anteriormente. Sem envio...
Rodou em: 2026-01-06 15:50:05.090624
Novidades já notificadas anteriormente. Sem envio...
Rodou em: 2026-01-06 16:00:05.420118
Novidades já notificadas anteriormente. Sem envio...
Rodou em: 2026-01-06 16:10:03.965692
Novidades já notificadas anteriormente. Sem envio...
Rodou em: 2026-01-06 16:20:03.526937
Novidades já notificadas anteriormente. Sem envio...
Rodou em: 2026-01-06 16:30:06.914495
Novidades já notificadas anteriormente. Sem envio...
Rodou em: 2026-01-06 16:40:04.213286
Novidades já notificadas anteriormente. Sem envio...
Rodou em: 2026-01-06 16:50:03.957939
Novidades já notificadas anteriormente. Sem envio...
Rodou em: 2026-01-06 17:00:15.369195
Novidades já notificadas anteriormente. Sem envio...
Rodou em: 2026-01-06 17:10:05.179517
Novidades já notificadas anteriormente. Sem envio...
Rodou em: 2026-01-06 17:20:03.961566
Novidades já notificadas anteriormente. Sem envio...
Rodou em: 2026-01-06 17:30:03.957424
Novidades já notificadas anteriormente. Sem envio...
Rodou em: 2026-01-06 17:40:03.784958
Novidades já notificadas anteriormente. Sem envio...
Rodou em: 2026-01-06 17:50:03.629916
Novidades já notificadas anteriormente. Sem envio...
Rodou em: 2026-01-06 18:00:05.509733
Novidades já notificadas anteriormente. Sem envio...
Rodou em: 2026-01-06 18:10:04.003476
Novidades já notificadas anteriormente. Sem envio...
Rodou em: 2026-01-06 18:20:03.844515
Novidades já notificadas anteriormente. Sem envio...
Rodou em: 2026-01-06 18:30:04.723625
Novidades já notificadas anteriormente. Sem envio...
Rodou em: 2026-01-06 18:40:11.457175
Novidades já notificadas anteriormente. Sem envio...
Rodou em: 2026-01-06 18:50:04.488924
Novidades já notificadas anteriormente. Sem envio...
Rodou em: 2026-01-06 19:00:05.043475
Novidades já notificadas anteriormente. Sem envio...
Rodou em: 2026-01-06 19:44:44.023666
Novidades já notificadas anteriormente. Sem envio...
Rodou em: 2026-01-06 21:40:07.571132
Novidades já notificadas anteriormente. Sem envio...
Rodou em: 2026-01-07 03:10:52.253726
Novidades já notificadas anteriormente. Sem envio...
Rodou em: 2026-01-07 04:50:07.207346
Novidades já notificadas anteriormente. Sem envio...
Rodou em: 2026-01-07 05:00:04.366550
Novidades já notificadas anteriormente. Sem envio...
Rodou em: 2026-01-07 05:10:04.627513
Novidades já notificadas anteriormente. Sem envio...
Rodou em: 2026-01-07 05:20:04.313879
Novidades já notificadas anteriormente. Sem envio...
Rodou em: 2026-01-07 05:30:04.913117
Novidades já notificadas anteriormente. Sem envio...
Rodou em: 2026-01-07 05:40:03.656292
Novidades já notificadas anteriormente. Sem envio...
Rodou em: 2026-01-07 05:50:04.768735
Novidades já notificadas anteriormente. Sem envio...
Rodou em: 2026-01-07 06:20:07.439183
Novidades já notificadas anteriormente. Sem envio...
Rodou em: 2026-01-07 06:30:04.511519
Novidades já notificadas anteriormente. Sem envio...
Rodou em: 2026-01-07 06:40:04.160379
Novidades já notificadas anteriormente. Sem envio...
Rodou em: 2026-01-07 06:50:05.007655
Novidades já notificadas anteriormente. Sem envio...
Rodou em: 2026-01-07 07:00:04.804676
Novidades já notificadas anteriormente. Sem envio...
Rodou em: 2026-01-07 07:10:06.306193
Novidades já notificadas anteriormente. Sem envio...
Rodou em: 2026-01-07 07:20:08.159091
Novidades já notificadas anteriormente. Sem envio...
Rodou em: 2026-01-07 07:30:04.227821
Novidades já notificadas anteriormente. Sem envio...
Erro ao acessar o site: HTTPSConnectionPool(host='sitepd.org.br', port=443): Read timed out. (read timeout=10)
Rodou em: 2026-01-07 07:50:11.456400
Novidades já notificadas anteriormente. Sem envio...
Rodou em: 2026-01-07 08:00:05.741557
Novidades já notificadas anteriormente. Sem envio...
Rodou em: 2026-01-07 08:10:04.540166
Novidades já notificadas anteriormente. Sem envio...
Rodou em: 2026-01-07 08:20:04.479203
Novidades já notificadas anteriormente. Sem envio...
Rodou em: 2026-01-07 08:30:04.227734
Novidades já notificadas anteriormente. Sem envio...
Rodou em: 2026-01-07 08:40:04.215982
Novidades já notificadas anteriormente. Sem envio...
Rodou em: 2026-01-07 08:50:05.397204
Novidades já notificadas anteriormente. Sem envio...
Rodou em: 2026-01-07 09:00:04.704528
Novidades já notificadas anteriormente. Sem envio...
Rodou em: 2026-01-07 09:10:04.442630
Novidades já notificadas anteriormente. Sem envio...
Rodou em: 2026-01-07 09:20:04.737379
Novidades já notificadas anteriormente. Sem envio...
Rodou em: 2026-01-07 09:30:04.912489
Novidades já notificadas anteriormente. Sem envio...
Rodou em: 2026-01-07 09:40:05.110548
Novidades já notificadas anteriormente. Sem envio...
Rodou em: 2026-01-07 09:50:05.493665
Novidades já notificadas anteriormente. Sem envio...
Rodou em: 2026-01-07 10:00:04.707190
Novidades já notificadas anteriormente. Sem envio...
Rodou em: 2026-01-07 10:10:04.353939
Novidades já notificadas anteriormente. Sem envio...
Rodou em: 2026-01-07 10:20:04.247033
Novidades já notificadas anteriormente. Sem envio...
Rodou em: 2026-01-07 10:30:04.555133
Novidades já notificadas anteriormente. Sem envio...
Rodou em: 2026-01-07 10:40:05.054491
Novidades já notificadas anteriormente. Sem envio...
Rodou em: 2026-01-07 10:50:05.912933
Novidades já notificadas anteriormente. Sem envio...
Rodou em: 2026-01-07 11:00:04.149174
Novidades já notificadas anteriormente. Sem envio...
Rodou em: 2026-01-07 11:10:04.120259
Novidades já notificadas anteriormente. Sem envio...
Rodou em: 2026-01-07 11:20:07.559178
Novidades já notificadas anteriormente. Sem envio...
Rodou em: 2026-01-07 11:30:03.619512
Novidades já notificadas anteriormente. Sem envio...
Rodou em: 2026-01-07 11:40:05.431805
Novidades já notificadas anteriormente. Sem envio...
Rodou em: 2026-01-07 11:50:05.804189
Novidades já notificadas anteriormente. Sem envio...
Rodou em: 2026-01-07 12:00:05.452380
Novidades já notificadas anteriormente. Sem envio...
Rodou em: 2026-01-07 12:10:05.250657
Novidades já notificadas anteriormente. Sem envio...
Rodou em: 2026-01-07 12:20:03.987395
Novidades já notificadas anteriormente. Sem envio...
Rodou em: 2026-01-07 12:30:03.655988
Novidades já notificadas anteriormente. Sem envio...
Rodou em: 2026-01-07 12:40:05.764109
Novidades já notificadas anteriormente. Sem envio...
Rodou em: 2026-01-07 12:50:03.649252
Novidades já notificadas anteriormente. Sem envio...
Rodou em: 2026-01-07 13:00:04.402595
Novidades já notificadas anteriormente. Sem envio...
Rodou em: 2026-01-07 13:10:05.606800
Novidades já notificadas anteriormente. Sem envio...
Rodou em: 2026-01-07 13:20:24.187239
Novidades já notificadas anteriormente. Sem envio...
Rodou em: 2026-01-07 13:30:05.634009
Novidades já notificadas anteriormente. Sem envio...
Rodou em: 2026-01-07 13:40:04.032435
Novidades já notificadas anteriormente. Sem envio...
Rodou em: 2026-01-07 13:50:03.639750
Novidades já notificadas anteriormente. Sem envio...
Rodou em: 2026-01-07 14:00:06.616885
Novidades já notificadas anteriormente. Sem envio...
Rodou em: 2026-01-07 14:10:04.973243
Novidades já notificadas anteriormente. Sem envio...
Rodou em: 2026-01-07 14:20:04.398882
Novidades já notificadas anteriormente. Sem envio...
Rodou em: 2026-01-07 14:30:03.647001
Novidades já notificadas anteriormente. Sem envio...
Rodou em: 2026-01-07 14:40:07.531768
Novidades já notificadas anteriormente. Sem envio...
Rodou em: 2026-01-07 14:50:04.157993
Novidades já notificadas anteriormente. Sem envio...
Rodou em: 2026-01-07 15:00:04.426395
Novidades já notificadas anteriormente. Sem envio...
Rodou em: 2026-01-07 15:10:06.116746
Novidades já notificadas anteriormente. Sem envio...
Rodou em: 2026-01-07 15:20:04.107417
Novidades já notificadas anteriormente. Sem envio...
Rodou em: 2026-01-07 15:30:05.767510
Novidades já notificadas anteriormente. Sem envio...
Rodou em: 2026-01-07 15:40:04.219587
Novidades já notificadas anteriormente. Sem envio...
Rodou em: 2026-01-07 15:50:03.538440
Novidades já notificadas anteriormente. Sem envio...
Rodou em: 2026-01-07 16:00:04.306316
Novidades já notificadas anteriormente. Sem envio...
Rodou em: 2026-01-07 16:10:04.980700
Novidades já notificadas anteriormente. Sem envio...
Rodou em: 2026-01-07 16:20:05.023005
Novidades já notificadas anteriormente. Sem envio...
Rodou em: 2026-01-07 16:30:04.813721
Novidades já notificadas anteriormente. Sem envio...
Rodou em: 2026-01-07 16:40:06.088966
Novidades já notificadas anteriormente. Sem envio...
Rodou em: 2026-01-07 16:50:04.637311
Novidades já notificadas anteriormente. Sem envio...
Rodou em: 2026-01-07 17:00:04.404536
Novidades já notificadas anteriormente. Sem envio...
Rodou em: 2026-01-07 17:10:05.103560
Novidades já notificadas anteriormente. Sem envio...
Rodou em: 2026-01-07 17:20:03.795590
Novidades já notificadas anteriormente. Sem envio...
Rodou em: 2026-01-07 17:30:03.839239
Novidades já notificadas anteriormente. Sem envio...
Rodou em: 2026-01-07 17:40:05.493867
Novidades já notificadas anteriormente. Sem envio...
Rodou em: 2026-01-07 17:50:05.953246
Novidades já notificadas anteriormente. Sem envio...
Rodou em: 2026-01-07 18:00:04.675921
Novidades já notificadas anteriormente. Sem envio...
Rodou em: 2026-01-07 18:10:07.785728
Novidades já notificadas anteriormente. Sem envio...
Rodou em: 2026-01-07 18:20:03.846340
Novidades já notificadas anteriormente. Sem envio...
Rodou em: 2026-01-07 18:30:05.233318
Novidades já notificadas anteriormente. Sem envio...
Rodou em: 2026-01-07 18:40:03.816970
Novidades já notificadas anteriormente. Sem envio...
Rodou em: 2026-01-07 18:50:05.451321
Novidades já notificadas anteriormente. Sem envio...
Rodou em: 2026-01-07 19:00:04.696032
Novidades já notificadas anteriormente. Sem envio...
Rodou em: 2026-01-07 19:10:04.808271
Novidades já notificadas anteriormente. Sem envio...
Rodou em: 2026-01-07 19:20:05.595731
Novidades já notificadas anteriormente. Sem envio...
Rodou em: 2026-01-07 19:30:04.342481
Novidades já notificadas anteriormente. Sem envio...
Rodou em: 2026-01-07 19:40:05.967183
Novidades já notificadas anteriormente. Sem envio...
Rodou em: 2026-01-07 19:50:05.340665
Novidades já notificadas anteriormente. Sem envio...
Rodou em: 2026-01-07 20:00:07.644462
Novidades já notificadas anteriormente. Sem envio...
Rodou em: 2026-01-07 20:10:05.276785
Novidades já notificadas anteriormente. Sem envio...
Rodou em: 2026-01-07 20:20:03.900324
Novidades já notificadas anteriormente. Sem envio...
Rodou em: 2026-01-07 20:30:05.070324
Novidades já notificadas anteriormente. Sem envio...
Rodou em: 2026-01-07 20:40:04.664433
Novidades já notificadas anteriormente. Sem envio...
Rodou em: 2026-01-07 20:50:04.285709
Novidades já notificadas anteriormente. Sem envio...
Rodou em: 2026-01-07 21:00:06.024585
Novidades já notificadas anteriormente. Sem envio...
Rodou em: 2026-01-07 21:10:05.835805
Novidades já notificadas anteriormente. Sem envio...
Rodou em: 2026-01-07 21:20:04.529257
Novidades já notificadas anteriormente. Sem envio...
Rodou em: 2026-01-07 21:30:05.344520
Novidades já notificadas anteriormente. Sem envio...
Rodou em: 2026-01-07 21:40:04.069363
Novidades já notificadas anteriormente. Sem envio...
Rodou em: 2026-01-07 21:50:04.666442
Novidades já notificadas anteriormente. Sem envio...
Rodou em: 2026-01-07 22:00:04.955041
Novidades já notificadas anteriormente. Sem envio...
Rodou em: 2026-01-07 22:10:06.504587
Novidades já notificadas anteriormente. Sem envio...
Rodou em: 2026-01-07 22:20:04.472558
Novidades já notificadas anteriormente. Sem envio...
Rodou em: 2026-01-07 22:30:04.654972
Novidades já notificadas anteriormente. Sem envio...
Rodou em: 2026-01-07 22:40:05.692232
Novidades já notificadas anteriormente. Sem envio...
Rodou em: 2026-01-07 22:50:04.423683
Novidades já notificadas anteriormente. Sem envio...
Rodou em: 2026-01-07 23:00:05.539360
Novidades já notificadas anteriormente. Sem envio...
Rodou em: 2026-01-07 23:10:04.193162
Novidades já notificadas anteriormente. Sem envio...
Rodou em: 2026-01-07 23:20:03.687910
Novidades já notificadas anteriormente. Sem envio...
Rodou em: 2026-01-07 23:30:05.235247
Novidades já notificadas anteriormente. Sem envio...
Rodou em: 2026-01-07 23:40:03.730620
Novidades já notificadas anteriormente. Sem envio...
Rodou em: 2026-01-07 23:50:04.174037
Novidades já notificadas anteriormente. Sem envio...
Rodou em: 2026-01-08 00:00:09.281544
Novidades já notificadas anteriormente. Sem envio...
Rodou em: 2026-01-08 00:10:03.798134
Novidades já notificadas anteriormente. Sem envio...
Rodou em: 2026-01-08 00:20:04.558906
Novidades já notificadas anteriormente. Sem envio...
Rodou em: 2026-01-08 00:30:04.244820
Novidades já notificadas anteriormente. Sem envio...
Rodou em: 2026-01-08 02:50:05.719066
Novidades já notificadas anteriormente. Sem envio...
Rodou em: 2026-01-08 04:40:05.912094
Novidades já notificadas anteriormente. Sem envio...
Rodou em: 2026-01-08 04:50:03.656157
Novidades já notificadas anteriormente. Sem envio...
Rodou em: 2026-01-08 05:00:04.532092
Novidades já notificadas anteriormente. Sem envio...
Rodou em: 2026-01-08 05:10:07.227757
Novidades já notificadas anteriormente. Sem envio...
Rodou em: 2026-01-08 05:20:03.780466
Novidades já notificadas anteriormente. Sem envio...
Rodou em: 2026-01-08 05:30:05.454481
Novidades já notificadas anteriormente. Sem envio...
Rodou em: 2026-01-08 05:40:04.297993
Novidades já notificadas anteriormente. Sem envio...
Rodou em: 2026-01-08 07:02:25.328901
Novidades já notificadas anteriormente. Sem envio...
Rodou em: 2026-01-08 07:42:45.851633
Novidades já notificadas anteriormente. Sem envio...
Rodou em: 2026-01-08 07:50:06.809584
Novidades já notificadas anteriormente. Sem envio...
Rodou em: 2026-01-08 08:00:05.540631
Novidades já notificadas anteriormente. Sem envio...
Rodou em: 2026-01-08 08:10:04.128832
Novidades já notificadas anteriormente. Sem envio...
Rodou em: 2026-01-08 08:20:03.799213
Novidades já notificadas anteriormente. Sem envio...
Rodou em: 2026-01-08 08:30:04.350721
Novidades já notificadas anteriormente. Sem envio...
Rodou em: 2026-01-08 08:40:08.208422
Novidades já notificadas anteriormente. Sem envio...
Rodou em: 2026-01-08 08:50:06.120680
Novidades já notificadas anteriormente. Sem envio...
Rodou em: 2026-01-08 09:00:06.240212
Novidades já notificadas anteriormente. Sem envio...
Rodou em: 2026-01-08 09:10:05.180800
Novidades já notificadas anteriormente. Sem envio...
Rodou em: 2026-01-08 09:20:09.820069
Novidades já notificadas anteriormente. Sem envio...
Rodou em: 2026-01-08 09:30:05.210262
Novidades já notificadas anteriormente. Sem envio...
Rodou em: 2026-01-08 09:40:08.185487
Novidades já notificadas anteriormente. Sem envio...
Rodou em: 2026-01-08 09:50:04.520928
Novidades já notificadas anteriormente. Sem envio...
Rodou em: 2026-01-08 10:00:05.478678
Novidades já notificadas anteriormente. Sem envio...
Rodou em: 2026-01-08 10:10:05.174524
Novidades já notificadas anteriormente. Sem envio...
Rodou em: 2026-01-08 10:20:03.857196
Novidades já notificadas anteriormente. Sem envio...
Rodou em: 2026-01-08 10:30:05.610267
Novidades já notificadas anteriormente. Sem envio...
Rodou em: 2026-01-08 10:40:04.503837
Novidades já notificadas anteriormente. Sem envio...
Rodou em: 2026-01-08 10:50:04.780633
Novidades já notificadas anteriormente. Sem envio...
Rodou em: 2026-01-08 11:00:04.445307
Novidades já notificadas anteriormente. Sem envio...
Rodou em: 2026-01-08 11:10:09.587920
Novidades já notificadas anteriormente. Sem envio...
Rodou em: 2026-01-08 11:20:05.864101
Novidades já notificadas anteriormente. Sem envio...
Rodou em: 2026-01-08 11:30:03.786289
Novidades já notificadas anteriormente. Sem envio...
Rodou em: 2026-01-08 11:40:05.517233
Novidades já notificadas anteriormente. Sem envio...
Rodou em: 2026-01-08 11:50:04.537471
Novidades já notificadas anteriormente. Sem envio...
Rodou em: 2026-01-08 12:00:07.264070
Novidades já notificadas anteriormente. Sem envio...
Rodou em: 2026-01-08 12:10:05.483397
Novidades já notificadas anteriormente. Sem envio...
Rodou em: 2026-01-08 12:20:03.896614
Novidades já notificadas anteriormente. Sem envio...
Rodou em: 2026-01-08 12:30:08.782911
Novidades já notificadas anteriormente. Sem envio...
Rodou em: 2026-01-08 12:40:05.400699
Novidades já notificadas anteriormente. Sem envio...
Rodou em: 2026-01-08 12:50:05.065775
Novidades já notificadas anteriormente. Sem envio...
Rodou em: 2026-01-08 13:00:04.768285
Novidades já notificadas anteriormente. Sem envio...
Rodou em: 2026-01-08 13:10:09.989739
Novidades já notificadas anteriormente. Sem envio...
Rodou em: 2026-01-08 13:20:06.435353
Novidades já notificadas anteriormente. Sem envio...
Rodou em: 2026-01-08 13:30:09.767294
Novidades já notificadas anteriormente. Sem envio...
Rodou em: 2026-01-08 13:40:05.114486
Novidades já notificadas anteriormente. Sem envio...
Rodou em: 2026-01-08 13:50:05.486434
Novidades já notificadas anteriormente. Sem envio...
Rodou em: 2026-01-08 14:00:05.277168
Novidades já notificadas anteriormente. Sem envio...
Rodou em: 2026-01-08 14:10:05.072673
Novidades já notificadas anteriormente. Sem envio...
Rodou em: 2026-01-08 14:20:12.696081
Novidades já notificadas anteriormente. Sem envio...
Rodou em: 2026-01-08 14:30:05.722595
Novidades já notificadas anteriormente. Sem envio...
Rodou em: 2026-01-08 14:40:05.137059
Novidades já notificadas anteriormente. Sem envio...
Rodou em: 2026-01-08 14:50:04.755685
Novidades já notificadas anteriormente. Sem envio...
Rodou em: 2026-01-08 15:00:06.858206
Novidades já notificadas anteriormente. Sem envio...
Rodou em: 2026-01-08 15:10:05.734030
Novidades já notificadas anteriormente. Sem envio...
Rodou em: 2026-01-08 15:20:06.115985
Novidades já notificadas anteriormente. Sem envio...
Rodou em: 2026-01-08 15:30:05.640409
Email enviado com sucesso!
Rodou em: 2026-01-08 15:40:16.028804
Novidades já notificadas anteriormente. Sem envio...
Rodou em: 2026-01-08 15:50:04.304345
Novidades já notificadas anteriormente. Sem envio...
Rodou em: 2026-01-08 16:00:04.988820
Novidades já notificadas anteriormente. Sem envio...
Rodou em: 2026-01-08 16:10:06.386791
Novidades já notificadas anteriormente. Sem envio...
Rodou em: 2026-01-08 16:20:05.690061
Novidades já notificadas anteriormente. Sem envio...
Rodou em: 2026-01-08 16:30:03.792275
Novidades já notificadas anteriormente. Sem envio...
Rodou em: 2026-01-08 16:40:04.294589
Novidades já notificadas anteriormente. Sem envio...
Rodou em: 2026-01-08 16:50:05.298994
Novidades já notificadas anteriormente. Sem envio...
Rodou em: 2026-01-08 17:00:05.125550
Novidades já notificadas anteriormente. Sem envio...
Rodou em: 2026-01-08 17:10:10.420340
Novidades já notificadas anteriormente. Sem envio...
Rodou em: 2026-01-08 17:20:04.308863
Novidades já notificadas anteriormente. Sem envio...
Rodou em: 2026-01-08 17:30:04.203699
Novidades já notificadas anteriormente. Sem envio...
Rodou em: 2026-01-08 17:40:03.990302
Novidades já notificadas anteriormente. Sem envio...
Rodou em: 2026-01-08 17:50:05.432175
Novidades já notificadas anteriormente. Sem envio...
Rodou em: 2026-01-08 18:00:03.977901
Novidades já notificadas anteriormente. Sem envio...
Rodou em: 2026-01-08 18:10:04.012959
Novidades já notificadas anteriormente. Sem envio...
Rodou em: 2026-01-08 18:20:03.624374
Novidades já notificadas anteriormente. Sem envio...
Rodou em: 2026-01-08 18:30:04.785280
Novidades já notificadas anteriormente. Sem envio...
Rodou em: 2026-01-08 18:40:05.626147
Novidades já notificadas anteriormente. Sem envio...
Rodou em: 2026-01-08 18:50:05.804816
Novidades já notificadas anteriormente. Sem envio...
Rodou em: 2026-01-08 19:00:05.724727
Novidades já notificadas anteriormente. Sem envio...
Rodou em: 2026-01-08 19:10:06.890317
Novidades já notificadas anteriormente. Sem envio...
Rodou em: 2026-01-08 19:20:04.665474
Novidades já notificadas anteriormente. Sem envio...
Rodou em: 2026-01-08 19:30:05.179073
Novidades já notificadas anteriormente. Sem envio...
Rodou em: 2026-01-08 19:40:03.995527
Novidades já notificadas anteriormente. Sem envio...
Rodou em: 2026-01-08 19:50:05.292343
Novidades já notificadas anteriormente. Sem envio...
Rodou em: 2026-01-08 20:00:04.250977
Novidades já notificadas anteriormente. Sem envio...
Rodou em: 2026-01-08 20:10:04.327444
Novidades já notificadas anteriormente. Sem envio...
Rodou em: 2026-01-08 20:20:04.237788
Novidades já notificadas anteriormente. Sem envio...
Rodou em: 2026-01-08 20:30:06.908545
Novidades já notificadas anteriormente. Sem envio...
Rodou em: 2026-01-08 20:40:03.603975
Novidades já notificadas anteriormente. Sem envio...
Rodou em: 2026-01-08 20:50:05.299187
Novidades já notificadas anteriormente. Sem envio...
Rodou em: 2026-01-08 21:00:04.814583
Novidades já notificadas anteriormente. Sem envio...
Rodou em: 2026-01-08 21:10:05.899301
Novidades já notificadas anteriormente. Sem envio...
Rodou em: 2026-01-08 21:20:05.086947
Novidades já notificadas anteriormente. Sem envio...
Rodou em: 2026-01-08 21:30:04.108053
Novidades já notificadas anteriormente. Sem envio...
Rodou em: 2026-01-08 21:40:04.060742
Novidades já notificadas anteriormente. Sem envio...
Rodou em: 2026-01-08 21:50:04.989303
Novidades já notificadas anteriormente. Sem envio...
Rodou em: 2026-01-08 22:00:03.864826
Novidades já notificadas anteriormente. Sem envio...
Rodou em: 2026-01-08 22:10:04.331061
Novidades já notificadas anteriormente. Sem envio...
Rodou em: 2026-01-08 22:20:03.692559
Novidades já notificadas anteriormente. Sem envio...
Rodou em: 2026-01-08 22:30:04.333638
Novidades já notificadas anteriormente. Sem envio...
Rodou em: 2026-01-08 22:40:06.794594
Novidades já notificadas anteriormente. Sem envio...
Rodou em: 2026-01-08 22:50:04.609227
Novidades já notificadas anteriormente. Sem envio...
Rodou em: 2026-01-08 23:00:14.498106
Novidades já notificadas anteriormente. Sem envio...
Rodou em: 2026-01-09 03:20:07.377983
Novidades já notificadas anteriormente. Sem envio...
Rodou em: 2026-01-09 05:00:07.489602
Novidades já notificadas anteriormente. Sem envio...
Rodou em: 2026-01-09 05:10:04.335996
Novidades já notificadas anteriormente. Sem envio...
Rodou em: 2026-01-09 05:20:04.529575
Novidades já notificadas anteriormente. Sem envio...
Rodou em: 2026-01-09 05:30:04.126317
Novidades já notificadas anteriormente. Sem envio...
Rodou em: 2026-01-09 05:40:04.130599
Novidades já notificadas anteriormente. Sem envio...
Rodou em: 2026-01-09 05:50:03.946916
Novidades já notificadas anteriormente. Sem envio...
Rodou em: 2026-01-09 06:00:58.723907
Novidades já notificadas anteriormente. Sem envio...
Rodou em: 2026-01-09 06:11:17.464826
Novidades já notificadas anteriormente. Sem envio...
Rodou em: 2026-01-09 07:24:00.479878
Novidades já notificadas anteriormente. Sem envio...
Rodou em: 2026-01-09 07:30:06.501820
Novidades já notificadas anteriormente. Sem envio...
Rodou em: 2026-01-09 07:40:04.082959
Novidades já notificadas anteriormente. Sem envio...
Rodou em: 2026-01-09 07:50:04.615045
Novidades já notificadas anteriormente. Sem envio...
Rodou em: 2026-01-09 08:00:05.484526
Novidades já notificadas anteriormente. Sem envio...
Rodou em: 2026-01-09 08:10:05.461444
Novidades já notificadas anteriormente. Sem envio...
Rodou em: 2026-01-09 08:20:04.200655
Novidades já notificadas anteriormente. Sem envio...
Rodou em: 2026-01-09 08:30:06.023524
Novidades já notificadas anteriormente. Sem envio...
Rodou em: 2026-01-09 08:40:03.494524
Novidades já notificadas anteriormente. Sem envio...
Rodou em: 2026-01-09 08:50:04.506673
Novidades já notificadas anteriormente. Sem envio...
Rodou em: 2026-01-09 09:00:06.011578
Novidades já notificadas anteriormente. Sem envio...
Rodou em: 2026-01-09 09:10:04.566554
Novidades já notificadas anteriormente. Sem envio...
Rodou em: 2026-01-09 09:20:04.872798
Novidades já notificadas anteriormente. Sem envio...
Rodou em: 2026-01-09 09:30:05.215219
Novidades já notificadas anteriormente. Sem envio...
Rodou em: 2026-01-09 09:40:06.387035
Novidades já notificadas anteriormente. Sem envio...
Rodou em: 2026-01-09 09:50:03.994282
Novidades já notificadas anteriormente. Sem envio...
Rodou em: 2026-01-09 10:00:05.090301
Novidades já notificadas anteriormente. Sem envio...
Rodou em: 2026-01-09 10:10:04.237599
Novidades já notificadas anteriormente. Sem envio...
Rodou em: 2026-01-09 10:20:06.562451
Novidades já notificadas anteriormente. Sem envio...
Rodou em: 2026-01-09 10:30:05.070730
Novidades já notificadas anteriormente. Sem envio...
Rodou em: 2026-01-09 10:40:04.352454
Novidades já notificadas anteriormente. Sem envio...
Rodou em: 2026-01-09 10:50:03.719973
Novidades já notificadas anteriormente. Sem envio...
Rodou em: 2026-01-09 11:00:03.774981
Novidades já notificadas anteriormente. Sem envio...
Rodou em: 2026-01-09 11:10:14.670533
Novidades já notificadas anteriormente. Sem envio...
Rodou em: 2026-01-09 11:20:04.025062
Novidades já notificadas anteriormente. Sem envio...
Rodou em: 2026-01-09 11:30:07.470788
Novidades já notificadas anteriormente. Sem envio...
Rodou em: 2026-01-09 11:40:04.386963
Novidades já notificadas anteriormente. Sem envio...
Rodou em: 2026-01-09 11:50:05.934977
Novidades já notificadas anteriormente. Sem envio...
Rodou em: 2026-01-09 12:00:03.808724
Novidades já notificadas anteriormente. Sem envio...
Rodou em: 2026-01-09 12:10:05.318490
Novidades já notificadas anteriormente. Sem envio...
Rodou em: 2026-01-09 12:20:04.172913
Novidades já notificadas anteriormente. Sem envio...
Rodou em: 2026-01-09 12:30:04.177919
Novidades já notificadas anteriormente. Sem envio...
Rodou em: 2026-01-09 12:40:06.247104
Novidades já notificadas anteriormente. Sem envio...
Rodou em: 2026-01-09 12:50:04.081649
Novidades já notificadas anteriormente. Sem envio...
Rodou em: 2026-01-09 13:00:03.936963
Novidades já notificadas anteriormente. Sem envio...
Rodou em: 2026-01-09 13:10:05.363827
Novidades já notificadas anteriormente. Sem envio...
Rodou em: 2026-01-09 13:20:05.836823
Novidades já notificadas anteriormente. Sem envio...
Rodou em: 2026-01-09 13:30:03.700740
Novidades já notificadas anteriormente. Sem envio...
Rodou em: 2026-01-09 13:40:05.253283
Novidades já notificadas anteriormente. Sem envio...
Rodou em: 2026-01-09 13:50:07.576386
Novidades já notificadas anteriormente. Sem envio...
Rodou em: 2026-01-09 14:00:05.721914
Novidades já notificadas anteriormente. Sem envio...
Rodou em: 2026-01-09 14:10:04.439219
Novidades já notificadas anteriormente. Sem envio...
Rodou em: 2026-01-09 14:20:04.208523
Novidades já notificadas anteriormente. Sem envio...
Rodou em: 2026-01-09 14:30:07.629704
Novidades já notificadas anteriormente. Sem envio...
Rodou em: 2026-01-09 14:40:03.639984
Email enviado com sucesso!
Rodou em: 2026-01-09 14:50:04.186681
Novidades já notificadas anteriormente. Sem envio...
Rodou em: 2026-01-09 15:00:10.230122
Novidades já notificadas anteriormente. Sem envio...
Rodou em: 2026-01-09 15:10:06.051108
Novidades já notificadas anteriormente. Sem envio...
Rodou em: 2026-01-09 15:20:06.326244
Novidades já notificadas anteriormente. Sem envio...
Rodou em: 2026-01-09 15:30:04.645891
Novidades já notificadas anteriormente. Sem envio...
Rodou em: 2026-01-09 15:40:04.228224
Novidades já notificadas anteriormente. Sem envio...
Rodou em: 2026-01-09 15:50:06.233398
Novidades já notificadas anteriormente. Sem envio...
Rodou em: 2026-01-09 16:00:06.620835
Novidades já notificadas anteriormente. Sem envio...
Rodou em: 2026-01-09 16:10:04.633322
Novidades já notificadas anteriormente. Sem envio...
Rodou em: 2026-01-09 16:20:05.628276
Novidades já notificadas anteriormente. Sem envio...
Rodou em: 2026-01-09 16:30:30.853950
Novidades já notificadas anteriormente. Sem envio...
Rodou em: 2026-01-09 16:40:05.387783
Novidades já notificadas anteriormente. Sem envio...
Rodou em: 2026-01-09 16:50:05.701896
Novidades já notificadas anteriormente. Sem envio...
Rodou em: 2026-01-09 17:00:09.756002
Novidades já notificadas anteriormente. Sem envio...
Rodou em: 2026-01-09 17:10:04.179795
Novidades já notificadas anteriormente. Sem envio...
Rodou em: 2026-01-09 17:20:06.362636
Novidades já notificadas anteriormente. Sem envio...
Rodou em: 2026-01-09 17:30:05.543745
Novidades já notificadas anteriormente. Sem envio...
Rodou em: 2026-01-09 17:40:06.981884
Novidades já notificadas anteriormente. Sem envio...
Rodou em: 2026-01-09 17:50:03.626299
Novidades já notificadas anteriormente. Sem envio...
Rodou em: 2026-01-09 18:00:04.440847
Novidades já notificadas anteriormente. Sem envio...
Rodou em: 2026-01-09 18:10:04.099631
Novidades já notificadas anteriormente. Sem envio...
Rodou em: 2026-01-09 18:20:04.635536
Novidades já notificadas anteriormente. Sem envio...
Rodou em: 2026-01-09 18:30:06.237179
Novidades já notificadas anteriormente. Sem envio...
Rodou em: 2026-01-09 18:40:04.047475
Novidades já notificadas anteriormente. Sem envio...
Rodou em: 2026-01-09 18:50:03.860509
Novidades já notificadas anteriormente. Sem envio...
Rodou em: 2026-01-09 19:00:04.168434
Novidades já notificadas anteriormente. Sem envio...
Rodou em: 2026-01-09 19:10:05.694518
Novidades já notificadas anteriormente. Sem envio...
Rodou em: 2026-01-09 19:20:04.618939
Novidades já notificadas anteriormente. Sem envio...
Rodou em: 2026-01-09 19:30:06.699856
Novidades já notificadas anteriormente. Sem envio...
Rodou em: 2026-01-09 21:10:15.216990
Novidades já notificadas anteriormente. Sem envio...
Rodou em: 2026-01-10 01:57:14.626072
Novidades já notificadas anteriormente. Sem envio...
Rodou em: 2026-01-10 04:50:05.857696
Novidades já notificadas anteriormente. Sem envio...
Rodou em: 2026-01-10 05:00:03.836340
Novidades já notificadas anteriormente. Sem envio...
Rodou em: 2026-01-10 05:10:05.468734
Novidades já notificadas anteriormente. Sem envio...
Rodou em: 2026-01-10 05:20:05.018132
Novidades já notificadas anteriormente. Sem envio...
Rodou em: 2026-01-10 05:30:03.903346
Novidades já notificadas anteriormente. Sem envio...
Rodou em: 2026-01-10 05:40:03.591597
Novidades já notificadas anteriormente. Sem envio...
Rodou em: 2026-01-10 05:50:04.501790
Novidades já notificadas anteriormente. Sem envio...
Rodou em: 2026-01-10 06:00:04.542014
Novidades já notificadas anteriormente. Sem envio...
Rodou em: 2026-01-10 06:10:06.308078
Novidades já notificadas anteriormente. Sem envio...
Rodou em: 2026-01-10 06:20:04.046474
Novidades já notificadas anteriormente. Sem envio...
Rodou em: 2026-01-10 06:30:04.022881
Novidades já notificadas anteriormente. Sem envio...
Rodou em: 2026-01-10 06:40:05.276827
Novidades já notificadas anteriormente. Sem envio...
Rodou em: 2026-01-10 06:50:03.777076
Novidades já notificadas anteriormente. Sem envio...
Rodou em: 2026-01-10 07:21:52.847726
Novidades já notificadas anteriormente. Sem envio...
Rodou em: 2026-01-10 08:00:36.787231
Novidades já notificadas anteriormente. Sem envio...
Rodou em: 2026-01-10 08:23:14.171091
Novidades já notificadas anteriormente. Sem envio...
Rodou em: 2026-01-10 09:40:04.340779
Novidades já notificadas anteriormente. Sem envio...
Rodou em: 2026-01-10 21:40:10.850097
Novidades já notificadas anteriormente. Sem envio...
Rodou em: 2026-01-11 03:51:48.449437
Novidades já notificadas anteriormente. Sem envio...
Rodou em: 2026-01-11 04:40:06.539062
Novidades já notificadas anteriormente. Sem envio...
Rodou em: 2026-01-11 04:50:04.087998
Novidades já notificadas anteriormente. Sem envio...
Rodou em: 2026-01-11 05:00:03.842036
Novidades já notificadas anteriormente. Sem envio...
Rodou em: 2026-01-11 05:10:03.541072
Novidades já notificadas anteriormente. Sem envio...
Rodou em: 2026-01-11 05:20:04.248359
Novidades já notificadas anteriormente. Sem envio...
Rodou em: 2026-01-11 05:30:04.824871
Novidades já notificadas anteriormente. Sem envio...
Rodou em: 2026-01-11 05:40:03.531276
Novidades já notificadas anteriormente. Sem envio...
Rodou em: 2026-01-11 21:00:10.387799
Novidades já notificadas anteriormente. Sem envio...
Rodou em: 2026-01-11 21:20:05.078815
Novidades já notificadas anteriormente. Sem envio...
Rodou em: 2026-01-11 23:40:10.202089
Novidades já notificadas anteriormente. Sem envio...
Rodou em: 2026-01-11 23:50:04.186391
Novidades já notificadas anteriormente. Sem envio...
Rodou em: 2026-01-12 00:50:08.361149
Novidades já notificadas anteriormente. Sem envio...
Rodou em: 2026-01-12 01:00:07.156090
Novidades já notificadas anteriormente. Sem envio...
Rodou em: 2026-01-12 01:10:07.298902
Novidades já notificadas anteriormente. Sem envio...
Rodou em: 2026-01-12 01:53:39.094049
Novidades já notificadas anteriormente. Sem envio...
Rodou em: 2026-01-12 04:50:06.988320
Novidades já notificadas anteriormente. Sem envio...
Rodou em: 2026-01-12 05:00:03.589221
Novidades já notificadas anteriormente. Sem envio...
Rodou em: 2026-01-12 05:10:05.356843
Novidades já notificadas anteriormente. Sem envio...
Rodou em: 2026-01-12 05:20:04.155801
Novidades já notificadas anteriormente. Sem envio...
Rodou em: 2026-01-12 05:30:03.978369
Novidades já notificadas anteriormente. Sem envio...
Rodou em: 2026-01-12 05:40:05.451753
Novidades já notificadas anteriormente. Sem envio...
Rodou em: 2026-01-12 05:50:04.091132
Novidades já notificadas anteriormente. Sem envio...
Rodou em: 2026-01-12 06:30:06.486777
Novidades já notificadas anteriormente. Sem envio...
Rodou em: 2026-01-12 07:54:39.529492
Novidades já notificadas anteriormente. Sem envio...
Rodou em: 2026-01-12 08:00:05.845171
Novidades já notificadas anteriormente. Sem envio...
Rodou em: 2026-01-12 08:10:05.154115
Novidades já notificadas anteriormente. Sem envio...
Rodou em: 2026-01-12 08:20:03.726524
Novidades já notificadas anteriormente. Sem envio...
Rodou em: 2026-01-12 08:30:04.320417
Novidades já notificadas anteriormente. Sem envio...
Rodou em: 2026-01-12 08:40:05.462438
Novidades já notificadas anteriormente. Sem envio...
Rodou em: 2026-01-12 08:50:06.530700
Novidades já notificadas anteriormente. Sem envio...
Rodou em: 2026-01-12 09:00:06.942281
Novidades já notificadas anteriormente. Sem envio...
Rodou em: 2026-01-12 09:10:03.984948
Novidades já notificadas anteriormente. Sem envio...
Rodou em: 2026-01-12 09:20:04.730192
Novidades já notificadas anteriormente. Sem envio...
Rodou em: 2026-01-12 09:30:04.172444
Novidades já notificadas anteriormente. Sem envio...
Rodou em: 2026-01-12 09:40:04.319550
Novidades já notificadas anteriormente. Sem envio...
Rodou em: 2026-01-12 09:50:15.495880
Novidades já notificadas anteriormente. Sem envio...
Rodou em: 2026-01-12 10:00:08.368651
Novidades já notificadas anteriormente. Sem envio...
Rodou em: 2026-01-12 10:10:05.591188
Novidades já notificadas anteriormente. Sem envio...
Rodou em: 2026-01-12 10:20:03.892822
Novidades já notificadas anteriormente. Sem envio...
Rodou em: 2026-01-12 10:30:05.293548
Novidades já notificadas anteriormente. Sem envio...
Rodou em: 2026-01-12 10:40:04.390757
Novidades já notificadas anteriormente. Sem envio...
Rodou em: 2026-01-12 10:50:04.017942
Novidades já notificadas anteriormente. Sem envio...
Rodou em: 2026-01-12 11:00:06.756155
Novidades já notificadas anteriormente. Sem envio...
Rodou em: 2026-01-12 11:10:16.989050
Novidades já notificadas anteriormente. Sem envio...
Rodou em: 2026-01-12 11:20:05.215079
Novidades já notificadas anteriormente. Sem envio...
Rodou em: 2026-01-12 11:30:04.694869
Novidades já notificadas anteriormente. Sem envio...
Rodou em: 2026-01-12 11:40:04.295500
Novidades já notificadas anteriormente. Sem envio...
Rodou em: 2026-01-12 11:50:07.848479
Novidades já notificadas anteriormente. Sem envio...
Rodou em: 2026-01-12 12:00:05.103489
Novidades já notificadas anteriormente. Sem envio...
Rodou em: 2026-01-12 12:10:03.909075
Novidades já notificadas anteriormente. Sem envio...
Rodou em: 2026-01-12 12:20:03.828339
Novidades já notificadas anteriormente. Sem envio...
Rodou em: 2026-01-12 12:30:03.619494
Novidades já notificadas anteriormente. Sem envio...
Rodou em: 2026-01-12 12:40:04.420205
Novidades já notificadas anteriormente. Sem envio...
Rodou em: 2026-01-12 12:50:05.850979
Novidades já notificadas anteriormente. Sem envio...
Rodou em: 2026-01-12 13:00:04.272229
Novidades já notificadas anteriormente. Sem envio...
Rodou em: 2026-01-12 13:10:04.115745
Novidades já notificadas anteriormente. Sem envio...
Rodou em: 2026-01-12 13:20:05.112469
Novidades já notificadas anteriormente. Sem envio...
Rodou em: 2026-01-12 13:30:06.236220
Novidades já notificadas anteriormente. Sem envio...
Rodou em: 2026-01-12 13:40:04.481324
Novidades já notificadas anteriormente. Sem envio...
Rodou em: 2026-01-12 13:50:03.975919
Novidades já notificadas anteriormente. Sem envio...
Rodou em: 2026-01-12 14:00:06.295806
Novidades já notificadas anteriormente. Sem envio...
Rodou em: 2026-01-12 14:10:04.085870
Novidades já notificadas anteriormente. Sem envio...
Rodou em: 2026-01-12 14:20:04.188040
Novidades já notificadas anteriormente. Sem envio...
Rodou em: 2026-01-12 14:30:03.858360
Novidades já notificadas anteriormente. Sem envio...
Rodou em: 2026-01-12 14:40:08.467249
Novidades já notificadas anteriormente. Sem envio...
Rodou em: 2026-01-12 14:50:04.667496
Novidades já notificadas anteriormente. Sem envio...
Rodou em: 2026-01-12 15:00:05.207787
Novidades já notificadas anteriormente. Sem envio...
Rodou em: 2026-01-12 15:10:04.257407
Novidades já notificadas anteriormente. Sem envio...
Rodou em: 2026-01-12 15:20:04.592520
Novidades já notificadas anteriormente. Sem envio...
Rodou em: 2026-01-12 15:30:04.103696
Novidades já notificadas anteriormente. Sem envio...
Rodou em: 2026-01-12 15:40:04.630898
Novidades já notificadas anteriormente. Sem envio...
Rodou em: 2026-01-12 15:50:04.305874
Novidades já notificadas anteriormente. Sem envio...
Rodou em: 2026-01-12 16:00:04.964367
Novidades já notificadas anteriormente. Sem envio...
Rodou em: 2026-01-12 16:10:06.743388
Novidades já notificadas anteriormente. Sem envio...
Rodou em: 2026-01-12 16:20:05.131201
Novidades já notificadas anteriormente. Sem envio...
Rodou em: 2026-01-12 16:30:06.658243
Novidades já notificadas anteriormente. Sem envio...
Rodou em: 2026-01-12 16:40:04.072765
Novidades já notificadas anteriormente. Sem envio...
Rodou em: 2026-01-12 16:50:04.564774
Novidades já notificadas anteriormente. Sem envio...
Rodou em: 2026-01-12 17:00:05.343125
Novidades já notificadas anteriormente. Sem envio...
Rodou em: 2026-01-12 17:10:07.984223
Novidades já notificadas anteriormente. Sem envio...
Rodou em: 2026-01-12 17:20:04.503511
Novidades já notificadas anteriormente. Sem envio...
Rodou em: 2026-01-12 17:30:04.103329
Novidades já notificadas anteriormente. Sem envio...
Rodou em: 2026-01-12 17:40:05.225111
Novidades já notificadas anteriormente. Sem envio...
Rodou em: 2026-01-12 17:50:03.890818
Novidades já notificadas anteriormente. Sem envio...
Rodou em: 2026-01-12 18:00:05.706790
Novidades já notificadas anteriormente. Sem envio...
Rodou em: 2026-01-12 18:10:04.520551
Novidades já notificadas anteriormente. Sem envio...
Rodou em: 2026-01-12 18:20:03.964922
Novidades já notificadas anteriormente. Sem envio...
Rodou em: 2026-01-12 18:30:05.478483
Novidades já notificadas anteriormente. Sem envio...
Rodou em: 2026-01-12 18:40:03.716898
Novidades já notificadas anteriormente. Sem envio...
Rodou em: 2026-01-12 18:50:04.286482
Novidades já notificadas anteriormente. Sem envio...
Rodou em: 2026-01-12 19:00:04.180803
Novidades já notificadas anteriormente. Sem envio...
Rodou em: 2026-01-12 19:10:03.723675
Novidades já notificadas anteriormente. Sem envio...
Rodou em: 2026-01-12 19:20:04.325030
Novidades já notificadas anteriormente. Sem envio...
Rodou em: 2026-01-12 19:30:05.820134
Novidades já notificadas anteriormente. Sem envio...
Rodou em: 2026-01-12 19:40:03.469888
Novidades já notificadas anteriormente. Sem envio...
Rodou em: 2026-01-12 19:50:05.413847
Novidades já notificadas anteriormente. Sem envio...
Rodou em: 2026-01-12 20:00:04.204118
Novidades já notificadas anteriormente. Sem envio...
Rodou em: 2026-01-12 20:10:05.006237
Novidades já notificadas anteriormente. Sem envio...
Rodou em: 2026-01-12 20:20:04.937472
Novidades já notificadas anteriormente. Sem envio...
Rodou em: 2026-01-12 20:30:04.012498
Novidades já notificadas anteriormente. Sem envio...
Rodou em: 2026-01-12 20:40:06.963567
Novidades já notificadas anteriormente. Sem envio...
Rodou em: 2026-01-12 20:50:04.698507
Novidades já notificadas anteriormente. Sem envio...
Rodou em: 2026-01-12 21:00:05.430511
Novidades já notificadas anteriormente. Sem envio...
Rodou em: 2026-01-12 21:10:07.359245
Novidades já notificadas anteriormente. Sem envio...
Rodou em: 2026-01-12 21:20:04.316160
Novidades já notificadas anteriormente. Sem envio...
Rodou em: 2026-01-12 21:30:04.517646
Novidades já notificadas anteriormente. Sem envio...
Rodou em: 2026-01-12 21:40:05.124030
Novidades já notificadas anteriormente. Sem envio...
Rodou em: 2026-01-12 21:50:03.701642
Novidades já notificadas anteriormente. Sem envio...
Rodou em: 2026-01-12 22:00:04.409629
Novidades já notificadas anteriormente. Sem envio...
Rodou em: 2026-01-12 22:10:03.905907
Novidades já notificadas anteriormente. Sem envio...
Rodou em: 2026-01-12 22:20:03.688793
Novidades já notificadas anteriormente. Sem envio...
Rodou em: 2026-01-12 22:30:05.266420
Novidades já notificadas anteriormente. Sem envio...
Rodou em: 2026-01-12 22:40:05.038681
Novidades já notificadas anteriormente. Sem envio...
Rodou em: 2026-01-12 22:50:04.975185
Novidades já notificadas anteriormente. Sem envio...
Rodou em: 2026-01-12 23:00:05.462485
Novidades já notificadas anteriormente. Sem envio...
Rodou em: 2026-01-12 23:10:05.977331
Novidades já notificadas anteriormente. Sem envio...
Rodou em: 2026-01-13 00:50:05.373840
Novidades já notificadas anteriormente. Sem envio...
Rodou em: 2026-01-13 04:50:08.213514
Novidades já notificadas anteriormente. Sem envio...
Rodou em: 2026-01-13 05:00:04.365561
Novidades já notificadas anteriormente. Sem envio...
Rodou em: 2026-01-13 05:10:05.315564
Novidades já notificadas anteriormente. Sem envio...
Rodou em: 2026-01-13 05:20:04.089619
Novidades já notificadas anteriormente. Sem envio...
Rodou em: 2026-01-13 05:30:04.407890
Novidades já notificadas anteriormente. Sem envio...
Rodou em: 2026-01-13 05:40:05.968382
Novidades já notificadas anteriormente. Sem envio...
Rodou em: 2026-01-13 05:50:05.410153
Novidades já notificadas anteriormente. Sem envio...
Erro ao acessar o site: HTTPSConnectionPool(host='sitepd.org.br', port=443): Read timed out. (read timeout=10)
Rodou em: 2026-01-13 07:10:06.045595
Novidades já notificadas anteriormente. Sem envio...
Rodou em: 2026-01-13 08:00:28.734978
Novidades já notificadas anteriormente. Sem envio...
Rodou em: 2026-01-13 08:10:06.628658
Novidades já notificadas anteriormente. Sem envio...
Rodou em: 2026-01-13 08:20:04.227195
Novidades já notificadas anteriormente. Sem envio...
Rodou em: 2026-01-13 08:30:19.735170
Novidades já notificadas anteriormente. Sem envio...
Rodou em: 2026-01-13 08:40:11.128854
Novidades já notificadas anteriormente. Sem envio...
Rodou em: 2026-01-13 08:50:04.175222
Novidades já notificadas anteriormente. Sem envio...
Rodou em: 2026-01-13 09:00:04.647265
Novidades já notificadas anteriormente. Sem envio...
Rodou em: 2026-01-13 09:10:15.328331
Novidades já notificadas anteriormente. Sem envio...
Rodou em: 2026-01-13 09:20:06.913739
Novidades já notificadas anteriormente. Sem envio...
Rodou em: 2026-01-13 09:30:05.467743
Novidades já notificadas anteriormente. Sem envio...
Rodou em: 2026-01-13 09:40:07.589411
Novidades já notificadas anteriormente. Sem envio...
Rodou em: 2026-01-13 09:50:04.754320
Novidades já notificadas anteriormente. Sem envio...
Rodou em: 2026-01-13 10:00:03.855834
Novidades já notificadas anteriormente. Sem envio...
Rodou em: 2026-01-13 10:10:03.671908
Novidades já notificadas anteriormente. Sem envio...
Rodou em: 2026-01-13 10:20:04.345440
Novidades já notificadas anteriormente. Sem envio...
Rodou em: 2026-01-13 10:30:05.074045
Novidades já notificadas anteriormente. Sem envio...
Rodou em: 2026-01-13 10:40:05.855780
Novidades já notificadas anteriormente. Sem envio...
Rodou em: 2026-01-13 10:50:03.825357
Novidades já notificadas anteriormente. Sem envio...
Rodou em: 2026-01-13 11:00:04.395220
Novidades já notificadas anteriormente. Sem envio...
Rodou em: 2026-01-13 11:10:06.368640
Novidades já notificadas anteriormente. Sem envio...
Rodou em: 2026-01-13 11:20:05.485897
Novidades já notificadas anteriormente. Sem envio...
Rodou em: 2026-01-13 11:30:03.870348
Novidades já notificadas anteriormente. Sem envio...
Rodou em: 2026-01-13 11:40:03.950159
Novidades já notificadas anteriormente. Sem envio...
Rodou em: 2026-01-13 11:50:33.414986
Novidades já notificadas anteriormente. Sem envio...
Rodou em: 2026-01-13 12:00:07.803623
Email enviado com sucesso!
Rodou em: 2026-01-13 12:10:03.724937
Novidades já notificadas anteriormente. Sem envio...
Rodou em: 2026-01-13 12:20:04.909912
Novidades já notificadas anteriormente. Sem envio...
Rodou em: 2026-01-13 12:30:05.872858
Novidades já notificadas anteriormente. Sem envio...
Rodou em: 2026-01-13 12:40:04.085498
Novidades já notificadas anteriormente. Sem envio...
Rodou em: 2026-01-13 12:50:04.463534
Novidades já notificadas anteriormente. Sem envio...
Rodou em: 2026-01-13 13:00:04.351563
Novidades já notificadas anteriormente. Sem envio...
Rodou em: 2026-01-13 13:10:04.947760
Novidades já notificadas anteriormente. Sem envio...
Rodou em: 2026-01-13 13:20:06.665228
Novidades já notificadas anteriormente. Sem envio...
Rodou em: 2026-01-13 13:30:05.134332
Novidades já notificadas anteriormente. Sem envio...
Rodou em: 2026-01-13 13:40:04.126651
Novidades já notificadas anteriormente. Sem envio...
Rodou em: 2026-01-13 13:50:05.334189
Novidades já notificadas anteriormente. Sem envio...
Rodou em: 2026-01-13 14:00:05.184594
Novidades já notificadas anteriormente. Sem envio...
Rodou em: 2026-01-13 14:10:06.482097
Novidades já notificadas anteriormente. Sem envio...
Rodou em: 2026-01-13 14:20:17.807003
Novidades já notificadas anteriormente. Sem envio...
Rodou em: 2026-01-13 14:32:01.797961
Novidades já notificadas anteriormente. Sem envio...
Rodou em: 2026-01-13 14:40:04.687752
Novidades já notificadas anteriormente. Sem envio...
Rodou em: 2026-01-13 14:50:04.014025
Novidades já notificadas anteriormente. Sem envio...
Rodou em: 2026-01-13 15:00:04.609207
Novidades já notificadas anteriormente. Sem envio...
Rodou em: 2026-01-13 15:10:07.093489
Novidades já notificadas anteriormente. Sem envio...
Rodou em: 2026-01-13 15:20:04.463164
Novidades já notificadas anteriormente. Sem envio...
Rodou em: 2026-01-13 15:30:05.257243
Novidades já notificadas anteriormente. Sem envio...
Rodou em: 2026-01-13 15:40:09.583593
Novidades já notificadas anteriormente. Sem envio...
Rodou em: 2026-01-13 15:50:06.136615
Novidades já notificadas anteriormente. Sem envio...
Rodou em: 2026-01-13 16:00:04.853788
Novidades já notificadas anteriormente. Sem envio...
Rodou em: 2026-01-13 16:10:04.180894
Novidades já notificadas anteriormente. Sem envio...
Rodou em: 2026-01-13 16:20:04.453249
Novidades já notificadas anteriormente. Sem envio...
Rodou em: 2026-01-13 16:30:04.097730
Email enviado com sucesso!
Rodou em: 2026-01-13 16:40:04.523975
Novidades já notificadas anteriormente. Sem envio...
Rodou em: 2026-01-13 16:50:03.893637
Novidades já notificadas anteriormente. Sem envio...
Rodou em: 2026-01-13 17:00:05.668581
Novidades já notificadas anteriormente. Sem envio...
Rodou em: 2026-01-13 17:10:11.305804
Novidades já notificadas anteriormente. Sem envio...
Rodou em: 2026-01-13 17:20:05.446873
Novidades já notificadas anteriormente. Sem envio...
Rodou em: 2026-01-13 17:30:05.202795
Novidades já notificadas anteriormente. Sem envio...
Rodou em: 2026-01-13 17:40:03.910758
Novidades já notificadas anteriormente. Sem envio...
Rodou em: 2026-01-13 17:50:04.292840
Novidades já notificadas anteriormente. Sem envio...
Rodou em: 2026-01-13 18:00:05.253159
Novidades já notificadas anteriormente. Sem envio...
Rodou em: 2026-01-13 18:10:06.658515
Novidades já notificadas anteriormente. Sem envio...
Rodou em: 2026-01-13 18:20:04.039410
Novidades já notificadas anteriormente. Sem envio...
Rodou em: 2026-01-13 18:30:05.006746
Novidades já notificadas anteriormente. Sem envio...
Rodou em: 2026-01-13 18:40:04.464742
Novidades já notificadas anteriormente. Sem envio...
Rodou em: 2026-01-13 18:50:04.206587
Novidades já notificadas anteriormente. Sem envio...
Rodou em: 2026-01-13 19:00:04.474171
Novidades já notificadas anteriormente. Sem envio...
Rodou em: 2026-01-13 19:10:05.624989
Novidades já notificadas anteriormente. Sem envio...
Rodou em: 2026-01-13 19:20:05.305157
Novidades já notificadas anteriormente. Sem envio...
Rodou em: 2026-01-13 19:30:04.266763
Novidades já notificadas anteriormente. Sem envio...
Rodou em: 2026-01-13 19:40:04.137775
Novidades já notificadas anteriormente. Sem envio...
Rodou em: 2026-01-13 19:50:05.706423
Novidades já notificadas anteriormente. Sem envio...
Rodou em: 2026-01-13 20:00:04.909962
Novidades já notificadas anteriormente. Sem envio...
Rodou em: 2026-01-13 20:10:05.131009
Novidades já notificadas anteriormente. Sem envio...
Rodou em: 2026-01-13 20:20:04.045436
Novidades já notificadas anteriormente. Sem envio...
Rodou em: 2026-01-13 20:30:06.310961
Novidades já notificadas anteriormente. Sem envio...
Rodou em: 2026-01-13 20:40:04.318213
Novidades já notificadas anteriormente. Sem envio...
Rodou em: 2026-01-13 20:50:06.268532
Novidades já notificadas anteriormente. Sem envio...
Rodou em: 2026-01-13 21:00:04.536436
Novidades já notificadas anteriormente. Sem envio...
Rodou em: 2026-01-13 21:10:05.910659
Novidades já notificadas anteriormente. Sem envio...
Rodou em: 2026-01-13 21:20:04.714656
Novidades já notificadas anteriormente. Sem envio...
Rodou em: 2026-01-13 21:30:04.561501
Novidades já notificadas anteriormente. Sem envio...
Rodou em: 2026-01-13 21:40:07.684852
Novidades já notificadas anteriormente. Sem envio...
Rodou em: 2026-01-13 21:50:05.335835
Novidades já notificadas anteriormente. Sem envio...
Rodou em: 2026-01-13 22:00:05.386385
Novidades já notificadas anteriormente. Sem envio...
Rodou em: 2026-01-13 22:10:04.194998
Novidades já notificadas anteriormente. Sem envio...
Rodou em: 2026-01-13 22:20:04.091429
Novidades já notificadas anteriormente. Sem envio...
Rodou em: 2026-01-13 22:30:03.594264
Novidades já notificadas anteriormente. Sem envio...
Rodou em: 2026-01-13 22:40:04.379599
Novidades já notificadas anteriormente. Sem envio...
Rodou em: 2026-01-13 22:50:04.323956
Novidades já notificadas anteriormente. Sem envio...
Rodou em: 2026-01-13 23:00:04.282062
Novidades já notificadas anteriormente. Sem envio...
Rodou em: 2026-01-13 23:10:05.862872
Novidades já notificadas anteriormente. Sem envio...
Rodou em: 2026-01-13 23:20:03.640529
Novidades já notificadas anteriormente. Sem envio...
Rodou em: 2026-01-13 23:30:05.086509
Novidades já notificadas anteriormente. Sem envio...
Rodou em: 2026-01-13 23:40:04.305764
Novidades já notificadas anteriormente. Sem envio...
Rodou em: 2026-01-13 23:50:04.216965
Novidades já notificadas anteriormente. Sem envio...
Rodou em: 2026-01-14 00:00:06.770566
Novidades já notificadas anteriormente. Sem envio...
Rodou em: 2026-01-14 00:10:06.883699
Novidades já notificadas anteriormente. Sem envio...
Rodou em: 2026-01-14 00:20:04.243002
Novidades já notificadas anteriormente. Sem envio...
Rodou em: 2026-01-14 00:30:04.284631
Novidades já notificadas anteriormente. Sem envio...
Rodou em: 2026-01-14 00:40:05.240559
Novidades já notificadas anteriormente. Sem envio...
Rodou em: 2026-01-14 00:50:04.868288
Novidades já notificadas anteriormente. Sem envio...
Rodou em: 2026-01-14 01:00:04.074330
Novidades já notificadas anteriormente. Sem envio...
Rodou em: 2026-01-14 01:10:04.815137
Novidades já notificadas anteriormente. Sem envio...
Rodou em: 2026-01-14 01:20:03.743831
Novidades já notificadas anteriormente. Sem envio...
Rodou em: 2026-01-14 01:30:04.249369
Novidades já notificadas anteriormente. Sem envio...
Rodou em: 2026-01-14 01:40:03.907519
Novidades já notificadas anteriormente. Sem envio...
Rodou em: 2026-01-14 01:50:03.640403
Novidades já notificadas anteriormente. Sem envio...
Rodou em: 2026-01-14 02:00:04.750543
Novidades já notificadas anteriormente. Sem envio...
Rodou em: 2026-01-14 02:10:05.433385
Novidades já notificadas anteriormente. Sem envio...
Rodou em: 2026-01-14 02:20:04.850789
Novidades já notificadas anteriormente. Sem envio...
Rodou em: 2026-01-14 02:30:05.340002
Novidades já notificadas anteriormente. Sem envio...
Rodou em: 2026-01-14 02:40:04.076322
Novidades já notificadas anteriormente. Sem envio...
Rodou em: 2026-01-14 02:50:13.541612
Novidades já notificadas anteriormente. Sem envio...
Rodou em: 2026-01-14 03:00:04.784885
Novidades já notificadas anteriormente. Sem envio...
Rodou em: 2026-01-14 03:10:05.155517
Novidades já notificadas anteriormente. Sem envio...
Rodou em: 2026-01-14 03:20:03.983986
Novidades já notificadas anteriormente. Sem envio...
Rodou em: 2026-01-14 03:30:04.732026
Novidades já notificadas anteriormente. Sem envio...
Rodou em: 2026-01-14 03:40:06.196168
Novidades já notificadas anteriormente. Sem envio...
Rodou em: 2026-01-14 03:50:04.700935
Novidades já notificadas anteriormente. Sem envio...
Rodou em: 2026-01-14 04:00:04.768159
Novidades já notificadas anteriormente. Sem envio...
Rodou em: 2026-01-14 04:10:05.277157
Novidades já notificadas anteriormente. Sem envio...
Rodou em: 2026-01-14 04:20:04.724956
Novidades já notificadas anteriormente. Sem envio...
Rodou em: 2026-01-14 04:30:04.134364
Novidades já notificadas anteriormente. Sem envio...
Rodou em: 2026-01-14 04:40:03.785948
Novidades já notificadas anteriormente. Sem envio...
Rodou em: 2026-01-14 04:50:04.281452
Novidades já notificadas anteriormente. Sem envio...
Rodou em: 2026-01-14 05:00:05.784939
Novidades já notificadas anteriormente. Sem envio...
Rodou em: 2026-01-14 05:10:04.687859
Novidades já notificadas anteriormente. Sem envio...
Rodou em: 2026-01-14 05:20:04.126451
Novidades já notificadas anteriormente. Sem envio...
Rodou em: 2026-01-14 05:30:04.144726
Novidades já notificadas anteriormente. Sem envio...
Rodou em: 2026-01-14 05:40:04.020515
Novidades já notificadas anteriormente. Sem envio...
Rodou em: 2026-01-14 05:50:03.733078
Novidades já notificadas anteriormente. Sem envio...
Rodou em: 2026-01-14 06:00:07.359397
Novidades já notificadas anteriormente. Sem envio...
Rodou em: 2026-01-14 06:10:04.213578
Novidades já notificadas anteriormente. Sem envio...
Rodou em: 2026-01-14 06:20:03.807092
Novidades já notificadas anteriormente. Sem envio...
Rodou em: 2026-01-14 06:30:03.763272
Novidades já notificadas anteriormente. Sem envio...
Rodou em: 2026-01-14 06:40:04.485454
Novidades já notificadas anteriormente. Sem envio...
Rodou em: 2026-01-14 06:50:07.084268
Novidades já notificadas anteriormente. Sem envio...
Rodou em: 2026-01-14 07:00:04.865293
Novidades já notificadas anteriormente. Sem envio...
Rodou em: 2026-01-14 07:10:03.960603
Novidades já notificadas anteriormente. Sem envio...
Rodou em: 2026-01-14 07:20:03.504181
Novidades já notificadas anteriormente. Sem envio...
Rodou em: 2026-01-14 07:30:06.440408
Novidades já notificadas anteriormente. Sem envio...
Rodou em: 2026-01-14 07:40:06.948047
Novidades já notificadas anteriormente. Sem envio...
Rodou em: 2026-01-14 07:50:06.048719
Novidades já notificadas anteriormente. Sem envio...
Rodou em: 2026-01-14 08:00:05.056374
Novidades já notificadas anteriormente. Sem envio...
Rodou em: 2026-01-14 08:10:05.539843
Novidades já notificadas anteriormente. Sem envio...
Rodou em: 2026-01-14 08:20:04.969198
Novidades já notificadas anteriormente. Sem envio...
Rodou em: 2026-01-14 08:30:07.809463
Novidades já notificadas anteriormente. Sem envio...
Rodou em: 2026-01-14 08:40:04.951458
Novidades já notificadas anteriormente. Sem envio...
Rodou em: 2026-01-14 08:50:07.718422
Novidades já notificadas anteriormente. Sem envio...
Rodou em: 2026-01-14 09:00:04.155910
Novidades já notificadas anteriormente. Sem envio...
Rodou em: 2026-01-14 09:10:05.632530
Novidades já notificadas anteriormente. Sem envio...
Rodou em: 2026-01-14 09:20:07.268286
Novidades já notificadas anteriormente. Sem envio...
Rodou em: 2026-01-14 09:30:05.148358
Novidades já notificadas anteriormente. Sem envio...
Rodou em: 2026-01-14 09:40:05.157836
Novidades já notificadas anteriormente. Sem envio...
Rodou em: 2026-01-14 09:50:04.257745
Novidades já notificadas anteriormente. Sem envio...
Rodou em: 2026-01-14 10:00:06.874419
Novidades já notificadas anteriormente. Sem envio...
Rodou em: 2026-01-14 10:10:05.187286
Novidades já notificadas anteriormente. Sem envio...
Rodou em: 2026-01-14 10:20:04.508218
Novidades já notificadas anteriormente. Sem envio...
Rodou em: 2026-01-14 10:30:03.304798
Novidades já notificadas anteriormente. Sem envio...
Rodou em: 2026-01-14 10:40:04.132677
Novidades já notificadas anteriormente. Sem envio...
Rodou em: 2026-01-14 10:50:04.386028
Novidades já notificadas anteriormente. Sem envio...
Rodou em: 2026-01-14 11:00:05.138277
Novidades já notificadas anteriormente. Sem envio...
Rodou em: 2026-01-14 11:10:04.156197
Novidades já notificadas anteriormente. Sem envio...
Rodou em: 2026-01-14 11:20:06.068594
Novidades já notificadas anteriormente. Sem envio...
Rodou em: 2026-01-14 11:30:06.738005
Novidades já notificadas anteriormente. Sem envio...
Rodou em: 2026-01-14 11:40:04.345108
Novidades já notificadas anteriormente. Sem envio...
Rodou em: 2026-01-14 11:50:06.689710
Novidades já notificadas anteriormente. Sem envio...
Rodou em: 2026-01-14 12:00:07.304129
Novidades já notificadas anteriormente. Sem envio...
Rodou em: 2026-01-14 12:10:04.541546
Novidades já notificadas anteriormente. Sem envio...
Rodou em: 2026-01-14 12:20:04.373485
Novidades já notificadas anteriormente. Sem envio...
Rodou em: 2026-01-14 12:30:05.931396
Novidades já notificadas anteriormente. Sem envio...
Rodou em: 2026-01-14 12:40:03.862311
Novidades já notificadas anteriormente. Sem envio...
Rodou em: 2026-01-14 12:50:04.963242
Novidades já notificadas anteriormente. Sem envio...
Rodou em: 2026-01-14 13:00:03.928768
Novidades já notificadas anteriormente. Sem envio...
Rodou em: 2026-01-14 13:10:04.919542
Novidades já notificadas anteriormente. Sem envio...
Rodou em: 2026-01-14 13:20:03.641508
Novidades já notificadas anteriormente. Sem envio...
Rodou em: 2026-01-14 13:30:04.672931
Novidades já notificadas anteriormente. Sem envio...
Rodou em: 2026-01-14 13:40:04.368103
Novidades já notificadas anteriormente. Sem envio...
Rodou em: 2026-01-14 13:50:04.049294
Novidades já notificadas anteriormente. Sem envio...
Rodou em: 2026-01-14 14:00:04.665435
Novidades já notificadas anteriormente. Sem envio...
Rodou em: 2026-01-14 14:10:03.903343
Novidades já notificadas anteriormente. Sem envio...
Rodou em: 2026-01-14 14:20:04.156429
Novidades já notificadas anteriormente. Sem envio...
Rodou em: 2026-01-14 14:30:07.863899
Novidades já notificadas anteriormente. Sem envio...
Rodou em: 2026-01-14 14:40:04.821844
Novidades já notificadas anteriormente. Sem envio...
Rodou em: 2026-01-14 14:50:05.969688
Novidades já notificadas anteriormente. Sem envio...
Rodou em: 2026-01-14 15:00:04.844087
Novidades já notificadas anteriormente. Sem envio...
Rodou em: 2026-01-14 15:10:04.633595
Novidades já notificadas anteriormente. Sem envio...
Rodou em: 2026-01-14 15:20:03.723450
Novidades já notificadas anteriormente. Sem envio...
Rodou em: 2026-01-14 15:30:05.317482
Novidades já notificadas anteriormente. Sem envio...
Rodou em: 2026-01-14 15:40:09.293368
Novidades já notificadas anteriormente. Sem envio...
Rodou em: 2026-01-14 15:50:03.893891
Novidades já notificadas anteriormente. Sem envio...
Rodou em: 2026-01-14 16:00:04.718113
Novidades já notificadas anteriormente. Sem envio...
Rodou em: 2026-01-14 16:10:05.865917
Novidades já notificadas anteriormente. Sem envio...
Rodou em: 2026-01-14 16:20:03.755729
Novidades já notificadas anteriormente. Sem envio...
Rodou em: 2026-01-14 16:30:06.117023
Novidades já notificadas anteriormente. Sem envio...
Rodou em: 2026-01-14 16:40:04.292378
Novidades já notificadas anteriormente. Sem envio...
Rodou em: 2026-01-14 16:50:03.912726
Novidades já notificadas anteriormente. Sem envio...
Rodou em: 2026-01-14 17:00:11.572570
Novidades já notificadas anteriormente. Sem envio...
Rodou em: 2026-01-14 17:10:06.089644
Novidades já notificadas anteriormente. Sem envio...
Rodou em: 2026-01-14 17:20:06.547059
Novidades já notificadas anteriormente. Sem envio...
Rodou em: 2026-01-14 17:30:12.886638
Novidades já notificadas anteriormente. Sem envio...
Rodou em: 2026-01-14 17:40:06.266581
Novidades já notificadas anteriormente. Sem envio...
Rodou em: 2026-01-14 17:50:07.500161
Novidades já notificadas anteriormente. Sem envio...
Rodou em: 2026-01-14 18:00:04.836384
Novidades já notificadas anteriormente. Sem envio...
Rodou em: 2026-01-14 18:10:05.673540
Novidades já notificadas anteriormente. Sem envio...
Rodou em: 2026-01-14 18:20:05.328179
Novidades já notificadas anteriormente. Sem envio...
Rodou em: 2026-01-14 18:30:04.861362
Novidades já notificadas anteriormente. Sem envio...
Rodou em: 2026-01-14 18:40:05.146680
Novidades já notificadas anteriormente. Sem envio...
Rodou em: 2026-01-14 18:50:03.953161
Novidades já notificadas anteriormente. Sem envio...
Rodou em: 2026-01-14 19:00:04.138603
Novidades já notificadas anteriormente. Sem envio...
Rodou em: 2026-01-14 19:10:05.815610
Novidades já notificadas anteriormente. Sem envio...
Rodou em: 2026-01-14 19:20:04.616615
Novidades já notificadas anteriormente. Sem envio...
Rodou em: 2026-01-14 19:30:04.323002
Novidades já notificadas anteriormente. Sem envio...
Rodou em: 2026-01-14 19:40:03.960522
Novidades já notificadas anteriormente. Sem envio...
Rodou em: 2026-01-14 19:50:06.870281
Novidades já notificadas anteriormente. Sem envio...
Rodou em: 2026-01-14 20:00:03.941043
Novidades já notificadas anteriormente. Sem envio...
Rodou em: 2026-01-14 20:10:04.032470
Novidades já notificadas anteriormente. Sem envio...
Rodou em: 2026-01-14 20:20:03.849224
Novidades já notificadas anteriormente. Sem envio...
Rodou em: 2026-01-14 20:30:04.140814
Novidades já notificadas anteriormente. Sem envio...
Rodou em: 2026-01-14 20:40:05.704767
Novidades já notificadas anteriormente. Sem envio...
Rodou em: 2026-01-14 20:50:05.161055
Novidades já notificadas anteriormente. Sem envio...
Rodou em: 2026-01-14 21:00:03.958456
Novidades já notificadas anteriormente. Sem envio...
Rodou em: 2026-01-14 21:10:04.366607
Novidades já notificadas anteriormente. Sem envio...
Rodou em: 2026-01-14 21:20:04.231814
Novidades já notificadas anteriormente. Sem envio...
Rodou em: 2026-01-14 21:30:05.812273
Novidades já notificadas anteriormente. Sem envio...
Rodou em: 2026-01-14 21:40:06.297901
Novidades já notificadas anteriormente. Sem envio...
Rodou em: 2026-01-14 21:50:04.266320
Novidades já notificadas anteriormente. Sem envio...
Rodou em: 2026-01-14 22:00:04.651019
Novidades já notificadas anteriormente. Sem envio...
Rodou em: 2026-01-14 22:10:05.163165
Novidades já notificadas anteriormente. Sem envio...
Rodou em: 2026-01-14 22:20:03.929386
Novidades já notificadas anteriormente. Sem envio...
Rodou em: 2026-01-14 22:30:03.686352
Novidades já notificadas anteriormente. Sem envio...
Rodou em: 2026-01-14 22:40:06.047546
Novidades já notificadas anteriormente. Sem envio...
Rodou em: 2026-01-14 22:50:03.806022
Novidades já notificadas anteriormente. Sem envio...
Rodou em: 2026-01-15 01:15:08.763708
Novidades já notificadas anteriormente. Sem envio...
Rodou em: 2026-01-15 02:26:43.309195
Novidades já notificadas anteriormente. Sem envio...
Rodou em: 2026-01-15 05:00:06.314683
Novidades já notificadas anteriormente. Sem envio...
Rodou em: 2026-01-15 05:10:05.658139
Novidades já notificadas anteriormente. Sem envio...
Rodou em: 2026-01-15 05:20:04.174773
Novidades já notificadas anteriormente. Sem envio...
Rodou em: 2026-01-15 05:30:04.019270
Novidades já notificadas anteriormente. Sem envio...
Rodou em: 2026-01-15 05:40:03.780384
Novidades já notificadas anteriormente. Sem envio...
Rodou em: 2026-01-15 05:50:04.841415
Novidades já notificadas anteriormente. Sem envio...
Rodou em: 2026-01-15 06:00:05.897400
Novidades já notificadas anteriormente. Sem envio...
Rodou em: 2026-01-15 06:55:48.376233
Novidades já notificadas anteriormente. Sem envio...
Rodou em: 2026-01-15 07:01:56.564194
Novidades já notificadas anteriormente. Sem envio...
Rodou em: 2026-01-15 07:20:06.653945
Novidades já notificadas anteriormente. Sem envio...
Rodou em: 2026-01-15 07:30:04.430244
Novidades já notificadas anteriormente. Sem envio...
Rodou em: 2026-01-15 07:40:04.648735
Novidades já notificadas anteriormente. Sem envio...
Rodou em: 2026-01-15 07:50:04.818299
Novidades já notificadas anteriormente. Sem envio...
Rodou em: 2026-01-15 08:00:05.323909
Novidades já notificadas anteriormente. Sem envio...
Rodou em: 2026-01-15 08:10:05.506917
Novidades já notificadas anteriormente. Sem envio...
Rodou em: 2026-01-15 08:20:07.147527
Novidades já notificadas anteriormente. Sem envio...
Rodou em: 2026-01-15 08:30:03.597682
Novidades já notificadas anteriormente. Sem envio...
Rodou em: 2026-01-15 08:40:04.113662
Novidades já notificadas anteriormente. Sem envio...
Rodou em: 2026-01-15 08:50:03.647367
Novidades já notificadas anteriormente. Sem envio...
Rodou em: 2026-01-15 09:00:05.905110
Novidades já notificadas anteriormente. Sem envio...
Rodou em: 2026-01-15 09:10:05.914547
Novidades já notificadas anteriormente. Sem envio...
Rodou em: 2026-01-15 09:20:05.393005
Novidades já notificadas anteriormente. Sem envio...
Rodou em: 2026-01-15 09:30:04.215335
Novidades já notificadas anteriormente. Sem envio...
Rodou em: 2026-01-15 09:40:04.319620
Novidades já notificadas anteriormente. Sem envio...
Rodou em: 2026-01-15 09:50:05.832156
Novidades já notificadas anteriormente. Sem envio...
Rodou em: 2026-01-15 10:00:06.000067
Novidades já notificadas anteriormente. Sem envio...
Rodou em: 2026-01-15 10:10:07.847196
Novidades já notificadas anteriormente. Sem envio...
Rodou em: 2026-01-15 10:20:04.882359
Novidades já notificadas anteriormente. Sem envio...
Rodou em: 2026-01-15 10:30:04.978746
Novidades já notificadas anteriormente. Sem envio...
Rodou em: 2026-01-15 10:40:04.919686
Novidades já notificadas anteriormente. Sem envio...
Rodou em: 2026-01-15 10:50:05.252147
Novidades já notificadas anteriormente. Sem envio...
Rodou em: 2026-01-15 11:00:06.801932
Novidades já notificadas anteriormente. Sem envio...
Rodou em: 2026-01-15 11:10:05.985694
Novidades já notificadas anteriormente. Sem envio...
Rodou em: 2026-01-15 11:20:05.236678
Novidades já notificadas anteriormente. Sem envio...
Rodou em: 2026-01-15 11:30:06.318909
Novidades já notificadas anteriormente. Sem envio...
Rodou em: 2026-01-15 11:40:03.791204
Novidades já notificadas anteriormente. Sem envio...
Rodou em: 2026-01-15 11:50:04.280097
Novidades já notificadas anteriormente. Sem envio...
Rodou em: 2026-01-15 12:00:04.423256
Novidades já notificadas anteriormente. Sem envio...
Rodou em: 2026-01-15 12:10:04.916290
Novidades já notificadas anteriormente. Sem envio...
Rodou em: 2026-01-15 12:20:04.868941
Novidades já notificadas anteriormente. Sem envio...
Rodou em: 2026-01-15 12:30:03.636289
Novidades já notificadas anteriormente. Sem envio...
Rodou em: 2026-01-15 12:40:05.493089
Novidades já notificadas anteriormente. Sem envio...
Rodou em: 2026-01-15 12:50:05.096100
Novidades já notificadas anteriormente. Sem envio...
Rodou em: 2026-01-15 13:00:04.427817
Novidades já notificadas anteriormente. Sem envio...
Rodou em: 2026-01-15 13:10:04.415959
Novidades já notificadas anteriormente. Sem envio...
Rodou em: 2026-01-15 13:20:04.704005
Novidades já notificadas anteriormente. Sem envio...
Rodou em: 2026-01-15 13:30:05.966356
Novidades já notificadas anteriormente. Sem envio...
Rodou em: 2026-01-15 13:40:06.214345
Novidades já notificadas anteriormente. Sem envio...
Rodou em: 2026-01-15 13:50:05.737424
Novidades já notificadas anteriormente. Sem envio...
Rodou em: 2026-01-15 14:00:04.800010
Novidades já notificadas anteriormente. Sem envio...
Rodou em: 2026-01-15 14:10:05.679497
Novidades já notificadas anteriormente. Sem envio...
Rodou em: 2026-01-15 14:20:05.405808
Novidades já notificadas anteriormente. Sem envio...
Rodou em: 2026-01-15 14:30:05.510675
Novidades já notificadas anteriormente. Sem envio...
Rodou em: 2026-01-15 14:40:05.072893
Novidades já notificadas anteriormente. Sem envio...
Rodou em: 2026-01-15 14:50:03.607546
Novidades já notificadas anteriormente. Sem envio...
Rodou em: 2026-01-15 15:00:07.115599
Novidades já notificadas anteriormente. Sem envio...
Rodou em: 2026-01-15 15:10:05.217247
Novidades já notificadas anteriormente. Sem envio...
Rodou em: 2026-01-15 15:20:05.720930
Novidades já notificadas anteriormente. Sem envio...
Rodou em: 2026-01-15 15:30:10.606216
Novidades já notificadas anteriormente. Sem envio...
Rodou em: 2026-01-15 15:40:04.819873
Novidades já notificadas anteriormente. Sem envio...
Rodou em: 2026-01-15 15:50:05.599560
Novidades já notificadas anteriormente. Sem envio...
Rodou em: 2026-01-15 16:00:04.192686
Novidades já notificadas anteriormente. Sem envio...
Rodou em: 2026-01-15 16:10:04.654993
Novidades já notificadas anteriormente. Sem envio...
Rodou em: 2026-01-15 16:20:04.541236
Novidades já notificadas anteriormente. Sem envio...
Rodou em: 2026-01-15 16:30:05.795226
Novidades já notificadas anteriormente. Sem envio...
Rodou em: 2026-01-15 16:40:04.235412
Novidades já notificadas anteriormente. Sem envio...
Rodou em: 2026-01-15 16:50:05.628834
Novidades já notificadas anteriormente. Sem envio...
Rodou em: 2026-01-15 17:00:04.311759
Novidades já notificadas anteriormente. Sem envio...
Rodou em: 2026-01-15 17:10:07.521261
Novidades já notificadas anteriormente. Sem envio...
Rodou em: 2026-01-15 17:20:04.413221
Novidades já notificadas anteriormente. Sem envio...
Rodou em: 2026-01-15 17:30:07.851983
Novidades já notificadas anteriormente. Sem envio...
Rodou em: 2026-01-15 18:10:04.058354
Novidades já notificadas anteriormente. Sem envio...
Rodou em: 2026-01-15 18:20:03.837573
Novidades já notificadas anteriormente. Sem envio...
Erro ao acessar o site: HTTPSConnectionPool(host='sitepd.org.br', port=443): Read timed out. (read timeout=10)
Rodou em: 2026-01-15 20:10:06.604356
Novidades já notificadas anteriormente. Sem envio...
Rodou em: 2026-01-16 02:30:07.601503
Novidades já notificadas anteriormente. Sem envio...
Rodou em: 2026-01-16 04:50:06.097417
Novidades já notificadas anteriormente. Sem envio...
Rodou em: 2026-01-16 05:00:05.537618
Novidades já notificadas anteriormente. Sem envio...
Rodou em: 2026-01-16 05:10:05.883236
Novidades já notificadas anteriormente. Sem envio...
Rodou em: 2026-01-16 05:20:03.937796
Novidades já notificadas anteriormente. Sem envio...
Rodou em: 2026-01-16 05:30:03.866286
Novidades já notificadas anteriormente. Sem envio...
Rodou em: 2026-01-16 05:40:03.475768
Novidades já notificadas anteriormente. Sem envio...
Rodou em: 2026-01-16 06:14:16.512861
Novidades já notificadas anteriormente. Sem envio...
Rodou em: 2026-01-16 06:24:18.606016
Novidades já notificadas anteriormente. Sem envio...
Rodou em: 2026-01-16 07:37:39.563605
Novidades já notificadas anteriormente. Sem envio...
Rodou em: 2026-01-16 07:40:04.441016
Novidades já notificadas anteriormente. Sem envio...
Rodou em: 2026-01-16 07:50:05.135945
Novidades já notificadas anteriormente. Sem envio...
Rodou em: 2026-01-16 08:00:05.306798
Novidades já notificadas anteriormente. Sem envio...
Rodou em: 2026-01-16 08:10:04.967770
Novidades já notificadas anteriormente. Sem envio...
Rodou em: 2026-01-16 08:20:42.728299
Novidades já notificadas anteriormente. Sem envio...
Rodou em: 2026-01-16 08:30:04.170450
Novidades já notificadas anteriormente. Sem envio...
Rodou em: 2026-01-16 08:40:05.443194
Novidades já notificadas anteriormente. Sem envio...
Rodou em: 2026-01-16 08:50:04.224224
Novidades já notificadas anteriormente. Sem envio...
Rodou em: 2026-01-16 09:00:05.252822
Novidades já notificadas anteriormente. Sem envio...
Rodou em: 2026-01-16 09:10:04.352794
Novidades já notificadas anteriormente. Sem envio...
Rodou em: 2026-01-16 09:20:07.431080
Novidades já notificadas anteriormente. Sem envio...
Rodou em: 2026-01-16 09:30:04.534143
Novidades já notificadas anteriormente. Sem envio...
Rodou em: 2026-01-16 09:40:11.087429
Novidades já notificadas anteriormente. Sem envio...
Rodou em: 2026-01-16 09:50:04.274529
Novidades já notificadas anteriormente. Sem envio...
Rodou em: 2026-01-16 10:00:05.578601
Novidades já notificadas anteriormente. Sem envio...
Rodou em: 2026-01-16 10:10:04.075495
Novidades já notificadas anteriormente. Sem envio...
Rodou em: 2026-01-16 10:20:06.065778
Novidades já notificadas anteriormente. Sem envio...
Rodou em: 2026-01-16 10:30:04.466914
Novidades já notificadas anteriormente. Sem envio...
Rodou em: 2026-01-16 10:40:05.819877
Novidades já notificadas anteriormente. Sem envio...
Rodou em: 2026-01-16 10:50:04.948211
Novidades já notificadas anteriormente. Sem envio...
Rodou em: 2026-01-16 11:00:04.265048
Novidades já notificadas anteriormente. Sem envio...
Rodou em: 2026-01-16 11:10:03.747734
Novidades já notificadas anteriormente. Sem envio...
Rodou em: 2026-01-16 11:20:04.266889
Novidades já notificadas anteriormente. Sem envio...
Rodou em: 2026-01-16 11:30:04.346998
Novidades já notificadas anteriormente. Sem envio...
Rodou em: 2026-01-16 11:40:04.854219
Novidades já notificadas anteriormente. Sem envio...
Rodou em: 2026-01-16 11:50:04.310882
Novidades já notificadas anteriormente. Sem envio...
Rodou em: 2026-01-16 12:00:05.509939
Novidades já notificadas anteriormente. Sem envio...
Rodou em: 2026-01-16 12:10:04.857909
Novidades já notificadas anteriormente. Sem envio...
Rodou em: 2026-01-16 12:20:05.331106
Novidades já notificadas anteriormente. Sem envio...
Rodou em: 2026-01-16 12:30:03.789027
Novidades já notificadas anteriormente. Sem envio...
Rodou em: 2026-01-16 12:40:04.797362
Novidades já notificadas anteriormente. Sem envio...
Rodou em: 2026-01-16 12:50:04.010988
Novidades já notificadas anteriormente. Sem envio...
Rodou em: 2026-01-16 13:00:04.752538
Novidades já notificadas anteriormente. Sem envio...
Rodou em: 2026-01-16 13:10:04.391403
Novidades já notificadas anteriormente. Sem envio...
Rodou em: 2026-01-16 13:20:04.466068
Novidades já notificadas anteriormente. Sem envio...
Rodou em: 2026-01-16 13:30:06.283885
Novidades já notificadas anteriormente. Sem envio...
Rodou em: 2026-01-16 13:40:04.024930
Novidades já notificadas anteriormente. Sem envio...
Rodou em: 2026-01-16 13:50:07.025155
Novidades já notificadas anteriormente. Sem envio...
Rodou em: 2026-01-16 14:00:05.458545
Novidades já notificadas anteriormente. Sem envio...
Rodou em: 2026-01-16 14:10:04.046618
Novidades já notificadas anteriormente. Sem envio...
Rodou em: 2026-01-16 14:20:05.125280
Novidades já notificadas anteriormente. Sem envio...
Rodou em: 2026-01-16 14:30:03.959324
Novidades já notificadas anteriormente. Sem envio...
Rodou em: 2026-01-16 14:40:06.566713
Novidades já notificadas anteriormente. Sem envio...
Rodou em: 2026-01-16 14:50:06.900705
Novidades já notificadas anteriormente. Sem envio...
Rodou em: 2026-01-16 15:00:04.112868
Novidades já notificadas anteriormente. Sem envio...
Rodou em: 2026-01-16 15:10:04.756710
Novidades já notificadas anteriormente. Sem envio...
Rodou em: 2026-01-16 15:20:05.722087
Novidades já notificadas anteriormente. Sem envio...
Rodou em: 2026-01-16 15:30:04.189753
Novidades já notificadas anteriormente. Sem envio...
Rodou em: 2026-01-16 15:40:05.066388
Novidades já notificadas anteriormente. Sem envio...
Rodou em: 2026-01-16 15:50:04.676647
Novidades já notificadas anteriormente. Sem envio...
Rodou em: 2026-01-16 16:00:04.315572
Novidades já notificadas anteriormente. Sem envio...
Rodou em: 2026-01-16 16:10:06.726798
Novidades já notificadas anteriormente. Sem envio...
Rodou em: 2026-01-16 16:20:04.232632
Novidades já notificadas anteriormente. Sem envio...
Rodou em: 2026-01-16 16:30:04.739395
Novidades já notificadas anteriormente. Sem envio...
Rodou em: 2026-01-16 16:40:04.248049
Novidades já notificadas anteriormente. Sem envio...
Rodou em: 2026-01-16 16:50:11.346913
Novidades já notificadas anteriormente. Sem envio...
Rodou em: 2026-01-16 17:00:04.736773
Novidades já notificadas anteriormente. Sem envio...
Rodou em: 2026-01-16 17:10:05.106154
Novidades já notificadas anteriormente. Sem envio...
Rodou em: 2026-01-16 17:20:03.460306
Novidades já notificadas anteriormente. Sem envio...
Rodou em: 2026-01-16 17:30:03.869784
Novidades já notificadas anteriormente. Sem envio...
Rodou em: 2026-01-16 17:40:05.355895
Novidades já notificadas anteriormente. Sem envio...
Rodou em: 2026-01-16 17:50:04.105655
Novidades já notificadas anteriormente. Sem envio...
Rodou em: 2026-01-16 18:00:03.693197
Novidades já notificadas anteriormente. Sem envio...
Rodou em: 2026-01-16 18:10:04.094983
Novidades já notificadas anteriormente. Sem envio...
Rodou em: 2026-01-16 18:20:03.993555
Novidades já notificadas anteriormente. Sem envio...
Rodou em: 2026-01-16 18:30:03.935803
Novidades já notificadas anteriormente. Sem envio...
Rodou em: 2026-01-16 18:40:03.583136
Novidades já notificadas anteriormente. Sem envio...
Rodou em: 2026-01-16 18:50:04.290919
Novidades já notificadas anteriormente. Sem envio...
Rodou em: 2026-01-16 19:00:05.661828
Novidades já notificadas anteriormente. Sem envio...
Rodou em: 2026-01-16 19:10:05.566264
Novidades já notificadas anteriormente. Sem envio...
Rodou em: 2026-01-16 19:20:04.803978
Novidades já notificadas anteriormente. Sem envio...
Rodou em: 2026-01-16 19:30:07.160170
Novidades já notificadas anteriormente. Sem envio...
Rodou em: 2026-01-16 19:40:03.926817
Novidades já notificadas anteriormente. Sem envio...
Rodou em: 2026-01-16 19:50:56.233313
Novidades já notificadas anteriormente. Sem envio...
Rodou em: 2026-01-16 20:10:04.243002
Novidades já notificadas anteriormente. Sem envio...
Rodou em: 2026-01-16 20:20:05.201634
Novidades já notificadas anteriormente. Sem envio...
Rodou em: 2026-01-16 20:30:05.114775
Novidades já notificadas anteriormente. Sem envio...
Rodou em: 2026-01-16 20:40:04.004422
Novidades já notificadas anteriormente. Sem envio...
Rodou em: 2026-01-16 20:50:03.653326
Novidades já notificadas anteriormente. Sem envio...
Rodou em: 2026-01-16 22:10:04.171231
Novidades já notificadas anteriormente. Sem envio...
Rodou em: 2026-01-17 03:20:08.251756
Novidades já notificadas anteriormente. Sem envio...
Rodou em: 2026-01-17 05:00:07.536675
Novidades já notificadas anteriormente. Sem envio...
Rodou em: 2026-01-17 05:10:04.685051
Novidades já notificadas anteriormente. Sem envio...
Rodou em: 2026-01-17 05:20:05.565348
Novidades já notificadas anteriormente. Sem envio...
Rodou em: 2026-01-17 05:30:05.762923
Novidades já notificadas anteriormente. Sem envio...
Rodou em: 2026-01-17 05:40:04.459426
Novidades já notificadas anteriormente. Sem envio...
Rodou em: 2026-01-17 05:50:05.177810
Novidades já notificadas anteriormente. Sem envio...
Rodou em: 2026-01-17 06:00:04.594701
Novidades já notificadas anteriormente. Sem envio...
Rodou em: 2026-01-17 07:36:36.825577
Novidades já notificadas anteriormente. Sem envio...
Rodou em: 2026-01-17 09:00:20.236409
Novidades já notificadas anteriormente. Sem envio...
Rodou em: 2026-01-17 10:40:07.050334
Novidades já notificadas anteriormente. Sem envio...
Rodou em: 2026-01-17 11:41:07.220677
Novidades já notificadas anteriormente. Sem envio...
Rodou em: 2026-01-17 16:22:33.657238
Novidades já notificadas anteriormente. Sem envio...
Rodou em: 2026-01-17 17:00:41.259991
Novidades já notificadas anteriormente. Sem envio...
Rodou em: 2026-01-17 17:20:33.041575
Novidades já notificadas anteriormente. Sem envio...
Rodou em: 2026-01-17 18:00:05.659078
Novidades já notificadas anteriormente. Sem envio...
Rodou em: 2026-01-17 18:20:03.812208
Novidades já notificadas anteriormente. Sem envio...
Rodou em: 2026-01-17 22:32:37.336754
Novidades já notificadas anteriormente. Sem envio...
Rodou em: 2026-01-18 02:40:09.233333
Novidades já notificadas anteriormente. Sem envio...
Rodou em: 2026-01-18 04:50:04.837362
Novidades já notificadas anteriormente. Sem envio...
Rodou em: 2026-01-18 05:00:03.954043
Novidades já notificadas anteriormente. Sem envio...
Rodou em: 2026-01-18 05:10:03.943837
Novidades já notificadas anteriormente. Sem envio...
Rodou em: 2026-01-18 05:20:03.630063
Novidades já notificadas anteriormente. Sem envio...
Rodou em: 2026-01-18 05:30:04.252407
Novidades já notificadas anteriormente. Sem envio...
Rodou em: 2026-01-18 05:40:03.790049
Novidades já notificadas anteriormente. Sem envio...
Rodou em: 2026-01-18 05:50:04.968303
Novidades já notificadas anteriormente. Sem envio...
Rodou em: 2026-01-18 12:10:33.349825
Novidades já notificadas anteriormente. Sem envio...
Rodou em: 2026-01-18 15:41:16.019875
Novidades já notificadas anteriormente. Sem envio...
Rodou em: 2026-01-18 17:00:29.225383
Novidades já notificadas anteriormente. Sem envio...
Rodou em: 2026-01-18 18:40:03.873070
Novidades já notificadas anteriormente. Sem envio...
Rodou em: 2026-01-18 20:10:06.146777
Novidades já notificadas anteriormente. Sem envio...
Rodou em: 2026-01-18 20:50:32.258626
Novidades já notificadas anteriormente. Sem envio...
Rodou em: 2026-01-19 03:10:09.541334
Novidades já notificadas anteriormente. Sem envio...
Rodou em: 2026-01-19 05:10:08.918594
Novidades já notificadas anteriormente. Sem envio...
Rodou em: 2026-01-19 05:20:03.645651
Novidades já notificadas anteriormente. Sem envio...
Rodou em: 2026-01-19 05:30:04.502699
Novidades já notificadas anteriormente. Sem envio...
Rodou em: 2026-01-19 05:40:04.490243
Novidades já notificadas anteriormente. Sem envio...
Rodou em: 2026-01-19 05:50:05.896933
Novidades já notificadas anteriormente. Sem envio...
Rodou em: 2026-01-19 06:00:04.189633
Novidades já notificadas anteriormente. Sem envio...
Rodou em: 2026-01-19 06:31:26.740391
Novidades já notificadas anteriormente. Sem envio...
Rodou em: 2026-01-19 07:24:39.722883
Novidades já notificadas anteriormente. Sem envio...
Rodou em: 2026-01-19 07:30:06.114410
Novidades já notificadas anteriormente. Sem envio...
Rodou em: 2026-01-19 07:40:03.638244
Novidades já notificadas anteriormente. Sem envio...
Rodou em: 2026-01-19 07:50:04.315414
Novidades já notificadas anteriormente. Sem envio...
Rodou em: 2026-01-19 08:00:06.832230
Novidades já notificadas anteriormente. Sem envio...
Rodou em: 2026-01-19 08:10:05.583970
Novidades já notificadas anteriormente. Sem envio...
Rodou em: 2026-01-19 08:20:07.772917
Novidades já notificadas anteriormente. Sem envio...
Rodou em: 2026-01-19 08:30:08.001955
Novidades já notificadas anteriormente. Sem envio...
Rodou em: 2026-01-19 08:40:04.152016
Novidades já notificadas anteriormente. Sem envio...
Rodou em: 2026-01-19 08:50:07.417362
Novidades já notificadas anteriormente. Sem envio...
Rodou em: 2026-01-19 09:00:04.671394
Novidades já notificadas anteriormente. Sem envio...
Rodou em: 2026-01-19 09:10:04.626511
Novidades já notificadas anteriormente. Sem envio...
Rodou em: 2026-01-19 09:20:04.740738
Novidades já notificadas anteriormente. Sem envio...
Rodou em: 2026-01-19 09:30:04.016099
Novidades já notificadas anteriormente. Sem envio...
Rodou em: 2026-01-19 09:40:06.343410
Novidades já notificadas anteriormente. Sem envio...
Rodou em: 2026-01-19 09:50:03.491693
Novidades já notificadas anteriormente. Sem envio...
Rodou em: 2026-01-19 10:00:06.303243
Novidades já notificadas anteriormente. Sem envio...
Rodou em: 2026-01-19 10:10:03.836426
Novidades já notificadas anteriormente. Sem envio...
Rodou em: 2026-01-19 10:20:04.110341
Novidades já notificadas anteriormente. Sem envio...
Rodou em: 2026-01-19 10:30:07.146049
Novidades já notificadas anteriormente. Sem envio...
Rodou em: 2026-01-19 10:40:04.548153
Novidades já notificadas anteriormente. Sem envio...
Rodou em: 2026-01-19 10:50:03.958473
Novidades já notificadas anteriormente. Sem envio...
Rodou em: 2026-01-19 11:00:04.377698
Novidades já notificadas anteriormente. Sem envio...
Rodou em: 2026-01-19 11:10:03.984022
Novidades já notificadas anteriormente. Sem envio...
Rodou em: 2026-01-19 11:20:04.503168
Novidades já notificadas anteriormente. Sem envio...
Rodou em: 2026-01-19 11:30:06.093684
Novidades já notificadas anteriormente. Sem envio...
Rodou em: 2026-01-19 11:40:04.536304
Novidades já notificadas anteriormente. Sem envio...
Rodou em: 2026-01-19 11:50:05.780399
Novidades já notificadas anteriormente. Sem envio...
Rodou em: 2026-01-19 12:00:04.733416
Novidades já notificadas anteriormente. Sem envio...
Rodou em: 2026-01-19 12:10:04.948571
Novidades já notificadas anteriormente. Sem envio...
Rodou em: 2026-01-19 12:20:04.833633
Novidades já notificadas anteriormente. Sem envio...
Rodou em: 2026-01-19 12:30:05.575103
Novidades já notificadas anteriormente. Sem envio...
Rodou em: 2026-01-19 12:40:05.184620
Novidades já notificadas anteriormente. Sem envio...
Rodou em: 2026-01-19 12:50:03.822161
Novidades já notificadas anteriormente. Sem envio...
Rodou em: 2026-01-19 13:00:04.140406
Novidades já notificadas anteriormente. Sem envio...
Rodou em: 2026-01-19 13:10:05.579315
Novidades já notificadas anteriormente. Sem envio...
Rodou em: 2026-01-19 13:20:04.657212
Novidades já notificadas anteriormente. Sem envio...
Rodou em: 2026-01-19 13:30:04.244953
Novidades já notificadas anteriormente. Sem envio...
Rodou em: 2026-01-19 13:40:06.900642
Novidades já notificadas anteriormente. Sem envio...
Rodou em: 2026-01-19 13:50:03.971508
Novidades já notificadas anteriormente. Sem envio...
Rodou em: 2026-01-19 14:00:04.110685
Novidades já notificadas anteriormente. Sem envio...
Rodou em: 2026-01-19 14:10:04.120645
Novidades já notificadas anteriormente. Sem envio...
Rodou em: 2026-01-19 14:20:04.335982
Novidades já notificadas anteriormente. Sem envio...
Rodou em: 2026-01-19 14:30:04.747809
Novidades já notificadas anteriormente. Sem envio...
Rodou em: 2026-01-19 14:40:05.917494
Novidades já notificadas anteriormente. Sem envio...
Rodou em: 2026-01-19 14:50:03.793588
Novidades já notificadas anteriormente. Sem envio...
Rodou em: 2026-01-19 15:00:04.584608
Novidades já notificadas anteriormente. Sem envio...
Rodou em: 2026-01-19 15:10:04.162253
Novidades já notificadas anteriormente. Sem envio...
Rodou em: 2026-01-19 15:20:03.575742
Novidades já notificadas anteriormente. Sem envio...
Rodou em: 2026-01-19 15:30:08.525479
Novidades já notificadas anteriormente. Sem envio...
Rodou em: 2026-01-19 15:40:04.095064
Novidades já notificadas anteriormente. Sem envio...
Rodou em: 2026-01-19 15:50:03.615183
Novidades já notificadas anteriormente. Sem envio...
Rodou em: 2026-01-19 16:00:06.538130
Novidades já notificadas anteriormente. Sem envio...
Rodou em: 2026-01-19 16:10:05.449412
Novidades já notificadas anteriormente. Sem envio...
Rodou em: 2026-01-19 16:20:04.171364
Novidades já notificadas anteriormente. Sem envio...
Rodou em: 2026-01-19 16:30:36.664637
Novidades já notificadas anteriormente. Sem envio...
Rodou em: 2026-01-19 16:40:04.976928
Novidades já notificadas anteriormente. Sem envio...
Rodou em: 2026-01-19 16:50:05.232052
Novidades já notificadas anteriormente. Sem envio...
Rodou em: 2026-01-19 17:00:05.447905
Novidades já notificadas anteriormente. Sem envio...
Rodou em: 2026-01-19 17:10:05.322159
Novidades já notificadas anteriormente. Sem envio...
Rodou em: 2026-01-19 17:20:03.479153
Novidades já notificadas anteriormente. Sem envio...
Rodou em: 2026-01-19 17:30:03.859179
Novidades já notificadas anteriormente. Sem envio...
Rodou em: 2026-01-19 17:40:04.158334
Novidades já notificadas anteriormente. Sem envio...
Rodou em: 2026-01-19 17:50:09.270974
Novidades já notificadas anteriormente. Sem envio...
Rodou em: 2026-01-19 18:00:04.467526
Novidades já notificadas anteriormente. Sem envio...
Rodou em: 2026-01-19 18:10:04.572599
Novidades já notificadas anteriormente. Sem envio...
Rodou em: 2026-01-19 18:20:04.509587
Novidades já notificadas anteriormente. Sem envio...
Rodou em: 2026-01-19 18:30:04.277544
Novidades já notificadas anteriormente. Sem envio...
Rodou em: 2026-01-19 18:40:06.021361
Novidades já notificadas anteriormente. Sem envio...
Rodou em: 2026-01-19 18:50:03.942248
Novidades já notificadas anteriormente. Sem envio...
Rodou em: 2026-01-19 19:00:05.282206
Novidades já notificadas anteriormente. Sem envio...
Rodou em: 2026-01-19 19:10:04.290170
Novidades já notificadas anteriormente. Sem envio...
Rodou em: 2026-01-19 19:20:03.951985
Novidades já notificadas anteriormente. Sem envio...
Rodou em: 2026-01-19 19:30:04.540225
Novidades já notificadas anteriormente. Sem envio...
Rodou em: 2026-01-19 19:40:05.725749
Novidades já notificadas anteriormente. Sem envio...
Rodou em: 2026-01-19 19:50:05.470563
Novidades já notificadas anteriormente. Sem envio...
Rodou em: 2026-01-19 20:00:04.333638
Novidades já notificadas anteriormente. Sem envio...
Rodou em: 2026-01-19 20:10:04.269732
Novidades já notificadas anteriormente. Sem envio...
Rodou em: 2026-01-19 20:20:05.735127
Novidades já notificadas anteriormente. Sem envio...
Rodou em: 2026-01-19 20:30:03.457991
Novidades já notificadas anteriormente. Sem envio...
Rodou em: 2026-01-19 20:40:04.350712
Novidades já notificadas anteriormente. Sem envio...
Rodou em: 2026-01-19 20:50:03.928088
Novidades já notificadas anteriormente. Sem envio...
Rodou em: 2026-01-19 21:00:03.773506
Novidades já notificadas anteriormente. Sem envio...
Rodou em: 2026-01-19 21:10:04.511088
Novidades já notificadas anteriormente. Sem envio...
Rodou em: 2026-01-19 21:20:06.048098
Novidades já notificadas anteriormente. Sem envio...
Rodou em: 2026-01-19 21:30:04.796160
Novidades já notificadas anteriormente. Sem envio...
Rodou em: 2026-01-19 21:40:04.586230
Novidades já notificadas anteriormente. Sem envio...
Rodou em: 2026-01-19 21:50:05.984639
Novidades já notificadas anteriormente. Sem envio...
Rodou em: 2026-01-19 22:00:15.889199
Novidades já notificadas anteriormente. Sem envio...
Rodou em: 2026-01-19 22:10:05.279166
Novidades já notificadas anteriormente. Sem envio...
Rodou em: 2026-01-19 22:20:04.106416
Novidades já notificadas anteriormente. Sem envio...
Rodou em: 2026-01-19 22:30:04.613426
Novidades já notificadas anteriormente. Sem envio...
Rodou em: 2026-01-19 22:40:04.357956
Novidades já notificadas anteriormente. Sem envio...
Rodou em: 2026-01-20 00:47:40.736551
Novidades já notificadas anteriormente. Sem envio...
Rodou em: 2026-01-20 04:44:34.335007
Novidades já notificadas anteriormente. Sem envio...
Rodou em: 2026-01-20 05:00:05.009392
Novidades já notificadas anteriormente. Sem envio...
Rodou em: 2026-01-20 05:10:03.877533
Novidades já notificadas anteriormente. Sem envio...
Rodou em: 2026-01-20 05:20:03.800835
Novidades já notificadas anteriormente. Sem envio...
Rodou em: 2026-01-20 05:30:04.413522
Novidades já notificadas anteriormente. Sem envio...
Rodou em: 2026-01-20 05:40:04.131293
Novidades já notificadas anteriormente. Sem envio...
Rodou em: 2026-01-20 05:50:04.213021
Novidades já notificadas anteriormente. Sem envio...
Rodou em: 2026-01-20 06:00:06.710810
Novidades já notificadas anteriormente. Sem envio...
Rodou em: 2026-01-20 06:10:03.687403
Novidades já notificadas anteriormente. Sem envio...
Rodou em: 2026-01-20 06:20:05.621314
Novidades já notificadas anteriormente. Sem envio...
Rodou em: 2026-01-20 06:30:05.875408
Novidades já notificadas anteriormente. Sem envio...
Rodou em: 2026-01-20 06:40:04.413253
Novidades já notificadas anteriormente. Sem envio...
Rodou em: 2026-01-20 06:50:05.128130
Novidades já notificadas anteriormente. Sem envio...
Rodou em: 2026-01-20 07:00:06.701341
Novidades já notificadas anteriormente. Sem envio...
Rodou em: 2026-01-20 07:10:04.484878
Novidades já notificadas anteriormente. Sem envio...
Rodou em: 2026-01-20 07:22:29.947428
Novidades já notificadas anteriormente. Sem envio...
Rodou em: 2026-01-20 07:30:04.210982
Novidades já notificadas anteriormente. Sem envio...
Rodou em: 2026-01-20 07:40:03.997821
Novidades já notificadas anteriormente. Sem envio...
Rodou em: 2026-01-20 07:50:03.962793
Novidades já notificadas anteriormente. Sem envio...
Rodou em: 2026-01-20 08:00:07.832825
Novidades já notificadas anteriormente. Sem envio...
Rodou em: 2026-01-20 08:10:04.322824
Novidades já notificadas anteriormente. Sem envio...
Rodou em: 2026-01-20 08:20:06.275087
Novidades já notificadas anteriormente. Sem envio...
Rodou em: 2026-01-20 08:30:05.443059
Novidades já notificadas anteriormente. Sem envio...
Rodou em: 2026-01-20 08:40:03.573974
Novidades já notificadas anteriormente. Sem envio...
Rodou em: 2026-01-20 08:50:03.803978
Novidades já notificadas anteriormente. Sem envio...
Rodou em: 2026-01-20 09:00:27.614304
Novidades já notificadas anteriormente. Sem envio...
Rodou em: 2026-01-20 09:10:04.550916
Novidades já notificadas anteriormente. Sem envio...
Rodou em: 2026-01-20 09:20:08.244955
Novidades já notificadas anteriormente. Sem envio...
Rodou em: 2026-01-20 09:30:03.769103
Novidades já notificadas anteriormente. Sem envio...
Rodou em: 2026-01-20 09:40:05.370973
Novidades já notificadas anteriormente. Sem envio...
Rodou em: 2026-01-20 09:50:03.685563
Novidades já notificadas anteriormente. Sem envio...
Rodou em: 2026-01-20 10:00:07.148852
Novidades já notificadas anteriormente. Sem envio...
Rodou em: 2026-01-20 10:10:04.064746
Novidades já notificadas anteriormente. Sem envio...
Rodou em: 2026-01-20 10:20:04.112515
Novidades já notificadas anteriormente. Sem envio...
Rodou em: 2026-01-20 10:30:07.179419
Novidades já notificadas anteriormente. Sem envio...
Rodou em: 2026-01-20 10:40:05.375414
Novidades já notificadas anteriormente. Sem envio...
Rodou em: 2026-01-20 10:50:03.739301
Novidades já notificadas anteriormente. Sem envio...
Rodou em: 2026-01-20 11:00:05.608599
Novidades já notificadas anteriormente. Sem envio...
Rodou em: 2026-01-20 11:10:05.420516
Novidades já notificadas anteriormente. Sem envio...
Rodou em: 2026-01-20 11:20:04.807418
Novidades já notificadas anteriormente. Sem envio...
Rodou em: 2026-01-20 11:30:04.030095
Novidades já notificadas anteriormente. Sem envio...
Rodou em: 2026-01-20 11:40:04.214205
Novidades já notificadas anteriormente. Sem envio...
Rodou em: 2026-01-20 11:50:04.162718
Novidades já notificadas anteriormente. Sem envio...
Rodou em: 2026-01-20 12:00:08.054703
Novidades já notificadas anteriormente. Sem envio...
Rodou em: 2026-01-20 12:10:04.913981
Novidades já notificadas anteriormente. Sem envio...
Rodou em: 2026-01-20 12:20:03.865765
Novidades já notificadas anteriormente. Sem envio...
Rodou em: 2026-01-20 12:30:06.378412
Novidades já notificadas anteriormente. Sem envio...
Rodou em: 2026-01-20 12:40:04.175567
Novidades já notificadas anteriormente. Sem envio...
Rodou em: 2026-01-20 12:50:04.227769
Novidades já notificadas anteriormente. Sem envio...
Rodou em: 2026-01-20 13:00:05.811622
Novidades já notificadas anteriormente. Sem envio...
Rodou em: 2026-01-20 13:10:03.618158
Novidades já notificadas anteriormente. Sem envio...
Rodou em: 2026-01-20 13:20:04.316059
Novidades já notificadas anteriormente. Sem envio...
Rodou em: 2026-01-20 13:30:04.953189
Novidades já notificadas anteriormente. Sem envio...
Rodou em: 2026-01-20 13:40:04.929567
Novidades já notificadas anteriormente. Sem envio...
Rodou em: 2026-01-20 13:50:04.115059
Novidades já notificadas anteriormente. Sem envio...
Rodou em: 2026-01-20 14:00:04.565688
Novidades já notificadas anteriormente. Sem envio...
Rodou em: 2026-01-20 14:10:03.811660
Novidades já notificadas anteriormente. Sem envio...
Rodou em: 2026-01-20 14:20:04.426842
Novidades já notificadas anteriormente. Sem envio...
Rodou em: 2026-01-20 14:30:06.439165
Novidades já notificadas anteriormente. Sem envio...
Rodou em: 2026-01-20 14:40:04.317834
Novidades já notificadas anteriormente. Sem envio...
Rodou em: 2026-01-20 14:50:03.995052
Novidades já notificadas anteriormente. Sem envio...
Rodou em: 2026-01-20 15:00:04.526868
Novidades já notificadas anteriormente. Sem envio...
Rodou em: 2026-01-20 15:10:04.598789
Novidades já notificadas anteriormente. Sem envio...
Rodou em: 2026-01-20 15:20:04.396567
Novidades já notificadas anteriormente. Sem envio...
Rodou em: 2026-01-20 15:30:03.656888
Novidades já notificadas anteriormente. Sem envio...
Rodou em: 2026-01-20 15:40:07.435604
Novidades já notificadas anteriormente. Sem envio...
Rodou em: 2026-01-20 15:50:08.568739
Novidades já notificadas anteriormente. Sem envio...
Rodou em: 2026-01-20 16:00:04.538968
Novidades já notificadas anteriormente. Sem envio...
Rodou em: 2026-01-20 16:10:06.380291
Novidades já notificadas anteriormente. Sem envio...
Rodou em: 2026-01-20 16:20:06.829780
Novidades já notificadas anteriormente. Sem envio...
Rodou em: 2026-01-20 16:30:04.212031
Novidades já notificadas anteriormente. Sem envio...
Rodou em: 2026-01-20 16:40:05.512897
Novidades já notificadas anteriormente. Sem envio...
Rodou em: 2026-01-20 16:50:06.483201
Novidades já notificadas anteriormente. Sem envio...
Rodou em: 2026-01-20 17:00:04.450891
Novidades já notificadas anteriormente. Sem envio...
Rodou em: 2026-01-20 17:10:03.676671
Novidades já notificadas anteriormente. Sem envio...
Rodou em: 2026-01-20 17:20:04.305119
Novidades já notificadas anteriormente. Sem envio...
Rodou em: 2026-01-20 17:30:03.703008
Novidades já notificadas anteriormente. Sem envio...
Rodou em: 2026-01-20 17:40:04.147005
Novidades já notificadas anteriormente. Sem envio...
Rodou em: 2026-01-20 17:50:05.473688
Novidades já notificadas anteriormente. Sem envio...
Rodou em: 2026-01-20 18:00:05.055250
Novidades já notificadas anteriormente. Sem envio...
Rodou em: 2026-01-20 18:10:06.036179
Novidades já notificadas anteriormente. Sem envio...
Rodou em: 2026-01-20 18:20:04.269556
Novidades já notificadas anteriormente. Sem envio...
Rodou em: 2026-01-20 18:30:03.766428
Novidades já notificadas anteriormente. Sem envio...
Rodou em: 2026-01-20 18:40:03.806249
Novidades já notificadas anteriormente. Sem envio...
Rodou em: 2026-01-20 18:50:05.267590
Novidades já notificadas anteriormente. Sem envio...
Rodou em: 2026-01-20 19:00:05.126712
Novidades já notificadas anteriormente. Sem envio...
Rodou em: 2026-01-20 19:10:03.633815
Novidades já notificadas anteriormente. Sem envio...
Rodou em: 2026-01-20 19:20:04.164656
Novidades já notificadas anteriormente. Sem envio...
Rodou em: 2026-01-20 19:30:03.714694
Novidades já notificadas anteriormente. Sem envio...
Rodou em: 2026-01-20 19:40:06.258223
Novidades já notificadas anteriormente. Sem envio...
Rodou em: 2026-01-20 19:50:04.514520
Novidades já notificadas anteriormente. Sem envio...
Rodou em: 2026-01-20 20:00:04.220891
Novidades já notificadas anteriormente. Sem envio...
Rodou em: 2026-01-20 20:10:03.854822
Novidades já notificadas anteriormente. Sem envio...
Rodou em: 2026-01-20 20:20:03.710046
Novidades já notificadas anteriormente. Sem envio...
Rodou em: 2026-01-20 20:30:03.818541
Novidades já notificadas anteriormente. Sem envio...
Rodou em: 2026-01-20 20:40:05.506384
Novidades já notificadas anteriormente. Sem envio...
Rodou em: 2026-01-20 20:50:03.994140
Novidades já notificadas anteriormente. Sem envio...
Rodou em: 2026-01-20 21:00:04.850106
Novidades já notificadas anteriormente. Sem envio...
Rodou em: 2026-01-20 21:10:05.341965
Novidades já notificadas anteriormente. Sem envio...
Rodou em: 2026-01-20 21:20:03.803972
Novidades já notificadas anteriormente. Sem envio...
Rodou em: 2026-01-20 21:30:04.653897
Novidades já notificadas anteriormente. Sem envio...
Rodou em: 2026-01-20 21:40:06.445608
Novidades já notificadas anteriormente. Sem envio...
Rodou em: 2026-01-20 21:50:04.094105
Novidades já notificadas anteriormente. Sem envio...
Rodou em: 2026-01-20 22:00:03.881663
Novidades já notificadas anteriormente. Sem envio...
Erro ao acessar o site: HTTPSConnectionPool(host='sitepd.org.br', port=443): Max retries exceeded with url: / (Caused by ConnectTimeoutError(<urllib3.connection.HTTPSConnection object at 0x109006510>, 'Connection to sitepd.org.br timed out. (connect timeout=10)'))
Erro ao acessar o site: HTTPSConnectionPool(host='sitepd.org.br', port=443): Max retries exceeded with url: / (Caused by ConnectTimeoutError(<urllib3.connection.HTTPSConnection object at 0x10b10a510>, 'Connection to sitepd.org.br timed out. (connect timeout=10)'))
Rodou em: 2026-01-21 07:41:54.929102
Novidades já notificadas anteriormente. Sem envio...
Rodou em: 2026-01-21 07:50:05.487776
Novidades já notificadas anteriormente. Sem envio...
Rodou em: 2026-01-21 08:00:04.598773
Novidades já notificadas anteriormente. Sem envio...
Rodou em: 2026-01-21 08:10:03.934194
Novidades já notificadas anteriormente. Sem envio...
Rodou em: 2026-01-21 08:20:05.517681
Novidades já notificadas anteriormente. Sem envio...
Rodou em: 2026-01-21 08:30:05.916976
Novidades já notificadas anteriormente. Sem envio...
Rodou em: 2026-01-21 08:40:05.566626
Novidades já notificadas anteriormente. Sem envio...
Rodou em: 2026-01-21 08:50:04.530867
Novidades já notificadas anteriormente. Sem envio...
Rodou em: 2026-01-21 09:00:03.849127
Novidades já notificadas anteriormente. Sem envio...
Rodou em: 2026-01-21 09:10:06.090095
Novidades já notificadas anteriormente. Sem envio...
Rodou em: 2026-01-21 09:20:05.995967
Novidades já notificadas anteriormente. Sem envio...
Rodou em: 2026-01-21 09:30:05.846950
Novidades já notificadas anteriormente. Sem envio...
Rodou em: 2026-01-21 09:40:04.762359
Novidades já notificadas anteriormente. Sem envio...
Rodou em: 2026-01-21 09:50:04.251788
Novidades já notificadas anteriormente. Sem envio...
Rodou em: 2026-01-21 10:00:04.270418
Novidades já notificadas anteriormente. Sem envio...
Rodou em: 2026-01-21 10:10:06.078188
Novidades já notificadas anteriormente. Sem envio...
Rodou em: 2026-01-21 10:20:04.739910
Novidades já notificadas anteriormente. Sem envio...
Rodou em: 2026-01-21 10:30:10.455257
Novidades já notificadas anteriormente. Sem envio...
Rodou em: 2026-01-21 10:40:03.736209
Novidades já notificadas anteriormente. Sem envio...
Rodou em: 2026-01-21 10:50:04.295366
Novidades já notificadas anteriormente. Sem envio...
Rodou em: 2026-01-21 11:00:03.808400
Novidades já notificadas anteriormente. Sem envio...
Rodou em: 2026-01-21 11:10:04.234012
Novidades já notificadas anteriormente. Sem envio...
Rodou em: 2026-01-21 11:20:05.234436
Novidades já notificadas anteriormente. Sem envio...
Rodou em: 2026-01-21 11:30:03.809341
Novidades já notificadas anteriormente. Sem envio...
Rodou em: 2026-01-21 11:40:04.280230
Novidades já notificadas anteriormente. Sem envio...
Rodou em: 2026-01-21 11:50:03.736747
Novidades já notificadas anteriormente. Sem envio...
Rodou em: 2026-01-21 12:00:06.770497
Novidades já notificadas anteriormente. Sem envio...
Rodou em: 2026-01-21 12:10:04.243347
Novidades já notificadas anteriormente. Sem envio...
Rodou em: 2026-01-21 12:20:04.015970
Novidades já notificadas anteriormente. Sem envio...
Rodou em: 2026-01-21 12:30:04.150873
Novidades já notificadas anteriormente. Sem envio...
Rodou em: 2026-01-21 12:40:03.916252
Novidades já notificadas anteriormente. Sem envio...
Rodou em: 2026-01-21 12:50:04.954880
Novidades já notificadas anteriormente. Sem envio...
Rodou em: 2026-01-21 13:00:04.254234
Novidades já notificadas anteriormente. Sem envio...
Rodou em: 2026-01-21 13:10:06.564584
Novidades já notificadas anteriormente. Sem envio...
Rodou em: 2026-01-21 13:20:04.134841
Novidades já notificadas anteriormente. Sem envio...
Rodou em: 2026-01-21 13:30:06.361185
Novidades já notificadas anteriormente. Sem envio...
Rodou em: 2026-01-21 13:40:04.713179
Novidades já notificadas anteriormente. Sem envio...
Rodou em: 2026-01-21 13:50:10.903470
Novidades já notificadas anteriormente. Sem envio...
Rodou em: 2026-01-21 14:00:05.971897
Novidades já notificadas anteriormente. Sem envio...
Rodou em: 2026-01-21 14:10:04.854221
Novidades já notificadas anteriormente. Sem envio...
Rodou em: 2026-01-21 14:20:03.973253
Novidades já notificadas anteriormente. Sem envio...
Rodou em: 2026-01-21 14:30:03.672610
Novidades já notificadas anteriormente. Sem envio...
Rodou em: 2026-01-21 14:40:05.430820
Novidades já notificadas anteriormente. Sem envio...
Rodou em: 2026-01-21 14:50:04.465367
Novidades já notificadas anteriormente. Sem envio...
Rodou em: 2026-01-21 15:00:04.558980
Novidades já notificadas anteriormente. Sem envio...
Rodou em: 2026-01-21 15:10:06.513352
Novidades já notificadas anteriormente. Sem envio...
Rodou em: 2026-01-21 15:20:04.315267
Novidades já notificadas anteriormente. Sem envio...
Rodou em: 2026-01-21 15:30:03.717824
Novidades já notificadas anteriormente. Sem envio...
Rodou em: 2026-01-21 15:40:04.896914
Novidades já notificadas anteriormente. Sem envio...
Rodou em: 2026-01-21 15:50:04.973602
Novidades já notificadas anteriormente. Sem envio...
Rodou em: 2026-01-21 16:00:07.773330
Novidades já notificadas anteriormente. Sem envio...
Rodou em: 2026-01-21 16:10:04.195135
Novidades já notificadas anteriormente. Sem envio...
Rodou em: 2026-01-21 16:20:03.565316
Novidades já notificadas anteriormente. Sem envio...
Rodou em: 2026-01-21 16:30:13.195901
Novidades já notificadas anteriormente. Sem envio...
Rodou em: 2026-01-21 16:40:04.266572
Novidades já notificadas anteriormente. Sem envio...
Rodou em: 2026-01-21 16:50:06.742699
Novidades já notificadas anteriormente. Sem envio...
Rodou em: 2026-01-21 17:00:06.155825
Novidades já notificadas anteriormente. Sem envio...
Rodou em: 2026-01-21 17:10:08.739381
Novidades já notificadas anteriormente. Sem envio...
Rodou em: 2026-01-21 17:20:06.108801
Novidades já notificadas anteriormente. Sem envio...
Rodou em: 2026-01-21 17:30:06.352706
Novidades já notificadas anteriormente. Sem envio...
Rodou em: 2026-01-21 17:40:07.659583
Novidades já notificadas anteriormente. Sem envio...
Rodou em: 2026-01-21 17:50:05.393637
Novidades já notificadas anteriormente. Sem envio...
Rodou em: 2026-01-21 18:00:05.224682
Novidades já notificadas anteriormente. Sem envio...
Rodou em: 2026-01-21 18:10:04.661332
Novidades já notificadas anteriormente. Sem envio...
Rodou em: 2026-01-21 18:20:07.103344
Novidades já notificadas anteriormente. Sem envio...
Rodou em: 2026-01-21 18:30:03.819908
Novidades já notificadas anteriormente. Sem envio...
Rodou em: 2026-01-21 18:40:04.326000
Novidades já notificadas anteriormente. Sem envio...
Rodou em: 2026-01-21 18:50:05.744377
Novidades já notificadas anteriormente. Sem envio...
Rodou em: 2026-01-21 19:00:05.734193
Novidades já notificadas anteriormente. Sem envio...
Rodou em: 2026-01-21 19:10:04.494613
Novidades já notificadas anteriormente. Sem envio...
Rodou em: 2026-01-21 19:20:04.047772
Novidades já notificadas anteriormente. Sem envio...
Rodou em: 2026-01-21 19:30:03.747443
Novidades já notificadas anteriormente. Sem envio...
Rodou em: 2026-01-21 19:40:05.404086
Novidades já notificadas anteriormente. Sem envio...
Rodou em: 2026-01-21 19:50:03.914427
Novidades já notificadas anteriormente. Sem envio...
Rodou em: 2026-01-21 20:00:04.771995
Novidades já notificadas anteriormente. Sem envio...
Rodou em: 2026-01-21 20:10:05.500908
Novidades já notificadas anteriormente. Sem envio...
Rodou em: 2026-01-21 20:20:04.541917
Novidades já notificadas anteriormente. Sem envio...
Rodou em: 2026-01-21 20:30:04.692636
Novidades já notificadas anteriormente. Sem envio...
Rodou em: 2026-01-21 20:40:04.231500
Novidades já notificadas anteriormente. Sem envio...
Rodou em: 2026-01-21 20:50:04.306242
Novidades já notificadas anteriormente. Sem envio...
Rodou em: 2026-01-21 21:00:05.082143
Novidades já notificadas anteriormente. Sem envio...
Rodou em: 2026-01-21 21:10:04.370682
Novidades já notificadas anteriormente. Sem envio...
Rodou em: 2026-01-21 21:20:07.350551
Novidades já notificadas anteriormente. Sem envio...
Rodou em: 2026-01-21 21:30:03.900295
Novidades já notificadas anteriormente. Sem envio...
Rodou em: 2026-01-21 21:40:04.857908
Novidades já notificadas anteriormente. Sem envio...
Rodou em: 2026-01-21 21:50:03.736116
Novidades já notificadas anteriormente. Sem envio...
Rodou em: 2026-01-21 22:00:04.615938
Novidades já notificadas anteriormente. Sem envio...
Rodou em: 2026-01-21 22:10:04.874456
Novidades já notificadas anteriormente. Sem envio...
Rodou em: 2026-01-21 22:20:06.354154
Novidades já notificadas anteriormente. Sem envio...
Rodou em: 2026-01-22 00:23:03.074278
Novidades já notificadas anteriormente. Sem envio...
Rodou em: 2026-01-22 00:30:06.897595
Novidades já notificadas anteriormente. Sem envio...
Rodou em: 2026-01-22 00:50:54.283453
Novidades já notificadas anteriormente. Sem envio...
Rodou em: 2026-01-22 01:00:09.587594
Novidades já notificadas anteriormente. Sem envio...
Rodou em: 2026-01-22 01:10:13.531113
Novidades já notificadas anteriormente. Sem envio...
Rodou em: 2026-01-22 01:20:05.297672
Novidades já notificadas anteriormente. Sem envio...
Rodou em: 2026-01-22 02:40:10.603794
Novidades já notificadas anteriormente. Sem envio...
Rodou em: 2026-01-22 04:50:07.302845
Novidades já notificadas anteriormente. Sem envio...
Rodou em: 2026-01-22 05:00:04.696741
Novidades já notificadas anteriormente. Sem envio...
Rodou em: 2026-01-22 05:10:04.665416
Novidades já notificadas anteriormente. Sem envio...
Rodou em: 2026-01-22 05:20:04.813667
Novidades já notificadas anteriormente. Sem envio...
Rodou em: 2026-01-22 05:30:03.727136
Novidades já notificadas anteriormente. Sem envio...
Rodou em: 2026-01-22 05:40:04.754947
Novidades já notificadas anteriormente. Sem envio...
Rodou em: 2026-01-22 05:50:03.860155
Novidades já notificadas anteriormente. Sem envio...
Rodou em: 2026-01-22 07:30:14.394454
Novidades já notificadas anteriormente. Sem envio...
Rodou em: 2026-01-22 07:40:05.647090
Novidades já notificadas anteriormente. Sem envio...
Rodou em: 2026-01-22 07:50:04.524067
Novidades já notificadas anteriormente. Sem envio...
Rodou em: 2026-01-22 08:00:09.536544
Novidades já notificadas anteriormente. Sem envio...
Rodou em: 2026-01-22 08:10:10.713544
Novidades já notificadas anteriormente. Sem envio...
Rodou em: 2026-01-22 08:20:09.779803
Novidades já notificadas anteriormente. Sem envio...
Rodou em: 2026-01-22 08:30:06.868202
Novidades já notificadas anteriormente. Sem envio...
Rodou em: 2026-01-22 08:40:06.922565
Novidades já notificadas anteriormente. Sem envio...
Rodou em: 2026-01-22 08:50:05.287245
Novidades já notificadas anteriormente. Sem envio...
Rodou em: 2026-01-22 09:00:04.428373
Novidades já notificadas anteriormente. Sem envio...
Rodou em: 2026-01-22 09:10:04.255879
Novidades já notificadas anteriormente. Sem envio...
Rodou em: 2026-01-22 09:20:05.093467
Novidades já notificadas anteriormente. Sem envio...
Rodou em: 2026-01-22 09:30:05.208394
Novidades já notificadas anteriormente. Sem envio...
Rodou em: 2026-01-22 09:40:04.591290
Novidades já notificadas anteriormente. Sem envio...
Rodou em: 2026-01-22 09:50:05.337930
Novidades já notificadas anteriormente. Sem envio...
Rodou em: 2026-01-22 10:00:05.004582
Novidades já notificadas anteriormente. Sem envio...
Rodou em: 2026-01-22 10:10:05.409987
Novidades já notificadas anteriormente. Sem envio...
Rodou em: 2026-01-22 10:20:05.067618
Novidades já notificadas anteriormente. Sem envio...
Rodou em: 2026-01-22 10:30:05.220971
Novidades já notificadas anteriormente. Sem envio...
Rodou em: 2026-01-22 10:40:11.367173
Novidades já notificadas anteriormente. Sem envio...
Rodou em: 2026-01-22 10:50:04.004817
Novidades já notificadas anteriormente. Sem envio...
Rodou em: 2026-01-22 11:00:04.672449
Novidades já notificadas anteriormente. Sem envio...
Rodou em: 2026-01-22 11:10:03.924375
Novidades já notificadas anteriormente. Sem envio...
Rodou em: 2026-01-22 11:20:04.267870
Novidades já notificadas anteriormente. Sem envio...
Rodou em: 2026-01-22 11:30:04.859478
Novidades já notificadas anteriormente. Sem envio...
Rodou em: 2026-01-22 11:40:03.979064
Novidades já notificadas anteriormente. Sem envio...
Rodou em: 2026-01-22 11:50:06.346594
Novidades já notificadas anteriormente. Sem envio...
Rodou em: 2026-01-22 12:00:05.479456
Novidades já notificadas anteriormente. Sem envio...
Rodou em: 2026-01-22 12:10:04.573823
Novidades já notificadas anteriormente. Sem envio...
Rodou em: 2026-01-22 12:20:04.101533
Novidades já notificadas anteriormente. Sem envio...
Rodou em: 2026-01-22 12:30:05.585997
Novidades já notificadas anteriormente. Sem envio...
Rodou em: 2026-01-22 12:40:04.190748
Novidades já notificadas anteriormente. Sem envio...
Rodou em: 2026-01-22 12:50:04.408087
Novidades já notificadas anteriormente. Sem envio...
Rodou em: 2026-01-22 13:00:06.418199
Novidades já notificadas anteriormente. Sem envio...
Rodou em: 2026-01-22 13:10:05.352017
Novidades já notificadas anteriormente. Sem envio...
Rodou em: 2026-01-22 13:20:04.873323
Novidades já notificadas anteriormente. Sem envio...
Rodou em: 2026-01-22 13:30:05.308676
Novidades já notificadas anteriormente. Sem envio...
Rodou em: 2026-01-22 13:40:05.770930
Novidades já notificadas anteriormente. Sem envio...
Rodou em: 2026-01-22 13:50:04.424016
Novidades já notificadas anteriormente. Sem envio...
Rodou em: 2026-01-22 14:00:05.088934
Novidades já notificadas anteriormente. Sem envio...
Rodou em: 2026-01-22 14:10:03.854769
Novidades já notificadas anteriormente. Sem envio...
Rodou em: 2026-01-22 14:20:04.095720
Novidades já notificadas anteriormente. Sem envio...
Rodou em: 2026-01-22 14:30:05.441818
Novidades já notificadas anteriormente. Sem envio...
Rodou em: 2026-01-22 14:40:03.541222
Novidades já notificadas anteriormente. Sem envio...
Rodou em: 2026-01-22 14:50:05.090008
Novidades já notificadas anteriormente. Sem envio...
Rodou em: 2026-01-22 15:00:04.816762
Novidades já notificadas anteriormente. Sem envio...
Rodou em: 2026-01-22 15:10:03.901362
Novidades já notificadas anteriormente. Sem envio...
Rodou em: 2026-01-22 15:20:03.498639
Novidades já notificadas anteriormente. Sem envio...
Rodou em: 2026-01-22 15:30:05.723082
Novidades já notificadas anteriormente. Sem envio...
Rodou em: 2026-01-22 15:40:04.754643
Novidades já notificadas anteriormente. Sem envio...
Rodou em: 2026-01-22 15:50:12.865104
Novidades já notificadas anteriormente. Sem envio...
Rodou em: 2026-01-22 16:00:07.204991
Novidades já notificadas anteriormente. Sem envio...
Rodou em: 2026-01-22 16:10:04.053929
Novidades já notificadas anteriormente. Sem envio...
Rodou em: 2026-01-22 16:20:05.127122
Novidades já notificadas anteriormente. Sem envio...
Rodou em: 2026-01-22 16:30:06.334583
Novidades já notificadas anteriormente. Sem envio...
Rodou em: 2026-01-22 16:40:09.185861
Novidades já notificadas anteriormente. Sem envio...
Rodou em: 2026-01-22 16:50:04.305522
Novidades já notificadas anteriormente. Sem envio...
Rodou em: 2026-01-22 17:00:04.606297
Novidades já notificadas anteriormente. Sem envio...
Rodou em: 2026-01-22 17:10:04.007067
Novidades já notificadas anteriormente. Sem envio...
Rodou em: 2026-01-22 17:20:06.223094
Novidades já notificadas anteriormente. Sem envio...
Rodou em: 2026-01-22 17:50:05.780933
Email enviado com sucesso!
Rodou em: 2026-01-22 18:00:04.111899
Novidades já notificadas anteriormente. Sem envio...
Rodou em: 2026-01-22 18:10:04.752531
Novidades já notificadas anteriormente. Sem envio...
Rodou em: 2026-01-22 23:56:47.244728
Novidades já notificadas anteriormente. Sem envio...
Rodou em: 2026-01-23 02:50:08.821169
Novidades já notificadas anteriormente. Sem envio...
Rodou em: 2026-01-23 03:30:59.292129
Novidades já notificadas anteriormente. Sem envio...
Rodou em: 2026-01-23 05:00:05.378010
Novidades já notificadas anteriormente. Sem envio...
Rodou em: 2026-01-23 05:10:04.156834
Novidades já notificadas anteriormente. Sem envio...
Rodou em: 2026-01-23 05:20:04.253333
Novidades já notificadas anteriormente. Sem envio...
Rodou em: 2026-01-23 05:30:03.922961
Novidades já notificadas anteriormente. Sem envio...
Rodou em: 2026-01-23 05:40:03.665677
Novidades já notificadas anteriormente. Sem envio...
Rodou em: 2026-01-23 05:50:04.196580
Novidades já notificadas anteriormente. Sem envio...
Rodou em: 2026-01-23 06:00:04.800254
Novidades já notificadas anteriormente. Sem envio...
Rodou em: 2026-01-23 07:34:51.605158
Novidades já notificadas anteriormente. Sem envio...
Rodou em: 2026-01-23 07:40:04.703841
Novidades já notificadas anteriormente. Sem envio...
Rodou em: 2026-01-23 07:50:04.627529
Novidades já notificadas anteriormente. Sem envio...
Rodou em: 2026-01-23 08:00:06.691162
Novidades já notificadas anteriormente. Sem envio...
Rodou em: 2026-01-23 08:10:06.854737
Novidades já notificadas anteriormente. Sem envio...
Rodou em: 2026-01-23 08:20:05.348083
Novidades já notificadas anteriormente. Sem envio...
Rodou em: 2026-01-23 08:30:16.454322
Novidades já notificadas anteriormente. Sem envio...
Rodou em: 2026-01-23 08:40:05.184507
Novidades já notificadas anteriormente. Sem envio...
Rodou em: 2026-01-23 08:50:12.208788
Novidades já notificadas anteriormente. Sem envio...
Rodou em: 2026-01-23 09:00:07.786470
Novidades já notificadas anteriormente. Sem envio...
Rodou em: 2026-01-23 09:10:05.823615
Novidades já notificadas anteriormente. Sem envio...
Rodou em: 2026-01-23 09:20:04.278005
Novidades já notificadas anteriormente. Sem envio...
Rodou em: 2026-01-23 09:30:06.087742
Novidades já notificadas anteriormente. Sem envio...
Rodou em: 2026-01-23 09:40:06.072914
Novidades já notificadas anteriormente. Sem envio...
Rodou em: 2026-01-23 09:50:03.333034
Novidades já notificadas anteriormente. Sem envio...
Rodou em: 2026-01-23 10:00:04.407599
Novidades já notificadas anteriormente. Sem envio...
Rodou em: 2026-01-23 10:10:05.567530
Novidades já notificadas anteriormente. Sem envio...
Rodou em: 2026-01-23 10:20:07.074163
Novidades já notificadas anteriormente. Sem envio...
Rodou em: 2026-01-23 10:30:06.716504
Novidades já notificadas anteriormente. Sem envio...
Rodou em: 2026-01-23 10:40:03.730417
Novidades já notificadas anteriormente. Sem envio...
Rodou em: 2026-01-23 10:50:03.501179
Novidades já notificadas anteriormente. Sem envio...
Rodou em: 2026-01-23 11:00:05.587825
Novidades já notificadas anteriormente. Sem envio...
Rodou em: 2026-01-23 11:10:05.788900
Novidades já notificadas anteriormente. Sem envio...
Rodou em: 2026-01-23 11:20:05.365406
Novidades já notificadas anteriormente. Sem envio...
Rodou em: 2026-01-23 11:30:04.211713
Novidades já notificadas anteriormente. Sem envio...
Rodou em: 2026-01-23 11:40:04.381111
Novidades já notificadas anteriormente. Sem envio...
Rodou em: 2026-01-23 11:50:03.781735
Novidades já notificadas anteriormente. Sem envio...
Rodou em: 2026-01-23 12:00:04.973526
Novidades já notificadas anteriormente. Sem envio...
Rodou em: 2026-01-23 12:10:03.648130
Novidades já notificadas anteriormente. Sem envio...
Rodou em: 2026-01-23 12:20:05.277473
Novidades já notificadas anteriormente. Sem envio...
Rodou em: 2026-01-23 12:30:03.846999
Novidades já notificadas anteriormente. Sem envio...
Rodou em: 2026-01-23 12:40:04.438589
Novidades já notificadas anteriormente. Sem envio...
Rodou em: 2026-01-23 12:50:05.897992
Novidades já notificadas anteriormente. Sem envio...
Rodou em: 2026-01-23 13:00:06.015238
Novidades já notificadas anteriormente. Sem envio...
Rodou em: 2026-01-23 13:10:03.787225
Novidades já notificadas anteriormente. Sem envio...
Rodou em: 2026-01-23 13:20:03.965312
Novidades já notificadas anteriormente. Sem envio...
Rodou em: 2026-01-23 13:30:03.495751
Novidades já notificadas anteriormente. Sem envio...
Rodou em: 2026-01-23 13:40:05.044307
Novidades já notificadas anteriormente. Sem envio...
Rodou em: 2026-01-23 13:50:06.693532
Novidades já notificadas anteriormente. Sem envio...
Rodou em: 2026-01-23 14:00:05.754669
Novidades já notificadas anteriormente. Sem envio...
Rodou em: 2026-01-23 14:10:04.879496
Novidades já notificadas anteriormente. Sem envio...
Rodou em: 2026-01-23 14:20:04.165091
Novidades já notificadas anteriormente. Sem envio...
Rodou em: 2026-01-23 14:30:04.472375
Novidades já notificadas anteriormente. Sem envio...
Rodou em: 2026-01-23 14:40:06.700060
Novidades já notificadas anteriormente. Sem envio...
Rodou em: 2026-01-23 14:50:04.289636
Novidades já notificadas anteriormente. Sem envio...
Rodou em: 2026-01-23 15:00:03.763210
Novidades já notificadas anteriormente. Sem envio...
Rodou em: 2026-01-23 15:10:04.218641
Novidades já notificadas anteriormente. Sem envio...
Rodou em: 2026-01-23 15:20:05.939910
Novidades já notificadas anteriormente. Sem envio...
Rodou em: 2026-01-23 15:30:05.329056
Novidades já notificadas anteriormente. Sem envio...
Rodou em: 2026-01-23 15:40:04.846483
Novidades já notificadas anteriormente. Sem envio...
Rodou em: 2026-01-23 15:50:05.047267
Novidades já notificadas anteriormente. Sem envio...
Rodou em: 2026-01-23 16:00:05.490391
Novidades já notificadas anteriormente. Sem envio...
Rodou em: 2026-01-23 16:10:07.293702
Novidades já notificadas anteriormente. Sem envio...
Rodou em: 2026-01-23 16:20:08.678476
Novidades já notificadas anteriormente. Sem envio...
Rodou em: 2026-01-23 16:30:09.953493
Novidades já notificadas anteriormente. Sem envio...
Rodou em: 2026-01-23 16:40:06.971856
Novidades já notificadas anteriormente. Sem envio...
Rodou em: 2026-01-23 16:50:07.655831
Novidades já notificadas anteriormente. Sem envio...
Rodou em: 2026-01-23 17:01:24.528028
Novidades já notificadas anteriormente. Sem envio...
Rodou em: 2026-01-23 17:10:04.155301
Novidades já notificadas anteriormente. Sem envio...
Rodou em: 2026-01-23 17:20:04.287721
Novidades já notificadas anteriormente. Sem envio...
Rodou em: 2026-01-23 17:30:04.446047
Novidades já notificadas anteriormente. Sem envio...
Rodou em: 2026-01-23 17:40:03.900530
Novidades já notificadas anteriormente. Sem envio...
Rodou em: 2026-01-23 17:50:03.595652
Novidades já notificadas anteriormente. Sem envio...
Rodou em: 2026-01-23 18:00:05.602803
Novidades já notificadas anteriormente. Sem envio...
Rodou em: 2026-01-23 18:10:05.285663
Novidades já notificadas anteriormente. Sem envio...
Rodou em: 2026-01-23 18:20:05.257485
Novidades já notificadas anteriormente. Sem envio...
Rodou em: 2026-01-24 03:00:10.115176
Novidades já notificadas anteriormente. Sem envio...
Erro ao acessar o site: ("Connection broken: ConnectionResetError(54, 'Connection reset by peer')", ConnectionResetError(54, 'Connection reset by peer'))
Rodou em: 2026-01-24 05:20:06.687980
Novidades já notificadas anteriormente. Sem envio...
Rodou em: 2026-01-24 05:30:04.560321
Novidades já notificadas anteriormente. Sem envio...
Rodou em: 2026-01-24 05:40:04.313725
Novidades já notificadas anteriormente. Sem envio...
Rodou em: 2026-01-24 05:50:08.439341
Novidades já notificadas anteriormente. Sem envio...
Rodou em: 2026-01-24 06:00:06.067957
Novidades já notificadas anteriormente. Sem envio...
Rodou em: 2026-01-24 06:10:04.187312
Novidades já notificadas anteriormente. Sem envio...
Rodou em: 2026-01-24 06:20:05.032728
Novidades já notificadas anteriormente. Sem envio...
Rodou em: 2026-01-24 07:55:05.914295
Novidades já notificadas anteriormente. Sem envio...
Rodou em: 2026-01-24 08:21:17.710384
Novidades já notificadas anteriormente. Sem envio...
Rodou em: 2026-01-24 12:47:01.541179
Novidades já notificadas anteriormente. Sem envio...
Rodou em: 2026-01-24 17:58:26.707609
Novidades já notificadas anteriormente. Sem envio...
Rodou em: 2026-01-24 18:00:04.563532
Novidades já notificadas anteriormente. Sem envio...
Rodou em: 2026-01-24 18:20:03.789678
Novidades já notificadas anteriormente. Sem envio...
Erro ao acessar o site: HTTPSConnectionPool(host='sitepd.org.br', port=443): Read timed out. (read timeout=10)
Erro ao acessar o site: HTTPSConnectionPool(host='sitepd.org.br', port=443): Read timed out. (read timeout=10)
Rodou em: 2026-01-25 05:20:07.182029
Novidades já notificadas anteriormente. Sem envio...
Rodou em: 2026-01-25 05:30:03.862374
Novidades já notificadas anteriormente. Sem envio...
Rodou em: 2026-01-25 05:40:03.737535
Novidades já notificadas anteriormente. Sem envio...
Rodou em: 2026-01-25 05:50:03.661521
Novidades já notificadas anteriormente. Sem envio...
Rodou em: 2026-01-25 06:00:04.296286
Novidades já notificadas anteriormente. Sem envio...
Rodou em: 2026-01-25 06:10:06.854985
Novidades já notificadas anteriormente. Sem envio...
Rodou em: 2026-01-25 10:55:27.465983
Novidades já notificadas anteriormente. Sem envio...
Rodou em: 2026-01-25 14:20:06.998423
Novidades já notificadas anteriormente. Sem envio...
Rodou em: 2026-01-25 16:53:36.281323
Novidades já notificadas anteriormente. Sem envio...
Rodou em: 2026-01-25 18:40:04.780649
Novidades já notificadas anteriormente. Sem envio...
Rodou em: 2026-01-25 22:55:33.016523
Novidades já notificadas anteriormente. Sem envio...
Rodou em: 2026-01-26 03:20:09.837562
Novidades já notificadas anteriormente. Sem envio...
Rodou em: 2026-01-26 03:40:05.776564
Novidades já notificadas anteriormente. Sem envio...
Rodou em: 2026-01-26 05:00:09.967010
Novidades já notificadas anteriormente. Sem envio...
Rodou em: 2026-01-26 05:20:05.127946
Novidades já notificadas anteriormente. Sem envio...
Rodou em: 2026-01-26 05:30:04.147442
Novidades já notificadas anteriormente. Sem envio...
Rodou em: 2026-01-26 05:40:04.193128
Novidades já notificadas anteriormente. Sem envio...
Rodou em: 2026-01-26 05:50:03.840679
Novidades já notificadas anteriormente. Sem envio...
Rodou em: 2026-01-26 06:00:05.122550
Novidades já notificadas anteriormente. Sem envio...
Rodou em: 2026-01-26 06:10:03.921762
Novidades já notificadas anteriormente. Sem envio...
Rodou em: 2026-01-26 08:00:08.595503
Novidades já notificadas anteriormente. Sem envio...
Rodou em: 2026-01-26 08:10:05.176363
Novidades já notificadas anteriormente. Sem envio...
Rodou em: 2026-01-26 08:20:03.970043
Novidades já notificadas anteriormente. Sem envio...
Rodou em: 2026-01-26 08:30:19.570612
Novidades já notificadas anteriormente. Sem envio...
Rodou em: 2026-01-26 08:40:13.716674
Novidades já notificadas anteriormente. Sem envio...
Rodou em: 2026-01-26 08:50:04.662783
Novidades já notificadas anteriormente. Sem envio...
Rodou em: 2026-01-26 09:00:07.889631
Novidades já notificadas anteriormente. Sem envio...
Rodou em: 2026-01-26 09:10:05.073961
Novidades já notificadas anteriormente. Sem envio...
Rodou em: 2026-01-26 09:20:05.237444
Novidades já notificadas anteriormente. Sem envio...
Rodou em: 2026-01-26 09:30:04.146331
Novidades já notificadas anteriormente. Sem envio...
Rodou em: 2026-01-26 09:40:09.712735
Novidades já notificadas anteriormente. Sem envio...
Rodou em: 2026-01-26 09:50:04.040506
Novidades já notificadas anteriormente. Sem envio...
Rodou em: 2026-01-26 10:00:08.754753
Novidades já notificadas anteriormente. Sem envio...
Rodou em: 2026-01-26 10:10:09.517339
Novidades já notificadas anteriormente. Sem envio...
Rodou em: 2026-01-26 10:20:04.504761
Novidades já notificadas anteriormente. Sem envio...
Rodou em: 2026-01-26 10:30:03.845251
Novidades já notificadas anteriormente. Sem envio...
Rodou em: 2026-01-26 10:40:05.256735
Novidades já notificadas anteriormente. Sem envio...
Rodou em: 2026-01-26 10:50:04.105404
Novidades já notificadas anteriormente. Sem envio...
Rodou em: 2026-01-26 11:00:04.417914
Novidades já notificadas anteriormente. Sem envio...
Rodou em: 2026-01-26 11:10:04.204706
Novidades já notificadas anteriormente. Sem envio...
Rodou em: 2026-01-26 11:20:05.732559
Novidades já notificadas anteriormente. Sem envio...
Rodou em: 2026-01-26 11:30:03.655740
Novidades já notificadas anteriormente. Sem envio...
Rodou em: 2026-01-26 11:40:03.584513
Novidades já notificadas anteriormente. Sem envio...
Rodou em: 2026-01-26 11:50:08.052963
Novidades já notificadas anteriormente. Sem envio...
Rodou em: 2026-01-26 12:00:04.206767
Novidades já notificadas anteriormente. Sem envio...
Rodou em: 2026-01-26 12:10:04.396718
Novidades já notificadas anteriormente. Sem envio...
Rodou em: 2026-01-26 12:20:04.125610
Novidades já notificadas anteriormente. Sem envio...
Rodou em: 2026-01-26 12:30:03.921665
Novidades já notificadas anteriormente. Sem envio...
Rodou em: 2026-01-26 12:40:03.566255
Novidades já notificadas anteriormente. Sem envio...
Rodou em: 2026-01-26 12:50:06.896724
Novidades já notificadas anteriormente. Sem envio...
Rodou em: 2026-01-26 13:00:04.877819
Novidades já notificadas anteriormente. Sem envio...
Rodou em: 2026-01-26 13:10:03.529845
Novidades já notificadas anteriormente. Sem envio...
Rodou em: 2026-01-26 13:20:06.514460
Novidades já notificadas anteriormente. Sem envio...
Rodou em: 2026-01-26 13:30:05.934285
Novidades já notificadas anteriormente. Sem envio...
Rodou em: 2026-01-26 13:40:04.414665
Novidades já notificadas anteriormente. Sem envio...
Rodou em: 2026-01-26 13:50:05.660980
Novidades já notificadas anteriormente. Sem envio...
Rodou em: 2026-01-26 14:00:04.833657
Novidades já notificadas anteriormente. Sem envio...
Rodou em: 2026-01-26 14:10:04.221232
Novidades já notificadas anteriormente. Sem envio...
Rodou em: 2026-01-26 14:20:03.834383
Novidades já notificadas anteriormente. Sem envio...
Rodou em: 2026-01-26 14:30:03.679769
Novidades já notificadas anteriormente. Sem envio...
Rodou em: 2026-01-26 14:40:05.323578
Novidades já notificadas anteriormente. Sem envio...
Rodou em: 2026-01-26 14:50:03.948433
Novidades já notificadas anteriormente. Sem envio...
Rodou em: 2026-01-26 15:00:05.806536
Novidades já notificadas anteriormente. Sem envio...
Rodou em: 2026-01-26 15:10:03.786892
Novidades já notificadas anteriormente. Sem envio...
Rodou em: 2026-01-26 15:20:04.924343
Novidades já notificadas anteriormente. Sem envio...
Rodou em: 2026-01-26 15:30:07.018021
Novidades já notificadas anteriormente. Sem envio...
Rodou em: 2026-01-26 15:40:05.583273
Novidades já notificadas anteriormente. Sem envio...
Rodou em: 2026-01-26 15:50:05.157874
Novidades já notificadas anteriormente. Sem envio...
Rodou em: 2026-01-26 16:00:04.789239
Novidades já notificadas anteriormente. Sem envio...
Rodou em: 2026-01-26 16:10:05.462040
Novidades já notificadas anteriormente. Sem envio...
Rodou em: 2026-01-26 16:20:05.672046
Novidades já notificadas anteriormente. Sem envio...
Rodou em: 2026-01-26 16:30:04.417251
Novidades já notificadas anteriormente. Sem envio...
Rodou em: 2026-01-26 16:40:04.274967
Novidades já notificadas anteriormente. Sem envio...
Rodou em: 2026-01-26 16:50:03.697295
Novidades já notificadas anteriormente. Sem envio...
Rodou em: 2026-01-26 17:00:05.757062
Novidades já notificadas anteriormente. Sem envio...
Rodou em: 2026-01-26 17:10:04.011890
Novidades já notificadas anteriormente. Sem envio...
Rodou em: 2026-01-26 17:20:05.572070
Novidades já notificadas anteriormente. Sem envio...
Rodou em: 2026-01-26 17:30:05.689228
Novidades já notificadas anteriormente. Sem envio...
Rodou em: 2026-01-26 17:40:05.195222
Novidades já notificadas anteriormente. Sem envio...
Rodou em: 2026-01-26 17:50:04.409376
Novidades já notificadas anteriormente. Sem envio...
Rodou em: 2026-01-26 18:00:04.132463
Novidades já notificadas anteriormente. Sem envio...
Rodou em: 2026-01-26 18:10:04.358507
Novidades já notificadas anteriormente. Sem envio...
Rodou em: 2026-01-26 18:20:05.859092
Novidades já notificadas anteriormente. Sem envio...
Rodou em: 2026-01-26 18:30:03.697493
Novidades já notificadas anteriormente. Sem envio...
Rodou em: 2026-01-26 18:40:04.254753
Novidades já notificadas anteriormente. Sem envio...
Rodou em: 2026-01-26 18:50:06.892185
Novidades já notificadas anteriormente. Sem envio...
Rodou em: 2026-01-26 19:00:04.774073
Novidades já notificadas anteriormente. Sem envio...
Rodou em: 2026-01-26 19:10:04.418848
Novidades já notificadas anteriormente. Sem envio...
Rodou em: 2026-01-26 19:20:05.661928
Novidades já notificadas anteriormente. Sem envio...
Rodou em: 2026-01-26 19:30:04.288054
Novidades já notificadas anteriormente. Sem envio...
Rodou em: 2026-01-26 19:40:03.908954
Novidades já notificadas anteriormente. Sem envio...
Rodou em: 2026-01-26 19:50:06.367353
Novidades já notificadas anteriormente. Sem envio...
Rodou em: 2026-01-26 20:00:05.230821
Novidades já notificadas anteriormente. Sem envio...
Rodou em: 2026-01-26 20:10:03.830200
Novidades já notificadas anteriormente. Sem envio...
Rodou em: 2026-01-26 20:20:04.093086
Novidades já notificadas anteriormente. Sem envio...
Rodou em: 2026-01-26 20:30:03.654463
Novidades já notificadas anteriormente. Sem envio...
Rodou em: 2026-01-26 20:40:06.088867
Novidades já notificadas anteriormente. Sem envio...
Rodou em: 2026-01-26 20:50:05.580733
Novidades já notificadas anteriormente. Sem envio...
Rodou em: 2026-01-26 21:00:04.418683
Novidades já notificadas anteriormente. Sem envio...
Rodou em: 2026-01-26 21:10:04.246594
Novidades já notificadas anteriormente. Sem envio...
Rodou em: 2026-01-26 21:20:04.029394
Novidades já notificadas anteriormente. Sem envio...
Rodou em: 2026-01-26 21:30:05.016515
Novidades já notificadas anteriormente. Sem envio...
Rodou em: 2026-01-26 21:40:05.570096
Novidades já notificadas anteriormente. Sem envio...
Rodou em: 2026-01-26 21:50:06.304374
Novidades já notificadas anteriormente. Sem envio...
Rodou em: 2026-01-26 22:00:04.028364
Novidades já notificadas anteriormente. Sem envio...
Rodou em: 2026-01-26 22:10:03.921808
Novidades já notificadas anteriormente. Sem envio...
Rodou em: 2026-01-26 22:20:06.488279
Novidades já notificadas anteriormente. Sem envio...
Rodou em: 2026-01-26 22:30:04.207595
Novidades já notificadas anteriormente. Sem envio...
Rodou em: 2026-01-26 22:40:14.654874
Novidades já notificadas anteriormente. Sem envio...
Rodou em: 2026-01-26 22:50:06.385576
Novidades já notificadas anteriormente. Sem envio...
Rodou em: 2026-01-26 23:00:05.381345
Novidades já notificadas anteriormente. Sem envio...
Rodou em: 2026-01-26 23:10:05.316875
Novidades já notificadas anteriormente. Sem envio...
Rodou em: 2026-01-26 23:21:34.986825
Novidades já notificadas anteriormente. Sem envio...
Rodou em: 2026-01-27 03:50:06.981022
Novidades já notificadas anteriormente. Sem envio...
Rodou em: 2026-01-27 04:00:03.921570
Novidades já notificadas anteriormente. Sem envio...
Rodou em: 2026-01-27 04:10:04.740098
Novidades já notificadas anteriormente. Sem envio...
Rodou em: 2026-01-27 04:20:04.288095
Novidades já notificadas anteriormente. Sem envio...
Rodou em: 2026-01-27 04:30:04.304256
Novidades já notificadas anteriormente. Sem envio...
Rodou em: 2026-01-27 04:40:06.196338
Novidades já notificadas anteriormente. Sem envio...
Rodou em: 2026-01-27 04:50:06.489583
Novidades já notificadas anteriormente. Sem envio...
Rodou em: 2026-01-27 05:00:04.407898
Novidades já notificadas anteriormente. Sem envio...
Rodou em: 2026-01-27 07:00:36.290504
Novidades já notificadas anteriormente. Sem envio...
Rodou em: 2026-01-27 08:00:10.950907
Novidades já notificadas anteriormente. Sem envio...
Rodou em: 2026-01-27 08:10:04.427837
Novidades já notificadas anteriormente. Sem envio...
Rodou em: 2026-01-27 08:20:04.130496
Novidades já notificadas anteriormente. Sem envio...
Rodou em: 2026-01-27 08:30:05.644704
Novidades já notificadas anteriormente. Sem envio...
Rodou em: 2026-01-27 08:40:04.208997
Novidades já notificadas anteriormente. Sem envio...
Rodou em: 2026-01-27 08:50:04.118412
Novidades já notificadas anteriormente. Sem envio...
Rodou em: 2026-01-27 09:00:03.678452
Novidades já notificadas anteriormente. Sem envio...
Rodou em: 2026-01-27 09:10:04.508209
Novidades já notificadas anteriormente. Sem envio...
Rodou em: 2026-01-27 09:20:04.322897
Novidades já notificadas anteriormente. Sem envio...
Rodou em: 2026-01-27 09:30:04.197588
Novidades já notificadas anteriormente. Sem envio...
Rodou em: 2026-01-27 09:40:07.339223
Email enviado com sucesso!
Rodou em: 2026-01-27 09:50:03.749310
Novidades já notificadas anteriormente. Sem envio...
Rodou em: 2026-01-27 10:00:05.185675
Novidades já notificadas anteriormente. Sem envio...
Rodou em: 2026-01-27 10:10:04.670043
Novidades já notificadas anteriormente. Sem envio...
Rodou em: 2026-01-27 10:20:04.793591
Novidades já notificadas anteriormente. Sem envio...
Rodou em: 2026-01-27 10:30:06.757308
Novidades já notificadas anteriormente. Sem envio...
Rodou em: 2026-01-27 10:40:05.819671
Novidades já notificadas anteriormente. Sem envio...
Rodou em: 2026-01-27 10:50:04.218538
Email enviado com sucesso!
Rodou em: 2026-01-27 11:00:07.103335
Novidades já notificadas anteriormente. Sem envio...
Rodou em: 2026-01-27 11:10:04.559316
Novidades já notificadas anteriormente. Sem envio...
Rodou em: 2026-01-27 11:20:04.736548
Novidades já notificadas anteriormente. Sem envio...
Rodou em: 2026-01-27 11:30:03.770912
Novidades já notificadas anteriormente. Sem envio...
Rodou em: 2026-01-27 11:40:03.623682
Novidades já notificadas anteriormente. Sem envio...
Rodou em: 2026-01-27 11:50:03.999574
Novidades já notificadas anteriormente. Sem envio...
Rodou em: 2026-01-27 12:00:05.630229
Novidades já notificadas anteriormente. Sem envio...
Rodou em: 2026-01-27 12:10:04.257393
Novidades já notificadas anteriormente. Sem envio...
Rodou em: 2026-01-27 12:20:03.878445
Novidades já notificadas anteriormente. Sem envio...
Rodou em: 2026-01-27 12:30:05.509437
Novidades já notificadas anteriormente. Sem envio...
Rodou em: 2026-01-27 12:40:03.972125
Novidades já notificadas anteriormente. Sem envio...
Rodou em: 2026-01-27 12:50:04.473100
Novidades já notificadas anteriormente. Sem envio...
Rodou em: 2026-01-27 13:00:05.483228
Novidades já notificadas anteriormente. Sem envio...
Rodou em: 2026-01-27 13:10:04.395168
Novidades já notificadas anteriormente. Sem envio...
Rodou em: 2026-01-27 13:20:04.101428
Novidades já notificadas anteriormente. Sem envio...
Rodou em: 2026-01-27 13:30:06.426600
Novidades já notificadas anteriormente. Sem envio...
Rodou em: 2026-01-27 13:40:06.039825
Novidades já notificadas anteriormente. Sem envio...
Rodou em: 2026-01-27 13:50:03.734582
Novidades já notificadas anteriormente. Sem envio...
Rodou em: 2026-01-27 14:00:04.903262
Novidades já notificadas anteriormente. Sem envio...
Rodou em: 2026-01-27 14:10:03.449927
Novidades já notificadas anteriormente. Sem envio...
Rodou em: 2026-01-27 14:20:03.850141
Novidades já notificadas anteriormente. Sem envio...
Rodou em: 2026-01-27 14:30:06.956446
Novidades já notificadas anteriormente. Sem envio...
Rodou em: 2026-01-27 14:40:03.950194
Novidades já notificadas anteriormente. Sem envio...
Rodou em: 2026-01-27 14:50:03.791019
Novidades já notificadas anteriormente. Sem envio...
Rodou em: 2026-01-27 15:00:03.928703
Novidades já notificadas anteriormente. Sem envio...
Rodou em: 2026-01-27 15:10:05.782266
Novidades já notificadas anteriormente. Sem envio...
Rodou em: 2026-01-27 15:20:04.429913
Novidades já notificadas anteriormente. Sem envio...
Rodou em: 2026-01-27 15:30:05.917898
Novidades já notificadas anteriormente. Sem envio...
Rodou em: 2026-01-27 15:40:05.180883
Novidades já notificadas anteriormente. Sem envio...
Rodou em: 2026-01-27 15:50:04.948747
Novidades já notificadas anteriormente. Sem envio...
Rodou em: 2026-01-27 16:00:04.731576
Novidades já notificadas anteriormente. Sem envio...
Rodou em: 2026-01-27 16:10:04.043877
Novidades já notificadas anteriormente. Sem envio...
Rodou em: 2026-01-27 16:20:05.439277
Novidades já notificadas anteriormente. Sem envio...
Rodou em: 2026-01-27 16:30:04.509033
Novidades já notificadas anteriormente. Sem envio...
Rodou em: 2026-01-27 16:40:06.807556
Novidades já notificadas anteriormente. Sem envio...
Rodou em: 2026-01-27 16:50:04.969220
Novidades já notificadas anteriormente. Sem envio...
Rodou em: 2026-01-27 17:00:04.829550
Novidades já notificadas anteriormente. Sem envio...
Rodou em: 2026-01-27 17:10:04.384895
Novidades já notificadas anteriormente. Sem envio...
Rodou em: 2026-01-27 17:20:05.356014
Novidades já notificadas anteriormente. Sem envio...
Rodou em: 2026-01-27 17:30:04.085910
Novidades já notificadas anteriormente. Sem envio...
Rodou em: 2026-01-27 17:40:03.536307
Novidades já notificadas anteriormente. Sem envio...
Rodou em: 2026-01-27 17:50:04.322770
Novidades já notificadas anteriormente. Sem envio...
Rodou em: 2026-01-27 18:00:04.854563
Novidades já notificadas anteriormente. Sem envio...
Rodou em: 2026-01-27 18:10:03.730453
Novidades já notificadas anteriormente. Sem envio...
Rodou em: 2026-01-27 18:20:03.591851
Novidades já notificadas anteriormente. Sem envio...
Rodou em: 2026-01-27 18:30:06.255863
Novidades já notificadas anteriormente. Sem envio...
Rodou em: 2026-01-27 18:40:04.123041
Novidades já notificadas anteriormente. Sem envio...
Rodou em: 2026-01-27 18:50:03.708308
Novidades já notificadas anteriormente. Sem envio...
Rodou em: 2026-01-27 19:00:04.657696
Novidades já notificadas anteriormente. Sem envio...
Rodou em: 2026-01-27 19:10:04.804759
Novidades já notificadas anteriormente. Sem envio...
Rodou em: 2026-01-27 19:20:04.072003
Novidades já notificadas anteriormente. Sem envio...
Rodou em: 2026-01-27 19:30:04.313731
Novidades já notificadas anteriormente. Sem envio...
Rodou em: 2026-01-27 19:40:06.878022
Novidades já notificadas anteriormente. Sem envio...
Rodou em: 2026-01-27 21:10:06.201279
Novidades já notificadas anteriormente. Sem envio...
Rodou em: 2026-01-28 03:00:06.528158
Novidades já notificadas anteriormente. Sem envio...
Rodou em: 2026-01-28 03:10:05.419526
Novidades já notificadas anteriormente. Sem envio...
Rodou em: 2026-01-28 03:20:04.610704
Novidades já notificadas anteriormente. Sem envio...
Rodou em: 2026-01-28 03:30:05.055844
Novidades já notificadas anteriormente. Sem envio...
Rodou em: 2026-01-28 03:40:05.686070
Novidades já notificadas anteriormente. Sem envio...
Rodou em: 2026-01-28 06:40:07.232842
Novidades já notificadas anteriormente. Sem envio...
Rodou em: 2026-01-28 06:50:04.290328
Novidades já notificadas anteriormente. Sem envio...
Rodou em: 2026-01-28 07:00:05.166809
Novidades já notificadas anteriormente. Sem envio...
Rodou em: 2026-01-28 07:10:04.141070
Novidades já notificadas anteriormente. Sem envio...
Rodou em: 2026-01-28 07:20:04.117674
Novidades já notificadas anteriormente. Sem envio...
Rodou em: 2026-01-28 07:30:03.681646
Novidades já notificadas anteriormente. Sem envio...
Rodou em: 2026-01-28 07:40:03.920639
Novidades já notificadas anteriormente. Sem envio...
Rodou em: 2026-01-28 07:50:04.110209
Novidades já notificadas anteriormente. Sem envio...
Rodou em: 2026-01-28 08:00:07.080396
Novidades já notificadas anteriormente. Sem envio...
Rodou em: 2026-01-28 08:10:03.860046
Novidades já notificadas anteriormente. Sem envio...
Rodou em: 2026-01-28 08:20:03.845326
Novidades já notificadas anteriormente. Sem envio...
Rodou em: 2026-01-28 08:30:06.051105
Novidades já notificadas anteriormente. Sem envio...
Rodou em: 2026-01-28 08:40:04.413100
Novidades já notificadas anteriormente. Sem envio...
Rodou em: 2026-01-28 08:50:04.647302
Novidades já notificadas anteriormente. Sem envio...
Rodou em: 2026-01-28 09:00:05.873366
Novidades já notificadas anteriormente. Sem envio...
Rodou em: 2026-01-28 09:10:04.595246
Novidades já notificadas anteriormente. Sem envio...
Rodou em: 2026-01-28 09:20:03.930283
Novidades já notificadas anteriormente. Sem envio...
Rodou em: 2026-01-28 09:30:07.481314
Novidades já notificadas anteriormente. Sem envio...
Rodou em: 2026-01-28 09:40:04.134702
Novidades já notificadas anteriormente. Sem envio...
Rodou em: 2026-01-28 09:50:04.446433
Novidades já notificadas anteriormente. Sem envio...
Rodou em: 2026-01-28 10:00:06.177119
Novidades já notificadas anteriormente. Sem envio...
Rodou em: 2026-01-28 10:10:05.528492
Novidades já notificadas anteriormente. Sem envio...
Rodou em: 2026-01-28 10:20:04.093815
Novidades já notificadas anteriormente. Sem envio...
Rodou em: 2026-01-28 10:30:07.956857
Novidades já notificadas anteriormente. Sem envio...
Rodou em: 2026-01-28 10:40:04.059780
Novidades já notificadas anteriormente. Sem envio...
Rodou em: 2026-01-28 10:50:04.010440
Novidades já notificadas anteriormente. Sem envio...
Rodou em: 2026-01-28 11:00:04.337165
Novidades já notificadas anteriormente. Sem envio...
Rodou em: 2026-01-28 11:10:04.341361
Novidades já notificadas anteriormente. Sem envio...
Rodou em: 2026-01-28 11:20:05.474723
Novidades já notificadas anteriormente. Sem envio...
Rodou em: 2026-01-28 11:30:06.385960
Novidades já notificadas anteriormente. Sem envio...
Rodou em: 2026-01-28 11:40:04.271496
Novidades já notificadas anteriormente. Sem envio...
Rodou em: 2026-01-28 11:50:04.947674
Novidades já notificadas anteriormente. Sem envio...
Rodou em: 2026-01-28 12:00:05.897225
Novidades já notificadas anteriormente. Sem envio...
Rodou em: 2026-01-28 12:10:04.059447
Novidades já notificadas anteriormente. Sem envio...
Rodou em: 2026-01-28 12:20:03.480094
Novidades já notificadas anteriormente. Sem envio...
Rodou em: 2026-01-28 12:30:03.938228
Novidades já notificadas anteriormente. Sem envio...
Rodou em: 2026-01-28 12:40:04.369400
Novidades já notificadas anteriormente. Sem envio...
Rodou em: 2026-01-28 12:50:06.258560
Novidades já notificadas anteriormente. Sem envio...
Rodou em: 2026-01-28 13:00:04.763632
Novidades já notificadas anteriormente. Sem envio...
Rodou em: 2026-01-28 13:10:04.231657
Novidades já notificadas anteriormente. Sem envio...
Rodou em: 2026-01-28 13:20:04.267428
Novidades já notificadas anteriormente. Sem envio...
Rodou em: 2026-01-28 13:30:04.170566
Novidades já notificadas anteriormente. Sem envio...
Rodou em: 2026-01-28 13:40:03.559455
Novidades já notificadas anteriormente. Sem envio...
Rodou em: 2026-01-28 13:50:05.940279
Novidades já notificadas anteriormente. Sem envio...
Rodou em: 2026-01-28 14:00:04.462000
Novidades já notificadas anteriormente. Sem envio...
Rodou em: 2026-01-28 14:10:04.875329
Novidades já notificadas anteriormente. Sem envio...
Rodou em: 2026-01-28 14:20:05.786945
Novidades já notificadas anteriormente. Sem envio...
Rodou em: 2026-01-28 14:30:04.810982
Novidades já notificadas anteriormente. Sem envio...
Rodou em: 2026-01-28 14:40:03.876197
Novidades já notificadas anteriormente. Sem envio...
Rodou em: 2026-01-28 14:50:05.485910
Novidades já notificadas anteriormente. Sem envio...
Rodou em: 2026-01-28 15:00:03.965986
Novidades já notificadas anteriormente. Sem envio...
Rodou em: 2026-01-28 15:10:07.280051
Novidades já notificadas anteriormente. Sem envio...
Rodou em: 2026-01-28 15:20:04.803105
Novidades já notificadas anteriormente. Sem envio...
Rodou em: 2026-01-28 15:30:04.920342
Novidades já notificadas anteriormente. Sem envio...
Rodou em: 2026-01-28 15:40:03.452614
Novidades já notificadas anteriormente. Sem envio...
Rodou em: 2026-01-28 15:50:05.166047
Novidades já notificadas anteriormente. Sem envio...
Rodou em: 2026-01-28 16:00:05.650111
Novidades já notificadas anteriormente. Sem envio...
Rodou em: 2026-01-28 16:10:07.335426
Novidades já notificadas anteriormente. Sem envio...
Rodou em: 2026-01-28 16:20:05.406820
Novidades já notificadas anteriormente. Sem envio...
Rodou em: 2026-01-28 16:30:05.451983
Novidades já notificadas anteriormente. Sem envio...
Rodou em: 2026-01-28 16:40:03.701139
Novidades já notificadas anteriormente. Sem envio...
Rodou em: 2026-01-28 16:50:03.895609
Novidades já notificadas anteriormente. Sem envio...
Rodou em: 2026-01-28 17:00:05.887684
Novidades já notificadas anteriormente. Sem envio...
Rodou em: 2026-01-28 17:10:04.151867
Novidades já notificadas anteriormente. Sem envio...
Rodou em: 2026-01-28 17:20:05.276121
Novidades já notificadas anteriormente. Sem envio...
Rodou em: 2026-01-28 17:30:05.465841
Novidades já notificadas anteriormente. Sem envio...
Rodou em: 2026-01-28 17:40:03.844003
Novidades já notificadas anteriormente. Sem envio...
Rodou em: 2026-01-28 17:50:03.571823
Novidades já notificadas anteriormente. Sem envio...
Rodou em: 2026-01-28 18:00:05.473787
Novidades já notificadas anteriormente. Sem envio...
Rodou em: 2026-01-28 18:10:04.009687
Novidades já notificadas anteriormente. Sem envio...
Rodou em: 2026-01-28 18:20:06.798275
Novidades já notificadas anteriormente. Sem envio...
Rodou em: 2026-01-28 18:30:03.407329
Novidades já notificadas anteriormente. Sem envio...
Rodou em: 2026-01-28 18:40:04.021861
Novidades já notificadas anteriormente. Sem envio...
Rodou em: 2026-01-28 18:50:05.017650
Novidades já notificadas anteriormente. Sem envio...
Rodou em: 2026-01-28 19:00:03.665194
Novidades já notificadas anteriormente. Sem envio...
Rodou em: 2026-01-28 19:10:05.955878
Novidades já notificadas anteriormente. Sem envio...
Rodou em: 2026-01-28 19:20:03.831503
Novidades já notificadas anteriormente. Sem envio...
Rodou em: 2026-01-28 19:30:03.662681
Novidades já notificadas anteriormente. Sem envio...
Rodou em: 2026-01-28 19:40:05.519803
Novidades já notificadas anteriormente. Sem envio...
Rodou em: 2026-01-28 19:55:07.155246
Novidades já notificadas anteriormente. Sem envio...
Rodou em: 2026-01-28 21:20:30.633534
Novidades já notificadas anteriormente. Sem envio...
Rodou em: 2026-01-28 22:46:42.301468
Novidades já notificadas anteriormente. Sem envio...
Rodou em: 2026-01-28 23:47:40.648097
Novidades já notificadas anteriormente. Sem envio...
Rodou em: 2026-01-29 01:50:06.039192
Novidades já notificadas anteriormente. Sem envio...
Rodou em: 2026-01-29 03:52:05.346207
Novidades já notificadas anteriormente. Sem envio...
Rodou em: 2026-01-29 04:30:03.939763
Novidades já notificadas anteriormente. Sem envio...
Rodou em: 2026-01-29 04:40:04.693171
Novidades já notificadas anteriormente. Sem envio...
Rodou em: 2026-01-29 04:50:04.435874
Novidades já notificadas anteriormente. Sem envio...
Rodou em: 2026-01-29 05:00:04.389651
Novidades já notificadas anteriormente. Sem envio...
Rodou em: 2026-01-29 05:10:04.416510
Novidades já notificadas anteriormente. Sem envio...
Rodou em: 2026-01-29 05:20:05.757744
Novidades já notificadas anteriormente. Sem envio...
Rodou em: 2026-01-29 05:30:04.282157
Novidades já notificadas anteriormente. Sem envio...
Rodou em: 2026-01-29 08:00:06.501160
Novidades já notificadas anteriormente. Sem envio...
Rodou em: 2026-01-29 08:10:04.130986
Novidades já notificadas anteriormente. Sem envio...
Rodou em: 2026-01-29 08:20:06.328669
Novidades já notificadas anteriormente. Sem envio...
Rodou em: 2026-01-29 08:30:04.639824
Novidades já notificadas anteriormente. Sem envio...
Rodou em: 2026-01-29 08:40:05.691824
Novidades já notificadas anteriormente. Sem envio...
Rodou em: 2026-01-29 08:50:04.570952
Novidades já notificadas anteriormente. Sem envio...
Rodou em: 2026-01-29 09:00:05.158981
Novidades já notificadas anteriormente. Sem envio...
Rodou em: 2026-01-29 09:10:04.362606
Novidades já notificadas anteriormente. Sem envio...
Rodou em: 2026-01-29 09:20:04.959370
Novidades já notificadas anteriormente. Sem envio...
Rodou em: 2026-01-29 09:30:08.091161
Novidades já notificadas anteriormente. Sem envio...
Rodou em: 2026-01-29 09:40:04.600209
Novidades já notificadas anteriormente. Sem envio...
Rodou em: 2026-01-29 09:50:04.006584
Novidades já notificadas anteriormente. Sem envio...
Rodou em: 2026-01-29 10:00:05.417274
Novidades já notificadas anteriormente. Sem envio...
Rodou em: 2026-01-29 10:10:03.932297
Novidades já notificadas anteriormente. Sem envio...
Rodou em: 2026-01-29 10:20:11.077603
Novidades já notificadas anteriormente. Sem envio...
Rodou em: 2026-01-29 10:30:04.895359
Novidades já notificadas anteriormente. Sem envio...
Rodou em: 2026-01-29 10:40:06.001869
Novidades já notificadas anteriormente. Sem envio...
Rodou em: 2026-01-29 10:50:04.944986
Novidades já notificadas anteriormente. Sem envio...
Rodou em: 2026-01-29 11:00:05.926102
Novidades já notificadas anteriormente. Sem envio...
Rodou em: 2026-01-29 11:10:04.105811
Novidades já notificadas anteriormente. Sem envio...
Rodou em: 2026-01-29 11:20:04.644975
Novidades já notificadas anteriormente. Sem envio...
Rodou em: 2026-01-29 11:30:04.785056
Novidades já notificadas anteriormente. Sem envio...
Rodou em: 2026-01-29 11:40:05.818351
Novidades já notificadas anteriormente. Sem envio...
Rodou em: 2026-01-29 11:50:04.064239
Novidades já notificadas anteriormente. Sem envio...
Rodou em: 2026-01-29 12:00:05.144627
Novidades já notificadas anteriormente. Sem envio...
Rodou em: 2026-01-29 12:10:03.776830
Novidades já notificadas anteriormente. Sem envio...
Rodou em: 2026-01-29 12:20:03.653803
Novidades já notificadas anteriormente. Sem envio...
Rodou em: 2026-01-29 12:30:05.078562
Novidades já notificadas anteriormente. Sem envio...
Rodou em: 2026-01-29 12:40:03.701894
Novidades já notificadas anteriormente. Sem envio...
Rodou em: 2026-01-29 12:50:04.703957
Novidades já notificadas anteriormente. Sem envio...
Rodou em: 2026-01-29 13:00:06.455520
Novidades já notificadas anteriormente. Sem envio...
Rodou em: 2026-01-29 13:10:04.232765
Novidades já notificadas anteriormente. Sem envio...
Rodou em: 2026-01-29 13:20:04.241539
Novidades já notificadas anteriormente. Sem envio...
Rodou em: 2026-01-29 13:30:05.183465
Novidades já notificadas anteriormente. Sem envio...
Rodou em: 2026-01-29 13:40:04.220552
Novidades já notificadas anteriormente. Sem envio...
Rodou em: 2026-01-29 13:50:04.585439
Novidades já notificadas anteriormente. Sem envio...
Rodou em: 2026-01-29 14:00:07.550671
Novidades já notificadas anteriormente. Sem envio...
Rodou em: 2026-01-29 14:10:06.357319
Novidades já notificadas anteriormente. Sem envio...
Rodou em: 2026-01-29 14:20:03.644887
Novidades já notificadas anteriormente. Sem envio...
Rodou em: 2026-01-29 14:30:04.156775
Novidades já notificadas anteriormente. Sem envio...
Rodou em: 2026-01-29 14:40:04.406502
Novidades já notificadas anteriormente. Sem envio...
Rodou em: 2026-01-29 14:50:04.278879
Novidades já notificadas anteriormente. Sem envio...
Rodou em: 2026-01-29 15:00:06.322819
Novidades já notificadas anteriormente. Sem envio...
Rodou em: 2026-01-29 15:10:04.306660
Novidades já notificadas anteriormente. Sem envio...
Rodou em: 2026-01-29 15:20:04.924101
Novidades já notificadas anteriormente. Sem envio...
Rodou em: 2026-01-29 15:30:05.467512
Novidades já notificadas anteriormente. Sem envio...
Rodou em: 2026-01-29 15:40:03.932342
Novidades já notificadas anteriormente. Sem envio...
Rodou em: 2026-01-29 15:50:03.990283
Novidades já notificadas anteriormente. Sem envio...
Rodou em: 2026-01-29 16:00:08.133186
Novidades já notificadas anteriormente. Sem envio...
Rodou em: 2026-01-29 16:10:05.165788
Novidades já notificadas anteriormente. Sem envio...
Rodou em: 2026-01-29 16:20:14.917757
Novidades já notificadas anteriormente. Sem envio...
Rodou em: 2026-01-29 16:30:04.294770
Novidades já notificadas anteriormente. Sem envio...
Rodou em: 2026-01-29 16:40:03.931744
Novidades já notificadas anteriormente. Sem envio...
Rodou em: 2026-01-29 16:50:05.337945
Novidades já notificadas anteriormente. Sem envio...
Rodou em: 2026-01-29 17:00:10.550501
Novidades já notificadas anteriormente. Sem envio...
Rodou em: 2026-01-29 17:10:04.114382
Novidades já notificadas anteriormente. Sem envio...
Rodou em: 2026-01-29 17:20:04.456129
Novidades já notificadas anteriormente. Sem envio...
Rodou em: 2026-01-29 17:30:05.097501
Novidades já notificadas anteriormente. Sem envio...
Rodou em: 2026-01-29 17:40:04.295292
Novidades já notificadas anteriormente. Sem envio...
Rodou em: 2026-01-29 17:50:03.712099
Novidades já notificadas anteriormente. Sem envio...
Rodou em: 2026-01-29 18:00:05.348824
Novidades já notificadas anteriormente. Sem envio...
Rodou em: 2026-01-29 18:10:04.147481
Novidades já notificadas anteriormente. Sem envio...
Rodou em: 2026-01-29 18:20:04.019890
Novidades já notificadas anteriormente. Sem envio...
Rodou em: 2026-01-29 18:30:03.643501
Novidades já notificadas anteriormente. Sem envio...
Rodou em: 2026-01-29 18:40:04.090865
Novidades já notificadas anteriormente. Sem envio...
Rodou em: 2026-01-29 18:50:04.147093
Novidades já notificadas anteriormente. Sem envio...
Rodou em: 2026-01-29 19:00:05.754564
Novidades já notificadas anteriormente. Sem envio...
Rodou em: 2026-01-29 19:10:03.360593
Novidades já notificadas anteriormente. Sem envio...
Rodou em: 2026-01-29 19:20:03.968395
Novidades já notificadas anteriormente. Sem envio...
Rodou em: 2026-01-29 19:30:05.283781
Novidades já notificadas anteriormente. Sem envio...
Rodou em: 2026-01-29 19:40:04.099693
Novidades já notificadas anteriormente. Sem envio...
Rodou em: 2026-01-29 19:50:03.691869
Novidades já notificadas anteriormente. Sem envio...
Rodou em: 2026-01-29 20:00:06.242817
Novidades já notificadas anteriormente. Sem envio...
Rodou em: 2026-01-29 20:10:04.151447
Novidades já notificadas anteriormente. Sem envio...
Rodou em: 2026-01-29 20:20:04.066257
Novidades já notificadas anteriormente. Sem envio...
Rodou em: 2026-01-29 20:30:04.733111
Novidades já notificadas anteriormente. Sem envio...
Rodou em: 2026-01-29 20:40:19.420757
Novidades já notificadas anteriormente. Sem envio...
Rodou em: 2026-01-29 20:50:04.697779
Novidades já notificadas anteriormente. Sem envio...
Rodou em: 2026-01-29 21:00:07.019295
Novidades já notificadas anteriormente. Sem envio...
Rodou em: 2026-01-29 21:10:05.227300
Novidades já notificadas anteriormente. Sem envio...
Rodou em: 2026-01-29 21:20:04.252595
Novidades já notificadas anteriormente. Sem envio...
Rodou em: 2026-01-29 21:30:04.221142
Novidades já notificadas anteriormente. Sem envio...
Rodou em: 2026-01-29 21:40:04.110084
Novidades já notificadas anteriormente. Sem envio...
Rodou em: 2026-01-29 21:50:03.887978
Novidades já notificadas anteriormente. Sem envio...
Rodou em: 2026-01-29 22:00:16.455327
Novidades já notificadas anteriormente. Sem envio...
Rodou em: 2026-01-29 22:10:32.244969
Novidades já notificadas anteriormente. Sem envio...
Rodou em: 2026-01-29 22:52:00.386280
Novidades já notificadas anteriormente. Sem envio...
Rodou em: 2026-01-29 23:02:17.678040
Novidades já notificadas anteriormente. Sem envio...
Rodou em: 2026-01-29 23:10:07.056218
Novidades já notificadas anteriormente. Sem envio...
Rodou em: 2026-01-30 04:30:09.030403
Novidades já notificadas anteriormente. Sem envio...
Rodou em: 2026-01-30 04:40:05.041288
Novidades já notificadas anteriormente. Sem envio...
Rodou em: 2026-01-30 04:50:03.796064
Novidades já notificadas anteriormente. Sem envio...
Rodou em: 2026-01-30 05:00:04.502214
Novidades já notificadas anteriormente. Sem envio...
Rodou em: 2026-01-30 05:10:06.140616
Novidades já notificadas anteriormente. Sem envio...
Rodou em: 2026-01-30 05:20:05.104276
Novidades já notificadas anteriormente. Sem envio...
Rodou em: 2026-01-30 05:30:03.946837
Novidades já notificadas anteriormente. Sem envio...
Rodou em: 2026-01-30 05:48:30.205182
Novidades já notificadas anteriormente. Sem envio...
Rodou em: 2026-01-30 05:54:00.287573
Novidades já notificadas anteriormente. Sem envio...
Rodou em: 2026-01-30 06:03:28.476514
Novidades já notificadas anteriormente. Sem envio...
Rodou em: 2026-01-30 07:30:05.686085
Novidades já notificadas anteriormente. Sem envio...
Rodou em: 2026-01-30 07:40:04.510907
Novidades já notificadas anteriormente. Sem envio...
Rodou em: 2026-01-30 07:50:05.412729
Novidades já notificadas anteriormente. Sem envio...
Rodou em: 2026-01-30 08:00:05.831890
Novidades já notificadas anteriormente. Sem envio...
Rodou em: 2026-01-30 08:10:04.306912
Novidades já notificadas anteriormente. Sem envio...
Rodou em: 2026-01-30 08:20:03.968286
Novidades já notificadas anteriormente. Sem envio...
Rodou em: 2026-01-30 08:30:04.371137
Novidades já notificadas anteriormente. Sem envio...
Rodou em: 2026-01-30 08:40:04.422914
Novidades já notificadas anteriormente. Sem envio...
Rodou em: 2026-01-30 08:50:06.575768
Novidades já notificadas anteriormente. Sem envio...
Rodou em: 2026-01-30 09:00:10.848925
Novidades já notificadas anteriormente. Sem envio...
Rodou em: 2026-01-30 09:10:05.100096
Novidades já notificadas anteriormente. Sem envio...
Rodou em: 2026-01-30 09:20:04.703730
Novidades já notificadas anteriormente. Sem envio...
Rodou em: 2026-01-30 09:30:04.796368
Novidades já notificadas anteriormente. Sem envio...
Rodou em: 2026-01-30 09:40:03.801959
Novidades já notificadas anteriormente. Sem envio...
Rodou em: 2026-01-30 09:50:05.996159
Novidades já notificadas anteriormente. Sem envio...
Rodou em: 2026-01-30 10:00:06.305496
Novidades já notificadas anteriormente. Sem envio...
Rodou em: 2026-01-30 10:10:06.418357
Novidades já notificadas anteriormente. Sem envio...
Rodou em: 2026-01-30 10:20:03.787975
Novidades já notificadas anteriormente. Sem envio...
Rodou em: 2026-01-30 10:30:05.255720
Novidades já notificadas anteriormente. Sem envio...
Rodou em: 2026-01-30 10:40:04.593103
Novidades já notificadas anteriormente. Sem envio...
Rodou em: 2026-01-30 10:50:05.641664
Novidades já notificadas anteriormente. Sem envio...
Rodou em: 2026-01-30 11:00:04.744293
Novidades já notificadas anteriormente. Sem envio...
Rodou em: 2026-01-30 11:10:04.258418
Novidades já notificadas anteriormente. Sem envio...
Rodou em: 2026-01-30 11:20:13.209309
Novidades já notificadas anteriormente. Sem envio...
Rodou em: 2026-01-30 11:30:04.843747
Novidades já notificadas anteriormente. Sem envio...
Rodou em: 2026-01-30 11:40:13.050318
Novidades já notificadas anteriormente. Sem envio...
Rodou em: 2026-01-30 11:50:04.517219
Novidades já notificadas anteriormente. Sem envio...
Rodou em: 2026-01-30 12:00:04.313921
Novidades já notificadas anteriormente. Sem envio...
Rodou em: 2026-01-30 12:10:08.211261
Novidades já notificadas anteriormente. Sem envio...
Rodou em: 2026-01-30 12:20:03.646442
Novidades já notificadas anteriormente. Sem envio...
Rodou em: 2026-01-30 12:30:04.369509
Novidades já notificadas anteriormente. Sem envio...
Rodou em: 2026-01-30 12:40:05.135833
Novidades já notificadas anteriormente. Sem envio...
Rodou em: 2026-01-30 12:50:05.365213
Novidades já notificadas anteriormente. Sem envio...
Rodou em: 2026-01-30 13:00:04.850917
Novidades já notificadas anteriormente. Sem envio...
Rodou em: 2026-01-30 13:10:03.879195
Novidades já notificadas anteriormente. Sem envio...
Rodou em: 2026-01-30 13:20:04.922736
Novidades já notificadas anteriormente. Sem envio...
Rodou em: 2026-01-30 13:30:06.247824
Novidades já notificadas anteriormente. Sem envio...
Rodou em: 2026-01-30 13:40:04.820535
Novidades já notificadas anteriormente. Sem envio...
Rodou em: 2026-01-30 13:50:04.015244
Novidades já notificadas anteriormente. Sem envio...
Rodou em: 2026-01-30 14:00:06.487581
Novidades já notificadas anteriormente. Sem envio...
Rodou em: 2026-01-30 14:10:03.543722
Novidades já notificadas anteriormente. Sem envio...
Rodou em: 2026-01-30 14:20:03.920664
Novidades já notificadas anteriormente. Sem envio...
Rodou em: 2026-01-30 14:30:06.012856
Novidades já notificadas anteriormente. Sem envio...
Rodou em: 2026-01-30 14:40:04.224174
Novidades já notificadas anteriormente. Sem envio...
Rodou em: 2026-01-30 14:50:07.122769
Novidades já notificadas anteriormente. Sem envio...
Rodou em: 2026-01-30 15:00:03.474076
Novidades já notificadas anteriormente. Sem envio...
Rodou em: 2026-01-30 15:10:03.896429
Novidades já notificadas anteriormente. Sem envio...
Rodou em: 2026-01-30 15:20:03.904260
Novidades já notificadas anteriormente. Sem envio...
Rodou em: 2026-01-30 15:30:06.166204
Novidades já notificadas anteriormente. Sem envio...
Rodou em: 2026-01-30 15:40:04.646444
Novidades já notificadas anteriormente. Sem envio...
Rodou em: 2026-01-30 15:50:03.531303
Novidades já notificadas anteriormente. Sem envio...
Rodou em: 2026-01-30 16:00:07.377439
Novidades já notificadas anteriormente. Sem envio...
Rodou em: 2026-01-30 16:10:04.394756
Novidades já notificadas anteriormente. Sem envio...
Rodou em: 2026-01-30 16:20:03.967816
Novidades já notificadas anteriormente. Sem envio...
Rodou em: 2026-01-30 16:30:06.165260
Novidades já notificadas anteriormente. Sem envio...
Rodou em: 2026-01-30 16:40:12.209921
Novidades já notificadas anteriormente. Sem envio...
Rodou em: 2026-01-30 16:50:04.488801
Novidades já notificadas anteriormente. Sem envio...
Rodou em: 2026-01-30 17:00:06.802546
Novidades já notificadas anteriormente. Sem envio...
Rodou em: 2026-01-30 17:10:04.519916
Novidades já notificadas anteriormente. Sem envio...
Rodou em: 2026-01-30 17:20:04.075811
Novidades já notificadas anteriormente. Sem envio...
Rodou em: 2026-01-30 17:30:06.012998
Novidades já notificadas anteriormente. Sem envio...
Rodou em: 2026-01-30 17:40:04.479435
Novidades já notificadas anteriormente. Sem envio...
Rodou em: 2026-01-30 17:50:05.296745
Novidades já notificadas anteriormente. Sem envio...
Rodou em: 2026-01-30 18:00:06.793387
Novidades já notificadas anteriormente. Sem envio...
Rodou em: 2026-01-30 18:10:05.096873
Novidades já notificadas anteriormente. Sem envio...
Rodou em: 2026-01-30 18:20:04.807553
Novidades já notificadas anteriormente. Sem envio...
Rodou em: 2026-01-30 18:30:06.343111
Novidades já notificadas anteriormente. Sem envio...
Rodou em: 2026-01-30 18:40:03.723552
Novidades já notificadas anteriormente. Sem envio...
Rodou em: 2026-01-30 20:48:40.810551
Novidades já notificadas anteriormente. Sem envio...
Rodou em: 2026-01-31 02:40:32.197951
Novidades já notificadas anteriormente. Sem envio...
Rodou em: 2026-01-31 04:00:05.378982
Novidades já notificadas anteriormente. Sem envio...
Rodou em: 2026-01-31 04:10:06.287434
Novidades já notificadas anteriormente. Sem envio...
Rodou em: 2026-01-31 04:20:04.876428
Novidades já notificadas anteriormente. Sem envio...
Rodou em: 2026-01-31 04:30:03.652902
Novidades já notificadas anteriormente. Sem envio...
Rodou em: 2026-01-31 04:40:05.524903
Novidades já notificadas anteriormente. Sem envio...
Rodou em: 2026-01-31 04:50:03.965420
Novidades já notificadas anteriormente. Sem envio...
Rodou em: 2026-01-31 05:00:03.746565
Novidades já notificadas anteriormente. Sem envio...
Rodou em: 2026-01-31 05:10:03.726096
Novidades já notificadas anteriormente. Sem envio...
Erro ao acessar o site: HTTPSConnectionPool(host='sitepd.org.br', port=443): Read timed out. (read timeout=10)
Rodou em: 2026-01-31 07:01:16.130219
Novidades já notificadas anteriormente. Sem envio...
Rodou em: 2026-01-31 08:00:31.774061
Novidades já notificadas anteriormente. Sem envio...
Rodou em: 2026-01-31 13:24:42.326414
Novidades já notificadas anteriormente. Sem envio...
Rodou em: 2026-01-31 18:30:06.154828
Novidades já notificadas anteriormente. Sem envio...
Rodou em: 2026-01-31 21:40:18.198585
Novidades já notificadas anteriormente. Sem envio...
Erro ao acessar o site: HTTPSConnectionPool(host='sitepd.org.br', port=443): Max retries exceeded with url: / (Caused by ConnectTimeoutError(<urllib3.connection.HTTPSConnection object at 0x106916510>, 'Connection to sitepd.org.br timed out. (connect timeout=10)'))
Rodou em: 2026-01-31 22:00:04.085617
Novidades já notificadas anteriormente. Sem envio...
Rodou em: 2026-01-31 22:10:13.593755
Novidades já notificadas anteriormente. Sem envio...
Rodou em: 2026-01-31 22:20:06.038381
Novidades já notificadas anteriormente. Sem envio...
Rodou em: 2026-01-31 22:30:03.541955
Novidades já notificadas anteriormente. Sem envio...
Rodou em: 2026-01-31 23:41:03.616919
Novidades já notificadas anteriormente. Sem envio...
Rodou em: 2026-02-01 04:00:15.864338
Novidades já notificadas anteriormente. Sem envio...
Rodou em: 2026-02-01 04:10:05.641573
Novidades já notificadas anteriormente. Sem envio...
Rodou em: 2026-02-01 04:20:04.159023
Novidades já notificadas anteriormente. Sem envio...
Rodou em: 2026-02-01 04:30:03.558423
Novidades já notificadas anteriormente. Sem envio...
Erro ao acessar o site: HTTPSConnectionPool(host='sitepd.org.br', port=443): Max retries exceeded with url: / (Caused by ConnectTimeoutError(<urllib3.connection.HTTPSConnection object at 0x10685a510>, 'Connection to sitepd.org.br timed out. (connect timeout=10)'))
Rodou em: 2026-02-01 04:50:06.278401
Novidades já notificadas anteriormente. Sem envio...
Erro ao acessar o site: HTTPSConnectionPool(host='sitepd.org.br', port=443): Max retries exceeded with url: / (Caused by ConnectTimeoutError(<urllib3.connection.HTTPSConnection object at 0x10b01a510>, 'Connection to sitepd.org.br timed out. (connect timeout=10)'))
Rodou em: 2026-02-01 05:10:04.168889
Novidades já notificadas anteriormente. Sem envio...
Rodou em: 2026-02-01 05:20:04.224806
Novidades já notificadas anteriormente. Sem envio...
Rodou em: 2026-02-01 05:30:04.802908
Novidades já notificadas anteriormente. Sem envio...
Erro ao acessar o site: HTTPSConnectionPool(host='sitepd.org.br', port=443): Max retries exceeded with url: / (Caused by ConnectTimeoutError(<urllib3.connection.HTTPSConnection object at 0x10900e510>, 'Connection to sitepd.org.br timed out. (connect timeout=10)'))
Rodou em: 2026-02-01 08:00:35.482322
Novidades já notificadas anteriormente. Sem envio...
Rodou em: 2026-02-01 08:25:49.224472
Novidades já notificadas anteriormente. Sem envio...
Rodou em: 2026-02-01 17:21:32.316713
Novidades já notificadas anteriormente. Sem envio...
Rodou em: 2026-02-01 21:10:17.242609
Novidades já notificadas anteriormente. Sem envio...
Rodou em: 2026-02-01 21:20:13.206102
Novidades já notificadas anteriormente. Sem envio...
Rodou em: 2026-02-01 23:00:58.592712
Novidades já notificadas anteriormente. Sem envio...
Rodou em: 2026-02-02 00:13:06.145520
Novidades já notificadas anteriormente. Sem envio...
Rodou em: 2026-02-02 04:20:15.780927
Novidades já notificadas anteriormente. Sem envio...
Rodou em: 2026-02-02 04:30:14.687265
Novidades já notificadas anteriormente. Sem envio...
Rodou em: 2026-02-02 04:40:03.496522
Novidades já notificadas anteriormente. Sem envio...
Rodou em: 2026-02-02 04:50:03.941433
Novidades já notificadas anteriormente. Sem envio...
Rodou em: 2026-02-02 05:00:03.788218
Novidades já notificadas anteriormente. Sem envio...
Rodou em: 2026-02-02 05:10:13.593405
Novidades já notificadas anteriormente. Sem envio...
Erro ao acessar o site: HTTPSConnectionPool(host='sitepd.org.br', port=443): Max retries exceeded with url: / (Caused by ConnectTimeoutError(<urllib3.connection.HTTPSConnection object at 0x10aa76510>, 'Connection to sitepd.org.br timed out. (connect timeout=10)'))
Rodou em: 2026-02-02 05:30:14.784438
Novidades já notificadas anteriormente. Sem envio...
Erro ao acessar o site: HTTPSConnectionPool(host='sitepd.org.br', port=443): Max retries exceeded with url: / (Caused by ConnectTimeoutError(<urllib3.connection.HTTPSConnection object at 0x109402510>, 'Connection to sitepd.org.br timed out. (connect timeout=10)'))
Erro ao acessar o site: HTTPSConnectionPool(host='sitepd.org.br', port=443): Max retries exceeded with url: / (Caused by ConnectTimeoutError(<urllib3.connection.HTTPSConnection object at 0x10af76510>, 'Connection to sitepd.org.br timed out. (connect timeout=10)'))
Erro ao acessar o site: HTTPSConnectionPool(host='sitepd.org.br', port=443): Max retries exceeded with url: / (Caused by ConnectTimeoutError(<urllib3.connection.HTTPSConnection object at 0x10674a510>, 'Connection to sitepd.org.br timed out. (connect timeout=10)'))
Erro ao acessar o site: HTTPSConnectionPool(host='sitepd.org.br', port=443): Max retries exceeded with url: / (Caused by ConnectTimeoutError(<urllib3.connection.HTTPSConnection object at 0x108876510>, 'Connection to sitepd.org.br timed out. (connect timeout=10)'))
Rodou em: 2026-02-02 08:30:04.816612
Novidades já notificadas anteriormente. Sem envio...
Rodou em: 2026-02-02 08:40:03.498535
Novidades já notificadas anteriormente. Sem envio...
Rodou em: 2026-02-02 08:50:04.027932
Novidades já notificadas anteriormente. Sem envio...
Rodou em: 2026-02-02 09:00:06.077382
Novidades já notificadas anteriormente. Sem envio...
Rodou em: 2026-02-02 09:10:06.048830
Novidades já notificadas anteriormente. Sem envio...
Rodou em: 2026-02-02 09:20:05.111027
Novidades já notificadas anteriormente. Sem envio...
Rodou em: 2026-02-02 09:30:05.620009
Novidades já notificadas anteriormente. Sem envio...
Rodou em: 2026-02-02 09:40:04.006537
Novidades já notificadas anteriormente. Sem envio...
Rodou em: 2026-02-02 09:50:04.813086
Novidades já notificadas anteriormente. Sem envio...
Rodou em: 2026-02-02 10:00:27.877457
Novidades já notificadas anteriormente. Sem envio...
Rodou em: 2026-02-02 10:10:09.921327
Novidades já notificadas anteriormente. Sem envio...
Rodou em: 2026-02-02 10:20:04.166919
Novidades já notificadas anteriormente. Sem envio...
Rodou em: 2026-02-02 10:30:03.611062
Novidades já notificadas anteriormente. Sem envio...
Rodou em: 2026-02-02 10:40:04.000180
Novidades já notificadas anteriormente. Sem envio...
Rodou em: 2026-02-02 10:50:05.308824
Novidades já notificadas anteriormente. Sem envio...
Rodou em: 2026-02-02 11:00:04.922369
Email enviado com sucesso!
Rodou em: 2026-02-02 11:10:04.899958
Novidades já notificadas anteriormente. Sem envio...
Rodou em: 2026-02-02 11:20:05.545685
Novidades já notificadas anteriormente. Sem envio...
Rodou em: 2026-02-02 11:30:04.242177
Novidades já notificadas anteriormente. Sem envio...
Rodou em: 2026-02-02 11:40:04.250615
Novidades já notificadas anteriormente. Sem envio...
Rodou em: 2026-02-02 11:50:22.896528
Novidades já notificadas anteriormente. Sem envio...
Rodou em: 2026-02-02 12:00:05.563222
Novidades já notificadas anteriormente. Sem envio...
Rodou em: 2026-02-02 12:10:04.895096
Novidades já notificadas anteriormente. Sem envio...
Rodou em: 2026-02-02 12:20:03.941832
Novidades já notificadas anteriormente. Sem envio...
Rodou em: 2026-02-02 12:30:04.000045
Novidades já notificadas anteriormente. Sem envio...
Rodou em: 2026-02-02 12:40:03.709634
Novidades já notificadas anteriormente. Sem envio...
Rodou em: 2026-02-02 12:50:04.123134
Novidades já notificadas anteriormente. Sem envio...
Rodou em: 2026-02-02 13:00:05.562994
Novidades já notificadas anteriormente. Sem envio...
Rodou em: 2026-02-02 13:10:03.761202
Novidades já notificadas anteriormente. Sem envio...
Rodou em: 2026-02-02 13:20:05.054529
Novidades já notificadas anteriormente. Sem envio...
Rodou em: 2026-02-02 13:30:04.297742
Novidades já notificadas anteriormente. Sem envio...
Rodou em: 2026-02-02 13:40:04.350289
Novidades já notificadas anteriormente. Sem envio...
Rodou em: 2026-02-02 13:50:03.944070
Novidades já notificadas anteriormente. Sem envio...
Rodou em: 2026-02-02 14:00:03.781595
Novidades já notificadas anteriormente. Sem envio...
Rodou em: 2026-02-02 14:10:04.674179
Novidades já notificadas anteriormente. Sem envio...
Rodou em: 2026-02-02 14:20:03.819299
Novidades já notificadas anteriormente. Sem envio...
Rodou em: 2026-02-02 14:30:06.007641
Novidades já notificadas anteriormente. Sem envio...
Rodou em: 2026-02-02 14:40:04.315700
Novidades já notificadas anteriormente. Sem envio...
Rodou em: 2026-02-02 14:50:05.177207
Novidades já notificadas anteriormente. Sem envio...
Rodou em: 2026-02-02 15:00:05.482089
Novidades já notificadas anteriormente. Sem envio...
Rodou em: 2026-02-02 15:10:03.852616
Novidades já notificadas anteriormente. Sem envio...
Rodou em: 2026-02-02 15:20:03.884950
Novidades já notificadas anteriormente. Sem envio...
Rodou em: 2026-02-02 15:30:04.053734
Novidades já notificadas anteriormente. Sem envio...
Rodou em: 2026-02-02 15:40:04.890230
Novidades já notificadas anteriormente. Sem envio...
Rodou em: 2026-02-02 15:50:04.109476
Novidades já notificadas anteriormente. Sem envio...
Rodou em: 2026-02-02 16:00:05.283890
Novidades já notificadas anteriormente. Sem envio...
Rodou em: 2026-02-02 16:10:04.341837
Novidades já notificadas anteriormente. Sem envio...
Rodou em: 2026-02-02 16:20:05.426640
Novidades já notificadas anteriormente. Sem envio...
Rodou em: 2026-02-02 16:30:04.451084
Novidades já notificadas anteriormente. Sem envio...
Rodou em: 2026-02-02 16:40:03.532952
Novidades já notificadas anteriormente. Sem envio...
Rodou em: 2026-02-02 16:50:05.914944
Novidades já notificadas anteriormente. Sem envio...
Rodou em: 2026-02-02 17:00:17.377503
Novidades já notificadas anteriormente. Sem envio...
Rodou em: 2026-02-02 17:10:03.752065
Novidades já notificadas anteriormente. Sem envio...
Rodou em: 2026-02-02 17:20:03.558187
Novidades já notificadas anteriormente. Sem envio...
Rodou em: 2026-02-02 17:30:05.942303
Novidades já notificadas anteriormente. Sem envio...
Rodou em: 2026-02-02 17:40:04.819333
Novidades já notificadas anteriormente. Sem envio...
Rodou em: 2026-02-02 17:50:04.750672
Novidades já notificadas anteriormente. Sem envio...
Rodou em: 2026-02-02 18:00:04.941240
Novidades já notificadas anteriormente. Sem envio...
Rodou em: 2026-02-02 18:10:03.614815
Novidades já notificadas anteriormente. Sem envio...
Rodou em: 2026-02-02 18:20:04.253052
Novidades já notificadas anteriormente. Sem envio...
Rodou em: 2026-02-02 18:30:05.792872
Novidades já notificadas anteriormente. Sem envio...
Rodou em: 2026-02-02 18:40:03.938029
Novidades já notificadas anteriormente. Sem envio...
Rodou em: 2026-02-02 18:50:03.949692
Novidades já notificadas anteriormente. Sem envio...
Rodou em: 2026-02-02 19:00:04.048044
Novidades já notificadas anteriormente. Sem envio...
Rodou em: 2026-02-02 19:10:03.562746
Novidades já notificadas anteriormente. Sem envio...
Rodou em: 2026-02-02 19:20:05.379982
Novidades já notificadas anteriormente. Sem envio...
Rodou em: 2026-02-02 19:30:06.570956
Novidades já notificadas anteriormente. Sem envio...
Rodou em: 2026-02-02 19:40:04.466078
Novidades já notificadas anteriormente. Sem envio...
Rodou em: 2026-02-02 19:50:05.215352
Novidades já notificadas anteriormente. Sem envio...
Rodou em: 2026-02-02 20:00:10.179892
Novidades já notificadas anteriormente. Sem envio...
Rodou em: 2026-02-02 20:10:10.337461
Novidades já notificadas anteriormente. Sem envio...
Rodou em: 2026-02-02 20:20:04.174012
Novidades já notificadas anteriormente. Sem envio...
Rodou em: 2026-02-02 20:30:05.806992
Novidades já notificadas anteriormente. Sem envio...
Rodou em: 2026-02-02 20:40:05.348438
Novidades já notificadas anteriormente. Sem envio...
Rodou em: 2026-02-02 20:50:04.911102
Novidades já notificadas anteriormente. Sem envio...
Rodou em: 2026-02-02 21:00:03.680995
Novidades já notificadas anteriormente. Sem envio...
Rodou em: 2026-02-02 21:10:04.055873
Novidades já notificadas anteriormente. Sem envio...
Rodou em: 2026-02-02 21:20:03.851775
Novidades já notificadas anteriormente. Sem envio...
Rodou em: 2026-02-02 21:30:03.401300
Novidades já notificadas anteriormente. Sem envio...
Rodou em: 2026-02-02 21:40:04.728883
Novidades já notificadas anteriormente. Sem envio...
Rodou em: 2026-02-02 21:50:05.007947
Novidades já notificadas anteriormente. Sem envio...
Rodou em: 2026-02-02 22:00:05.771138
Novidades já notificadas anteriormente. Sem envio...
Rodou em: 2026-02-02 22:10:03.714768
Novidades já notificadas anteriormente. Sem envio...
Rodou em: 2026-02-02 22:20:04.535155
Novidades já notificadas anteriormente. Sem envio...
Rodou em: 2026-02-02 22:30:07.483139
Novidades já notificadas anteriormente. Sem envio...
Rodou em: 2026-02-02 22:40:04.456948
Novidades já notificadas anteriormente. Sem envio...
Rodou em: 2026-02-03 04:20:10.039479
Novidades já notificadas anteriormente. Sem envio...
Rodou em: 2026-02-03 06:00:05.851366
Novidades já notificadas anteriormente. Sem envio...
Rodou em: 2026-02-03 07:40:10.529648
Novidades já notificadas anteriormente. Sem envio...
Rodou em: 2026-02-03 07:50:04.274705
Novidades já notificadas anteriormente. Sem envio...
Rodou em: 2026-02-03 08:00:04.255343
Novidades já notificadas anteriormente. Sem envio...
Rodou em: 2026-02-03 08:10:03.992127
Novidades já notificadas anteriormente. Sem envio...
Rodou em: 2026-02-03 08:20:05.099830
Novidades já notificadas anteriormente. Sem envio...
Rodou em: 2026-02-03 08:30:04.506630
Novidades já notificadas anteriormente. Sem envio...
Rodou em: 2026-02-03 08:40:05.238046
Novidades já notificadas anteriormente. Sem envio...
Rodou em: 2026-02-03 08:50:04.144562
Novidades já notificadas anteriormente. Sem envio...
Rodou em: 2026-02-03 09:00:06.723341
Novidades já notificadas anteriormente. Sem envio...
Rodou em: 2026-02-03 09:10:04.189623
Novidades já notificadas anteriormente. Sem envio...
Rodou em: 2026-02-03 09:20:06.721365
Novidades já notificadas anteriormente. Sem envio...
Rodou em: 2026-02-03 09:30:06.053009
Novidades já notificadas anteriormente. Sem envio...
Rodou em: 2026-02-03 09:40:04.421174
Novidades já notificadas anteriormente. Sem envio...
Rodou em: 2026-02-03 09:50:08.753845
Novidades já notificadas anteriormente. Sem envio...
Rodou em: 2026-02-03 10:00:06.135563
Novidades já notificadas anteriormente. Sem envio...
Rodou em: 2026-02-03 10:10:03.735918
Novidades já notificadas anteriormente. Sem envio...
Rodou em: 2026-02-03 10:20:04.465268
Novidades já notificadas anteriormente. Sem envio...
Rodou em: 2026-02-03 10:30:05.280006
Novidades já notificadas anteriormente. Sem envio...
Rodou em: 2026-02-03 10:40:03.992599
Novidades já notificadas anteriormente. Sem envio...
Rodou em: 2026-02-03 10:50:03.625737
Novidades já notificadas anteriormente. Sem envio...
Rodou em: 2026-02-03 11:00:11.054007
Novidades já notificadas anteriormente. Sem envio...
Rodou em: 2026-02-03 11:10:05.436978
Novidades já notificadas anteriormente. Sem envio...
Rodou em: 2026-02-03 11:20:03.671542
Novidades já notificadas anteriormente. Sem envio...
Rodou em: 2026-02-03 11:30:04.219939
Novidades já notificadas anteriormente. Sem envio...
Rodou em: 2026-02-03 11:40:04.872034
Novidades já notificadas anteriormente. Sem envio...
Rodou em: 2026-02-03 11:50:05.329611
Email enviado com sucesso!
Rodou em: 2026-02-03 12:00:07.013235
Novidades já notificadas anteriormente. Sem envio...
Rodou em: 2026-02-03 12:10:06.275985
Novidades já notificadas anteriormente. Sem envio...
Rodou em: 2026-02-03 12:20:04.140113
Novidades já notificadas anteriormente. Sem envio...
Rodou em: 2026-02-03 12:30:05.465439
Novidades já notificadas anteriormente. Sem envio...
Rodou em: 2026-02-03 12:40:04.145889
Novidades já notificadas anteriormente. Sem envio...
Rodou em: 2026-02-03 12:50:04.577419
Novidades já notificadas anteriormente. Sem envio...
Rodou em: 2026-02-03 13:00:06.495400
Novidades já notificadas anteriormente. Sem envio...
Rodou em: 2026-02-03 13:10:04.290674
Novidades já notificadas anteriormente. Sem envio...
Rodou em: 2026-02-03 13:20:04.497332
Novidades já notificadas anteriormente. Sem envio...
Rodou em: 2026-02-03 13:30:05.836735
Novidades já notificadas anteriormente. Sem envio...
Rodou em: 2026-02-03 13:40:04.221483
Novidades já notificadas anteriormente. Sem envio...
Rodou em: 2026-02-03 13:50:05.209704
Novidades já notificadas anteriormente. Sem envio...
Rodou em: 2026-02-03 14:00:04.074288
Novidades já notificadas anteriormente. Sem envio...
Rodou em: 2026-02-03 14:10:04.185835
Novidades já notificadas anteriormente. Sem envio...
Rodou em: 2026-02-03 14:20:04.857049
Novidades já notificadas anteriormente. Sem envio...
Rodou em: 2026-02-03 14:30:06.663089
Novidades já notificadas anteriormente. Sem envio...
Rodou em: 2026-02-03 14:40:05.148408
Novidades já notificadas anteriormente. Sem envio...
Rodou em: 2026-02-03 14:50:05.322314
Novidades já notificadas anteriormente. Sem envio...
Rodou em: 2026-02-03 15:00:04.325293
Novidades já notificadas anteriormente. Sem envio...
Rodou em: 2026-02-03 15:10:05.021535
Novidades já notificadas anteriormente. Sem envio...
Rodou em: 2026-02-03 15:20:04.717970
Novidades já notificadas anteriormente. Sem envio...
Rodou em: 2026-02-03 15:30:15.815273
Novidades já notificadas anteriormente. Sem envio...
Rodou em: 2026-02-03 15:40:04.126515
Novidades já notificadas anteriormente. Sem envio...
Rodou em: 2026-02-03 15:50:03.903643
Novidades já notificadas anteriormente. Sem envio...
Rodou em: 2026-02-03 16:00:05.121348
Novidades já notificadas anteriormente. Sem envio...
Rodou em: 2026-02-03 16:10:04.508669
Novidades já notificadas anteriormente. Sem envio...
Rodou em: 2026-02-03 16:20:21.406518
Novidades já notificadas anteriormente. Sem envio...
Rodou em: 2026-02-03 16:30:05.041057
Novidades já notificadas anteriormente. Sem envio...
Rodou em: 2026-02-03 16:40:04.928471
Novidades já notificadas anteriormente. Sem envio...
Rodou em: 2026-02-03 16:50:06.477034
Novidades já notificadas anteriormente. Sem envio...
Rodou em: 2026-02-03 17:00:04.222987
Novidades já notificadas anteriormente. Sem envio...
Rodou em: 2026-02-03 17:10:03.825778
Novidades já notificadas anteriormente. Sem envio...
Rodou em: 2026-02-03 17:20:04.269816
Novidades já notificadas anteriormente. Sem envio...
Rodou em: 2026-02-03 17:30:04.057695
Novidades já notificadas anteriormente. Sem envio...
Rodou em: 2026-02-03 17:40:03.633060
Novidades já notificadas anteriormente. Sem envio...
Rodou em: 2026-02-03 17:50:10.138430
Novidades já notificadas anteriormente. Sem envio...
Rodou em: 2026-02-03 18:00:05.820197
Novidades já notificadas anteriormente. Sem envio...
Rodou em: 2026-02-03 18:10:03.372056
Novidades já notificadas anteriormente. Sem envio...
Rodou em: 2026-02-03 18:20:03.904779
Novidades já notificadas anteriormente. Sem envio...
Rodou em: 2026-02-03 18:30:05.187949
Novidades já notificadas anteriormente. Sem envio...
Rodou em: 2026-02-03 18:40:03.808138
Novidades já notificadas anteriormente. Sem envio...
Rodou em: 2026-02-03 18:50:04.750641
Novidades já notificadas anteriormente. Sem envio...
Rodou em: 2026-02-03 19:00:06.066269
Novidades já notificadas anteriormente. Sem envio...
Rodou em: 2026-02-03 19:10:04.640979
Novidades já notificadas anteriormente. Sem envio...
Rodou em: 2026-02-03 19:20:05.292376
Novidades já notificadas anteriormente. Sem envio...
Rodou em: 2026-02-03 19:30:06.666312
Novidades já notificadas anteriormente. Sem envio...
Rodou em: 2026-02-03 19:40:04.219488
Novidades já notificadas anteriormente. Sem envio...
Rodou em: 2026-02-03 19:50:03.814180
Novidades já notificadas anteriormente. Sem envio...
Rodou em: 2026-02-03 20:00:06.043322
Novidades já notificadas anteriormente. Sem envio...
Rodou em: 2026-02-03 20:10:03.635256
Novidades já notificadas anteriormente. Sem envio...
Rodou em: 2026-02-03 21:10:07.256054
Novidades já notificadas anteriormente. Sem envio...
Rodou em: 2026-02-04 04:20:05.155467
Novidades já notificadas anteriormente. Sem envio...
Rodou em: 2026-02-04 05:40:06.239984
Novidades já notificadas anteriormente. Sem envio...
Rodou em: 2026-02-04 05:50:04.735783
Novidades já notificadas anteriormente. Sem envio...
Rodou em: 2026-02-04 06:00:04.852488
Novidades já notificadas anteriormente. Sem envio...
Rodou em: 2026-02-04 06:10:03.557647
Novidades já notificadas anteriormente. Sem envio...
Rodou em: 2026-02-04 06:20:04.290272
Novidades já notificadas anteriormente. Sem envio...
Rodou em: 2026-02-04 06:30:06.776158
Novidades já notificadas anteriormente. Sem envio...
Rodou em: 2026-02-04 07:10:05.401911
Novidades já notificadas anteriormente. Sem envio...
Rodou em: 2026-02-04 07:20:03.790742
Novidades já notificadas anteriormente. Sem envio...
Rodou em: 2026-02-04 07:30:03.723858
Novidades já notificadas anteriormente. Sem envio...
Rodou em: 2026-02-04 07:40:04.376012
Novidades já notificadas anteriormente. Sem envio...
Rodou em: 2026-02-04 07:50:05.898947
Novidades já notificadas anteriormente. Sem envio...
Rodou em: 2026-02-04 08:00:06.373000
Novidades já notificadas anteriormente. Sem envio...
Rodou em: 2026-02-04 08:10:04.602326
Novidades já notificadas anteriormente. Sem envio...
Rodou em: 2026-02-04 08:20:04.394766
Novidades já notificadas anteriormente. Sem envio...
Rodou em: 2026-02-04 08:30:05.592302
Novidades já notificadas anteriormente. Sem envio...
Rodou em: 2026-02-04 08:40:05.082089
Novidades já notificadas anteriormente. Sem envio...
Rodou em: 2026-02-04 08:50:04.175938
Novidades já notificadas anteriormente. Sem envio...
Rodou em: 2026-02-04 09:00:06.419322
Novidades já notificadas anteriormente. Sem envio...
Rodou em: 2026-02-04 09:10:04.826583
Novidades já notificadas anteriormente. Sem envio...
Rodou em: 2026-02-04 09:20:05.257635
Novidades já notificadas anteriormente. Sem envio...
Rodou em: 2026-02-04 09:30:05.886187
Novidades já notificadas anteriormente. Sem envio...
Rodou em: 2026-02-04 09:40:04.480658
Novidades já notificadas anteriormente. Sem envio...
Rodou em: 2026-02-04 09:50:04.421751
Novidades já notificadas anteriormente. Sem envio...
Rodou em: 2026-02-04 10:00:05.056699
Novidades já notificadas anteriormente. Sem envio...
Rodou em: 2026-02-04 10:10:41.167452
Novidades já notificadas anteriormente. Sem envio...
Rodou em: 2026-02-04 10:20:03.699857
Novidades já notificadas anteriormente. Sem envio...
Rodou em: 2026-02-04 10:31:06.640187
Novidades já notificadas anteriormente. Sem envio...
Rodou em: 2026-02-04 10:40:03.769149
Novidades já notificadas anteriormente. Sem envio...
Rodou em: 2026-02-04 10:50:04.440855
Novidades já notificadas anteriormente. Sem envio...
Rodou em: 2026-02-04 11:00:04.910890
Novidades já notificadas anteriormente. Sem envio...
Rodou em: 2026-02-04 11:10:04.339260
Novidades já notificadas anteriormente. Sem envio...
Rodou em: 2026-02-04 11:20:05.298830
Novidades já notificadas anteriormente. Sem envio...
Rodou em: 2026-02-04 11:30:05.582384
Novidades já notificadas anteriormente. Sem envio...
Rodou em: 2026-02-04 11:40:04.247777
Novidades já notificadas anteriormente. Sem envio...
Rodou em: 2026-02-04 11:50:04.593145
Novidades já notificadas anteriormente. Sem envio...
Rodou em: 2026-02-04 12:00:04.545276
Novidades já notificadas anteriormente. Sem envio...
Rodou em: 2026-02-04 12:10:05.011810
Novidades já notificadas anteriormente. Sem envio...
Rodou em: 2026-02-04 12:20:05.182752
Novidades já notificadas anteriormente. Sem envio...
Rodou em: 2026-02-04 12:30:04.568962
Novidades já notificadas anteriormente. Sem envio...
Rodou em: 2026-02-04 12:40:05.403620
Novidades já notificadas anteriormente. Sem envio...
Rodou em: 2026-02-04 12:50:04.073196
Novidades já notificadas anteriormente. Sem envio...
Rodou em: 2026-02-04 13:00:05.964810
Novidades já notificadas anteriormente. Sem envio...
Rodou em: 2026-02-04 13:10:04.315454
Novidades já notificadas anteriormente. Sem envio...
Rodou em: 2026-02-04 13:20:04.183137
Novidades já notificadas anteriormente. Sem envio...
Rodou em: 2026-02-04 13:30:05.326852
Novidades já notificadas anteriormente. Sem envio...
Rodou em: 2026-02-04 13:40:03.667497
Novidades já notificadas anteriormente. Sem envio...
Rodou em: 2026-02-04 13:50:03.706668
Novidades já notificadas anteriormente. Sem envio...
Rodou em: 2026-02-04 14:00:04.337337
Novidades já notificadas anteriormente. Sem envio...
Rodou em: 2026-02-04 14:10:03.771535
Novidades já notificadas anteriormente. Sem envio...
Erro ao acessar o site: HTTPSConnectionPool(host='sitepd.org.br', port=443): Max retries exceeded with url: / (Caused by NameResolutionError("<urllib3.connection.HTTPSConnection object at 0x10aaa6510>: Failed to resolve 'sitepd.org.br' ([Errno 8] nodename nor servname provided, or not known)"))
Rodou em: 2026-02-04 14:30:04.078363
Novidades já notificadas anteriormente. Sem envio...
Rodou em: 2026-02-04 14:40:05.625219
Novidades já notificadas anteriormente. Sem envio...
Rodou em: 2026-02-04 14:50:03.578479
Novidades já notificadas anteriormente. Sem envio...
Rodou em: 2026-02-04 15:00:05.457967
Novidades já notificadas anteriormente. Sem envio...
Rodou em: 2026-02-04 15:10:03.854067
Novidades já notificadas anteriormente. Sem envio...
Rodou em: 2026-02-04 15:20:04.428636
Novidades já notificadas anteriormente. Sem envio...
Rodou em: 2026-02-04 15:30:06.795894
Novidades já notificadas anteriormente. Sem envio...
Rodou em: 2026-02-04 15:40:04.380536
Novidades já notificadas anteriormente. Sem envio...
Rodou em: 2026-02-04 15:50:04.939694
Novidades já notificadas anteriormente. Sem envio...
Rodou em: 2026-02-04 16:00:04.391698
Novidades já notificadas anteriormente. Sem envio...
Rodou em: 2026-02-04 16:10:05.305202
Novidades já notificadas anteriormente. Sem envio...
Rodou em: 2026-02-04 16:20:05.568214
Novidades já notificadas anteriormente. Sem envio...
Rodou em: 2026-02-04 16:30:04.045081
Novidades já notificadas anteriormente. Sem envio...
Rodou em: 2026-02-04 16:40:03.605538
Novidades já notificadas anteriormente. Sem envio...
Rodou em: 2026-02-04 16:50:04.621100
Novidades já notificadas anteriormente. Sem envio...
Rodou em: 2026-02-04 17:00:06.571982
Novidades já notificadas anteriormente. Sem envio...
Rodou em: 2026-02-04 17:10:06.669712
Novidades já notificadas anteriormente. Sem envio...
Rodou em: 2026-02-04 17:20:04.220061
Novidades já notificadas anteriormente. Sem envio...
Rodou em: 2026-02-04 17:30:03.813646
Novidades já notificadas anteriormente. Sem envio...
Rodou em: 2026-02-04 17:40:04.836438
Novidades já notificadas anteriormente. Sem envio...
Rodou em: 2026-02-04 19:42:50.874278
Novidades já notificadas anteriormente. Sem envio...
Rodou em: 2026-02-04 21:10:05.621403
Novidades já notificadas anteriormente. Sem envio...
Rodou em: 2026-02-04 22:21:18.796723
Novidades já notificadas anteriormente. Sem envio...
Rodou em: 2026-02-04 22:30:22.361014
Novidades já notificadas anteriormente. Sem envio...
Rodou em: 2026-02-04 23:20:05.061074
Novidades já notificadas anteriormente. Sem envio...
Rodou em: 2026-02-05 04:30:06.067362
Novidades já notificadas anteriormente. Sem envio...
Rodou em: 2026-02-05 04:40:03.944521
Novidades já notificadas anteriormente. Sem envio...
Rodou em: 2026-02-05 04:50:03.708519
Novidades já notificadas anteriormente. Sem envio...
Rodou em: 2026-02-05 05:00:03.623703
Novidades já notificadas anteriormente. Sem envio...
Rodou em: 2026-02-05 05:10:04.360240
Novidades já notificadas anteriormente. Sem envio...
Rodou em: 2026-02-05 05:20:06.424049
Novidades já notificadas anteriormente. Sem envio...
Rodou em: 2026-02-05 05:30:05.063346
Novidades já notificadas anteriormente. Sem envio...
Rodou em: 2026-02-05 05:40:04.334547
Novidades já notificadas anteriormente. Sem envio...
Rodou em: 2026-02-05 05:50:06.315704
Novidades já notificadas anteriormente. Sem envio...
Rodou em: 2026-02-05 06:00:05.046266
Novidades já notificadas anteriormente. Sem envio...
Rodou em: 2026-02-05 06:10:04.259257
Novidades já notificadas anteriormente. Sem envio...
Rodou em: 2026-02-05 07:14:42.622893
Novidades já notificadas anteriormente. Sem envio...
Rodou em: 2026-02-05 07:20:05.003333
Novidades já notificadas anteriormente. Sem envio...
Erro ao acessar o site: HTTPSConnectionPool(host='sitepd.org.br', port=443): Read timed out. (read timeout=10)
Rodou em: 2026-02-05 07:40:08.794763
Novidades já notificadas anteriormente. Sem envio...
Rodou em: 2026-02-05 07:50:16.258392
Novidades já notificadas anteriormente. Sem envio...
Rodou em: 2026-02-05 08:00:06.703956
Novidades já notificadas anteriormente. Sem envio...
Rodou em: 2026-02-05 08:10:04.798769
Novidades já notificadas anteriormente. Sem envio...
Rodou em: 2026-02-05 08:20:11.556155
Novidades já notificadas anteriormente. Sem envio...
Rodou em: 2026-02-05 08:30:06.926217
Novidades já notificadas anteriormente. Sem envio...
Rodou em: 2026-02-05 08:40:05.497098
Novidades já notificadas anteriormente. Sem envio...
Rodou em: 2026-02-05 08:50:05.501352
Novidades já notificadas anteriormente. Sem envio...
Rodou em: 2026-02-05 09:00:06.318273
Novidades já notificadas anteriormente. Sem envio...
Rodou em: 2026-02-05 09:10:03.957618
Novidades já notificadas anteriormente. Sem envio...
Rodou em: 2026-02-05 09:20:05.511088
Novidades já notificadas anteriormente. Sem envio...
Rodou em: 2026-02-05 09:30:05.783368
Novidades já notificadas anteriormente. Sem envio...
Rodou em: 2026-02-05 09:40:04.643460
Novidades já notificadas anteriormente. Sem envio...
Rodou em: 2026-02-05 09:50:05.520374
Novidades já notificadas anteriormente. Sem envio...
Rodou em: 2026-02-05 10:00:04.687792
Novidades já notificadas anteriormente. Sem envio...
Rodou em: 2026-02-05 10:10:04.088209
Novidades já notificadas anteriormente. Sem envio...
Rodou em: 2026-02-05 10:20:09.143991
Novidades já notificadas anteriormente. Sem envio...
Rodou em: 2026-02-05 10:30:04.449050
Novidades já notificadas anteriormente. Sem envio...
Rodou em: 2026-02-05 10:40:04.187465
Novidades já notificadas anteriormente. Sem envio...
Rodou em: 2026-02-05 10:50:04.198227
Novidades já notificadas anteriormente. Sem envio...
Rodou em: 2026-02-05 11:00:04.416821
Novidades já notificadas anteriormente. Sem envio...
Rodou em: 2026-02-05 11:10:03.733109
Novidades já notificadas anteriormente. Sem envio...
Rodou em: 2026-02-05 11:20:06.147099
Novidades já notificadas anteriormente. Sem envio...
Rodou em: 2026-02-05 11:30:04.964277
Novidades já notificadas anteriormente. Sem envio...
Rodou em: 2026-02-05 11:40:03.723017
Novidades já notificadas anteriormente. Sem envio...
Rodou em: 2026-02-05 11:50:05.435374
Novidades já notificadas anteriormente. Sem envio...
Rodou em: 2026-02-05 12:00:06.003258
Novidades já notificadas anteriormente. Sem envio...
Rodou em: 2026-02-05 12:10:04.152722
Novidades já notificadas anteriormente. Sem envio...
Rodou em: 2026-02-05 12:20:04.590701
Novidades já notificadas anteriormente. Sem envio...
Rodou em: 2026-02-05 12:30:05.253130
Novidades já notificadas anteriormente. Sem envio...
Rodou em: 2026-02-05 12:40:03.866562
Novidades já notificadas anteriormente. Sem envio...
Rodou em: 2026-02-05 12:50:03.709980
Novidades já notificadas anteriormente. Sem envio...
Rodou em: 2026-02-05 13:00:06.175798
Novidades já notificadas anteriormente. Sem envio...
Rodou em: 2026-02-05 13:10:05.161193
Novidades já notificadas anteriormente. Sem envio...
Rodou em: 2026-02-05 13:20:03.795755
Novidades já notificadas anteriormente. Sem envio...
Rodou em: 2026-02-05 13:30:03.772213
Novidades já notificadas anteriormente. Sem envio...
Rodou em: 2026-02-05 13:40:05.242795
Novidades já notificadas anteriormente. Sem envio...
Rodou em: 2026-02-05 13:50:03.995547
Novidades já notificadas anteriormente. Sem envio...
Rodou em: 2026-02-05 14:00:06.468693
Novidades já notificadas anteriormente. Sem envio...
Rodou em: 2026-02-05 14:10:04.108155
Novidades já notificadas anteriormente. Sem envio...
Rodou em: 2026-02-05 14:20:05.101517
Novidades já notificadas anteriormente. Sem envio...
Rodou em: 2026-02-05 14:30:04.590762
Novidades já notificadas anteriormente. Sem envio...
Rodou em: 2026-02-05 14:40:04.154887
Novidades já notificadas anteriormente. Sem envio...
Rodou em: 2026-02-05 14:50:04.353675
Novidades já notificadas anteriormente. Sem envio...
Rodou em: 2026-02-05 15:00:04.166707
Novidades já notificadas anteriormente. Sem envio...
Rodou em: 2026-02-05 15:10:05.561057
Email enviado com sucesso!
Rodou em: 2026-02-05 15:20:04.506724
Novidades já notificadas anteriormente. Sem envio...
Rodou em: 2026-02-05 15:30:04.482277
Novidades já notificadas anteriormente. Sem envio...
Rodou em: 2026-02-05 15:40:03.969825
Novidades já notificadas anteriormente. Sem envio...
Rodou em: 2026-02-05 15:50:04.308767
Novidades já notificadas anteriormente. Sem envio...
Rodou em: 2026-02-05 16:00:05.523846
Novidades já notificadas anteriormente. Sem envio...
Rodou em: 2026-02-05 16:10:05.321956
Novidades já notificadas anteriormente. Sem envio...
Rodou em: 2026-02-05 16:20:03.972311
Novidades já notificadas anteriormente. Sem envio...
Rodou em: 2026-02-05 16:30:07.068195
Novidades já notificadas anteriormente. Sem envio...
Rodou em: 2026-02-05 16:40:03.865212
Email enviado com sucesso!
Rodou em: 2026-02-05 16:50:04.199424
Novidades já notificadas anteriormente. Sem envio...
Erro ao acessar o site: HTTPSConnectionPool(host='sitepd.org.br', port=443): Read timed out. (read timeout=10)
Rodou em: 2026-02-05 17:10:04.353079
Novidades já notificadas anteriormente. Sem envio...
Rodou em: 2026-02-05 17:20:05.104710
Novidades já notificadas anteriormente. Sem envio...
Rodou em: 2026-02-05 17:30:03.617893
Novidades já notificadas anteriormente. Sem envio...
Rodou em: 2026-02-05 17:40:05.256113
Novidades já notificadas anteriormente. Sem envio...
Rodou em: 2026-02-05 17:50:04.383122
Novidades já notificadas anteriormente. Sem envio...
Rodou em: 2026-02-05 18:00:06.208030
Novidades já notificadas anteriormente. Sem envio...
Rodou em: 2026-02-05 18:10:04.368490
Novidades já notificadas anteriormente. Sem envio...
Rodou em: 2026-02-05 18:20:04.018664
Novidades já notificadas anteriormente. Sem envio...
Rodou em: 2026-02-05 18:30:04.378356
Novidades já notificadas anteriormente. Sem envio...
Rodou em: 2026-02-05 18:40:04.216051
Novidades já notificadas anteriormente. Sem envio...
Rodou em: 2026-02-05 18:50:04.001189
Novidades já notificadas anteriormente. Sem envio...
Rodou em: 2026-02-05 19:00:07.066367
Novidades já notificadas anteriormente. Sem envio...
Rodou em: 2026-02-05 19:10:03.971635
Novidades já notificadas anteriormente. Sem envio...
Rodou em: 2026-02-05 19:20:04.078039
Novidades já notificadas anteriormente. Sem envio...
Rodou em: 2026-02-05 19:30:03.889981
Novidades já notificadas anteriormente. Sem envio...
Rodou em: 2026-02-05 19:40:07.438753
Novidades já notificadas anteriormente. Sem envio...
Rodou em: 2026-02-05 19:50:03.810888
Novidades já notificadas anteriormente. Sem envio...
Rodou em: 2026-02-05 20:00:07.275755
Novidades já notificadas anteriormente. Sem envio...
Rodou em: 2026-02-05 20:10:03.939700
Novidades já notificadas anteriormente. Sem envio...
Rodou em: 2026-02-05 20:20:03.516161
Novidades já notificadas anteriormente. Sem envio...
Rodou em: 2026-02-05 21:20:07.771887
Novidades já notificadas anteriormente. Sem envio...
Rodou em: 2026-02-06 04:10:06.567062
Novidades já notificadas anteriormente. Sem envio...
Rodou em: 2026-02-06 04:20:05.161893
Novidades já notificadas anteriormente. Sem envio...
Rodou em: 2026-02-06 04:30:04.041891
Novidades já notificadas anteriormente. Sem envio...
Rodou em: 2026-02-06 04:40:03.979893
Novidades já notificadas anteriormente. Sem envio...
Rodou em: 2026-02-06 04:50:05.020699
Novidades já notificadas anteriormente. Sem envio...
Rodou em: 2026-02-06 05:00:07.084933
Novidades já notificadas anteriormente. Sem envio...
Rodou em: 2026-02-06 05:10:04.048032
Novidades já notificadas anteriormente. Sem envio...
Rodou em: 2026-02-06 05:20:04.084076
Novidades já notificadas anteriormente. Sem envio...
Rodou em: 2026-02-06 06:10:05.426595
Novidades já notificadas anteriormente. Sem envio...
Rodou em: 2026-02-06 07:30:08.968684
Novidades já notificadas anteriormente. Sem envio...
Rodou em: 2026-02-06 07:40:06.756529
Novidades já notificadas anteriormente. Sem envio...
Rodou em: 2026-02-06 07:50:05.944919
Novidades já notificadas anteriormente. Sem envio...
Rodou em: 2026-02-06 08:00:05.113924
Novidades já notificadas anteriormente. Sem envio...
Rodou em: 2026-02-06 08:10:06.669661
Novidades já notificadas anteriormente. Sem envio...
Rodou em: 2026-02-06 08:20:06.020227
Novidades já notificadas anteriormente. Sem envio...
Rodou em: 2026-02-06 08:30:04.097183
Novidades já notificadas anteriormente. Sem envio...
Rodou em: 2026-02-06 08:40:06.325929
Novidades já notificadas anteriormente. Sem envio...
Rodou em: 2026-02-06 08:50:05.714487
Novidades já notificadas anteriormente. Sem envio...
Rodou em: 2026-02-06 09:00:05.666057
Novidades já notificadas anteriormente. Sem envio...
Rodou em: 2026-02-06 09:10:04.526234
Novidades já notificadas anteriormente. Sem envio...
Rodou em: 2026-02-06 09:20:04.482874
Novidades já notificadas anteriormente. Sem envio...
Rodou em: 2026-02-06 09:30:05.626073
Novidades já notificadas anteriormente. Sem envio...
Rodou em: 2026-02-06 09:45:15.516357
Novidades já notificadas anteriormente. Sem envio...
Rodou em: 2026-02-06 09:50:12.365135
Novidades já notificadas anteriormente. Sem envio...
Rodou em: 2026-02-06 10:00:04.858726
Novidades já notificadas anteriormente. Sem envio...
Rodou em: 2026-02-06 10:10:04.252598
Novidades já notificadas anteriormente. Sem envio...
Rodou em: 2026-02-06 10:20:04.870523
Novidades já notificadas anteriormente. Sem envio...
Rodou em: 2026-02-06 10:30:05.817305
Novidades já notificadas anteriormente. Sem envio...
Rodou em: 2026-02-06 10:40:05.213957
Novidades já notificadas anteriormente. Sem envio...
Rodou em: 2026-02-06 10:50:04.401237
Novidades já notificadas anteriormente. Sem envio...
Rodou em: 2026-02-06 11:00:06.015382
Novidades já notificadas anteriormente. Sem envio...
Rodou em: 2026-02-06 11:10:04.263281
Novidades já notificadas anteriormente. Sem envio...
Rodou em: 2026-02-06 11:20:03.821806
Novidades já notificadas anteriormente. Sem envio...
Rodou em: 2026-02-06 11:30:03.986202
Novidades já notificadas anteriormente. Sem envio...
Rodou em: 2026-02-06 11:40:05.619749
Novidades já notificadas anteriormente. Sem envio...
Rodou em: 2026-02-06 11:50:03.872866
Novidades já notificadas anteriormente. Sem envio...
Rodou em: 2026-02-06 12:00:05.774670
Novidades já notificadas anteriormente. Sem envio...
Rodou em: 2026-02-06 12:10:04.039584
Novidades já notificadas anteriormente. Sem envio...
Rodou em: 2026-02-06 12:20:04.234878
Novidades já notificadas anteriormente. Sem envio...
Rodou em: 2026-02-06 12:30:04.046526
Novidades já notificadas anteriormente. Sem envio...
Rodou em: 2026-02-06 12:40:04.149272
Novidades já notificadas anteriormente. Sem envio...
Rodou em: 2026-02-06 12:50:04.556907
Novidades já notificadas anteriormente. Sem envio...
Rodou em: 2026-02-06 13:00:06.184507
Novidades já notificadas anteriormente. Sem envio...
Rodou em: 2026-02-06 13:10:04.654025
Novidades já notificadas anteriormente. Sem envio...
Rodou em: 2026-02-06 13:20:04.199152
Novidades já notificadas anteriormente. Sem envio...
Rodou em: 2026-02-06 13:30:04.101090
Novidades já notificadas anteriormente. Sem envio...
Rodou em: 2026-02-06 13:40:03.662817
Novidades já notificadas anteriormente. Sem envio...
Rodou em: 2026-02-06 13:50:05.367885
Novidades já notificadas anteriormente. Sem envio...
Rodou em: 2026-02-06 14:00:05.761330
Novidades já notificadas anteriormente. Sem envio...
Rodou em: 2026-02-06 14:10:05.552832
Novidades já notificadas anteriormente. Sem envio...
Rodou em: 2026-02-06 14:20:03.946625
Novidades já notificadas anteriormente. Sem envio...
Rodou em: 2026-02-06 14:30:03.941320
Novidades já notificadas anteriormente. Sem envio...
Rodou em: 2026-02-06 14:40:04.617200
Novidades já notificadas anteriormente. Sem envio...
Rodou em: 2026-02-06 14:50:05.831323
Novidades já notificadas anteriormente. Sem envio...
Rodou em: 2026-02-06 15:00:06.646973
Novidades já notificadas anteriormente. Sem envio...
Rodou em: 2026-02-06 15:10:04.885713
Novidades já notificadas anteriormente. Sem envio...
Rodou em: 2026-02-06 15:20:04.851137
Novidades já notificadas anteriormente. Sem envio...
Rodou em: 2026-02-06 15:30:05.136311
Novidades já notificadas anteriormente. Sem envio...
Rodou em: 2026-02-06 15:40:10.944876
Novidades já notificadas anteriormente. Sem envio...
Rodou em: 2026-02-06 15:50:05.584086
Novidades já notificadas anteriormente. Sem envio...
Rodou em: 2026-02-06 16:00:06.982919
Novidades já notificadas anteriormente. Sem envio...
Rodou em: 2026-02-06 16:10:04.712848
Novidades já notificadas anteriormente. Sem envio...
Rodou em: 2026-02-06 16:20:04.684021
Novidades já notificadas anteriormente. Sem envio...
Rodou em: 2026-02-06 16:30:05.671447
Novidades já notificadas anteriormente. Sem envio...
Rodou em: 2026-02-06 16:40:04.168031
Novidades já notificadas anteriormente. Sem envio...
Rodou em: 2026-02-06 16:50:04.626203
Novidades já notificadas anteriormente. Sem envio...
Rodou em: 2026-02-06 17:00:04.341098
Novidades já notificadas anteriormente. Sem envio...
Rodou em: 2026-02-06 17:10:04.024003
Email enviado com sucesso!
Rodou em: 2026-02-06 17:20:06.213704
Novidades já notificadas anteriormente. Sem envio...
Rodou em: 2026-02-06 17:30:05.490355
Novidades já notificadas anteriormente. Sem envio...
Rodou em: 2026-02-06 17:40:06.132246
Novidades já notificadas anteriormente. Sem envio...
Rodou em: 2026-02-06 17:50:04.113153
Novidades já notificadas anteriormente. Sem envio...
Rodou em: 2026-02-06 18:00:03.791061
Novidades já notificadas anteriormente. Sem envio...
Rodou em: 2026-02-06 18:10:06.437226
Novidades já notificadas anteriormente. Sem envio...
Rodou em: 2026-02-06 18:20:03.980096
Novidades já notificadas anteriormente. Sem envio...
Rodou em: 2026-02-06 18:30:03.805791
Novidades já notificadas anteriormente. Sem envio...
Rodou em: 2026-02-06 18:40:03.556126
Novidades já notificadas anteriormente. Sem envio...
Rodou em: 2026-02-06 18:50:06.154771
Novidades já notificadas anteriormente. Sem envio...
Rodou em: 2026-02-06 19:00:04.414438
Novidades já notificadas anteriormente. Sem envio...
Rodou em: 2026-02-06 19:10:04.132673
Novidades já notificadas anteriormente. Sem envio...
Rodou em: 2026-02-06 19:20:05.639327
Novidades já notificadas anteriormente. Sem envio...
Rodou em: 2026-02-06 19:30:04.316238
Novidades já notificadas anteriormente. Sem envio...
Rodou em: 2026-02-06 19:40:04.152356
Novidades já notificadas anteriormente. Sem envio...
Rodou em: 2026-02-06 19:50:05.940664
Novidades já notificadas anteriormente. Sem envio...
Rodou em: 2026-02-06 20:00:06.088357
Novidades já notificadas anteriormente. Sem envio...
Rodou em: 2026-02-06 20:10:05.263473
Novidades já notificadas anteriormente. Sem envio...
Rodou em: 2026-02-06 20:20:03.903717
Novidades já notificadas anteriormente. Sem envio...
Rodou em: 2026-02-06 20:30:03.680980
Novidades já notificadas anteriormente. Sem envio...
Rodou em: 2026-02-06 20:40:05.945989
Novidades já notificadas anteriormente. Sem envio...
Rodou em: 2026-02-06 20:50:03.773274
Novidades já notificadas anteriormente. Sem envio...
Rodou em: 2026-02-06 21:00:03.431995
Novidades já notificadas anteriormente. Sem envio...
Rodou em: 2026-02-06 21:10:04.154473
Novidades já notificadas anteriormente. Sem envio...
Rodou em: 2026-02-06 21:20:04.841343
Novidades já notificadas anteriormente. Sem envio...
Rodou em: 2026-02-06 21:30:03.877923
Novidades já notificadas anteriormente. Sem envio...
Rodou em: 2026-02-06 21:40:03.787701
Novidades já notificadas anteriormente. Sem envio...
Rodou em: 2026-02-06 21:50:05.297729
Novidades já notificadas anteriormente. Sem envio...
Rodou em: 2026-02-06 22:00:04.960176
Novidades já notificadas anteriormente. Sem envio...
Rodou em: 2026-02-06 22:10:04.198524
Novidades já notificadas anteriormente. Sem envio...
Rodou em: 2026-02-06 22:20:07.271396
Novidades já notificadas anteriormente. Sem envio...
Rodou em: 2026-02-06 22:30:03.989032
Novidades já notificadas anteriormente. Sem envio...
Rodou em: 2026-02-06 22:40:03.738855
Novidades já notificadas anteriormente. Sem envio...
Rodou em: 2026-02-07 04:00:08.468889
Novidades já notificadas anteriormente. Sem envio...
Rodou em: 2026-02-07 04:41:49.128809
Novidades já notificadas anteriormente. Sem envio...
Rodou em: 2026-02-07 05:00:05.329084
Novidades já notificadas anteriormente. Sem envio...
Rodou em: 2026-02-07 05:10:04.139572
Novidades já notificadas anteriormente. Sem envio...
Rodou em: 2026-02-07 05:20:03.846247
Novidades já notificadas anteriormente. Sem envio...
Rodou em: 2026-02-07 05:30:03.637573
Novidades já notificadas anteriormente. Sem envio...
Rodou em: 2026-02-07 05:40:04.319005
Novidades já notificadas anteriormente. Sem envio...
Rodou em: 2026-02-07 05:50:03.993996
Novidades já notificadas anteriormente. Sem envio...
Rodou em: 2026-02-07 06:42:55.742462
Novidades já notificadas anteriormente. Sem envio...
Erro ao acessar o site: HTTPSConnectionPool(host='sitepd.org.br', port=443): Read timed out. (read timeout=10)
Rodou em: 2026-02-07 07:40:07.595171
Novidades já notificadas anteriormente. Sem envio...
Rodou em: 2026-02-07 12:10:08.868363
Novidades já notificadas anteriormente. Sem envio...
Rodou em: 2026-02-07 12:20:03.848862
Novidades já notificadas anteriormente. Sem envio...
Rodou em: 2026-02-07 12:30:04.854787
Novidades já notificadas anteriormente. Sem envio...
Rodou em: 2026-02-07 12:40:05.279216
Novidades já notificadas anteriormente. Sem envio...
Rodou em: 2026-02-07 12:50:04.967507
Novidades já notificadas anteriormente. Sem envio...
Rodou em: 2026-02-07 13:00:04.622392
Novidades já notificadas anteriormente. Sem envio...
Rodou em: 2026-02-07 13:10:04.035070
Novidades já notificadas anteriormente. Sem envio...
Rodou em: 2026-02-07 13:20:03.702250
Novidades já notificadas anteriormente. Sem envio...
Rodou em: 2026-02-07 13:30:05.007411
Novidades já notificadas anteriormente. Sem envio...
Rodou em: 2026-02-07 13:40:03.735438
Novidades já notificadas anteriormente. Sem envio...
Rodou em: 2026-02-07 13:50:05.215707
Novidades já notificadas anteriormente. Sem envio...
Rodou em: 2026-02-07 14:00:04.137834
Novidades já notificadas anteriormente. Sem envio...
Rodou em: 2026-02-07 14:10:04.075754
Novidades já notificadas anteriormente. Sem envio...
Rodou em: 2026-02-07 14:21:02.136667
Novidades já notificadas anteriormente. Sem envio...
Rodou em: 2026-02-07 16:05:08.241548
Novidades já notificadas anteriormente. Sem envio...
Erro ao acessar o site: HTTPSConnectionPool(host='sitepd.org.br', port=443): Read timed out. (read timeout=10)
Rodou em: 2026-02-07 16:50:27.654868
Novidades já notificadas anteriormente. Sem envio...
Rodou em: 2026-02-07 17:00:14.506517
Novidades já notificadas anteriormente. Sem envio...
Rodou em: 2026-02-07 17:50:03.583254
Novidades já notificadas anteriormente. Sem envio...
Rodou em: 2026-02-07 21:00:09.065544
Novidades já notificadas anteriormente. Sem envio...
Rodou em: 2026-02-07 22:10:05.322919
Novidades já notificadas anteriormente. Sem envio...
Rodou em: 2026-02-07 22:33:53.968508
Novidades já notificadas anteriormente. Sem envio...
Rodou em: 2026-02-07 22:40:05.964594
Novidades já notificadas anteriormente. Sem envio...
Erro ao acessar o site: HTTPSConnectionPool(host='sitepd.org.br', port=443): Read timed out. (read timeout=10)
Erro ao acessar o site: ("Connection broken: ConnectionResetError(54, 'Connection reset by peer')", ConnectionResetError(54, 'Connection reset by peer'))
Rodou em: 2026-02-08 01:43:14.469441
Novidades já notificadas anteriormente. Sem envio...
Rodou em: 2026-02-08 04:40:05.764606
Novidades já notificadas anteriormente. Sem envio...
Rodou em: 2026-02-08 04:50:04.523761
Novidades já notificadas anteriormente. Sem envio...
Rodou em: 2026-02-08 05:00:05.201728
Novidades já notificadas anteriormente. Sem envio...
Rodou em: 2026-02-08 05:10:04.923680
Novidades já notificadas anteriormente. Sem envio...
Rodou em: 2026-02-08 05:20:05.208748
Novidades já notificadas anteriormente. Sem envio...
Rodou em: 2026-02-08 05:30:04.832879
Novidades já notificadas anteriormente. Sem envio...
Rodou em: 2026-02-08 06:47:05.595503
Novidades já notificadas anteriormente. Sem envio...
Rodou em: 2026-02-08 08:01:04.549930
Novidades já notificadas anteriormente. Sem envio...
Rodou em: 2026-02-08 10:02:00.351204
Novidades já notificadas anteriormente. Sem envio...
Erro ao acessar o site: HTTPSConnectionPool(host='sitepd.org.br', port=443): Read timed out. (read timeout=10)
Rodou em: 2026-02-08 13:34:02.785834
Novidades já notificadas anteriormente. Sem envio...
Rodou em: 2026-02-08 14:00:04.560997
Novidades já notificadas anteriormente. Sem envio...
Rodou em: 2026-02-08 14:21:32.985424
Novidades já notificadas anteriormente. Sem envio...
Rodou em: 2026-02-08 14:30:36.346718
Novidades já notificadas anteriormente. Sem envio...
Rodou em: 2026-02-08 15:00:05.232936
Novidades já notificadas anteriormente. Sem envio...
Rodou em: 2026-02-08 17:50:07.187840
Novidades já notificadas anteriormente. Sem envio...
Rodou em: 2026-02-08 18:04:02.177127
Novidades já notificadas anteriormente. Sem envio...
Rodou em: 2026-02-08 18:15:03.283990
Novidades já notificadas anteriormente. Sem envio...
Rodou em: 2026-02-08 20:30:06.978918
Novidades já notificadas anteriormente. Sem envio...
Rodou em: 2026-02-08 20:40:05.699623
Novidades já notificadas anteriormente. Sem envio...
Rodou em: 2026-02-08 20:50:03.676231
Novidades já notificadas anteriormente. Sem envio...
Rodou em: 2026-02-08 21:00:04.972553
Novidades já notificadas anteriormente. Sem envio...
Rodou em: 2026-02-08 21:10:04.725578
Novidades já notificadas anteriormente. Sem envio...
Rodou em: 2026-02-08 21:20:03.560774
Novidades já notificadas anteriormente. Sem envio...
Rodou em: 2026-02-08 21:30:04.523946
Novidades já notificadas anteriormente. Sem envio...
Rodou em: 2026-02-08 21:40:04.175746
Novidades já notificadas anteriormente. Sem envio...
Rodou em: 2026-02-08 21:50:05.403879
Novidades já notificadas anteriormente. Sem envio...
Rodou em: 2026-02-08 22:00:07.864550
Novidades já notificadas anteriormente. Sem envio...
Rodou em: 2026-02-08 22:11:09.125047
Novidades já notificadas anteriormente. Sem envio...
Rodou em: 2026-02-08 22:59:20.606466
Novidades já notificadas anteriormente. Sem envio...
Rodou em: 2026-02-08 23:30:06.462165
Novidades já notificadas anteriormente. Sem envio...
Rodou em: 2026-02-09 04:30:06.343221
Novidades já notificadas anteriormente. Sem envio...
Rodou em: 2026-02-09 04:40:04.199182
Novidades já notificadas anteriormente. Sem envio...
Rodou em: 2026-02-09 04:50:03.936137
Novidades já notificadas anteriormente. Sem envio...
Rodou em: 2026-02-09 05:00:04.079426
Novidades já notificadas anteriormente. Sem envio...
Rodou em: 2026-02-09 05:10:05.443166
Novidades já notificadas anteriormente. Sem envio...
Rodou em: 2026-02-09 05:20:05.244627
Novidades já notificadas anteriormente. Sem envio...
Rodou em: 2026-02-09 06:05:00.331145
Novidades já notificadas anteriormente. Sem envio...
Rodou em: 2026-02-09 07:05:35.167740
Novidades já notificadas anteriormente. Sem envio...
Rodou em: 2026-02-09 07:40:15.342724
Novidades já notificadas anteriormente. Sem envio...
Rodou em: 2026-02-09 07:50:05.889248
Novidades já notificadas anteriormente. Sem envio...
Rodou em: 2026-02-09 08:00:04.313936
Novidades já notificadas anteriormente. Sem envio...
Rodou em: 2026-02-09 08:10:05.516293
Novidades já notificadas anteriormente. Sem envio...
Rodou em: 2026-02-09 08:20:03.920886
Novidades já notificadas anteriormente. Sem envio...
Rodou em: 2026-02-09 08:30:05.246204
Novidades já notificadas anteriormente. Sem envio...
Rodou em: 2026-02-09 08:40:05.314477
Novidades já notificadas anteriormente. Sem envio...
Rodou em: 2026-02-09 08:50:04.637190
Novidades já notificadas anteriormente. Sem envio...
Rodou em: 2026-02-09 09:00:04.174110
Novidades já notificadas anteriormente. Sem envio...
Rodou em: 2026-02-09 09:10:09.820592
Novidades já notificadas anteriormente. Sem envio...
Rodou em: 2026-02-09 09:20:04.351291
Novidades já notificadas anteriormente. Sem envio...
Rodou em: 2026-02-09 09:30:07.046281
Novidades já notificadas anteriormente. Sem envio...
Rodou em: 2026-02-09 09:40:04.400433
Novidades já notificadas anteriormente. Sem envio...
Rodou em: 2026-02-09 09:50:04.007617
Novidades já notificadas anteriormente. Sem envio...
Rodou em: 2026-02-09 10:00:10.377419
Novidades já notificadas anteriormente. Sem envio...
Rodou em: 2026-02-09 10:10:04.830021
Novidades já notificadas anteriormente. Sem envio...
Rodou em: 2026-02-09 10:20:04.055560
Novidades já notificadas anteriormente. Sem envio...
Rodou em: 2026-02-09 10:30:04.581587
Novidades já notificadas anteriormente. Sem envio...
Rodou em: 2026-02-09 10:40:06.301189
Novidades já notificadas anteriormente. Sem envio...
Rodou em: 2026-02-09 10:50:05.269754
Novidades já notificadas anteriormente. Sem envio...
Rodou em: 2026-02-09 11:00:06.974693
Novidades já notificadas anteriormente. Sem envio...
Rodou em: 2026-02-09 11:10:04.020070
Novidades já notificadas anteriormente. Sem envio...
Rodou em: 2026-02-09 11:20:03.973053
Novidades já notificadas anteriormente. Sem envio...
Rodou em: 2026-02-09 11:30:03.519732
Novidades já notificadas anteriormente. Sem envio...
Rodou em: 2026-02-09 11:40:06.268833
Novidades já notificadas anteriormente. Sem envio...
Rodou em: 2026-02-09 11:50:03.849424
Novidades já notificadas anteriormente. Sem envio...
Rodou em: 2026-02-09 12:00:05.620647
Novidades já notificadas anteriormente. Sem envio...
Rodou em: 2026-02-09 12:10:03.960801
Novidades já notificadas anteriormente. Sem envio...
Rodou em: 2026-02-09 12:20:05.370888
Novidades já notificadas anteriormente. Sem envio...
Rodou em: 2026-02-09 12:30:04.235916
Novidades já notificadas anteriormente. Sem envio...
Rodou em: 2026-02-09 12:40:06.320083
Novidades já notificadas anteriormente. Sem envio...
Rodou em: 2026-02-09 12:50:04.152471
Novidades já notificadas anteriormente. Sem envio...
Rodou em: 2026-02-09 13:00:04.086292
Novidades já notificadas anteriormente. Sem envio...
Rodou em: 2026-02-09 13:10:05.780998
Novidades já notificadas anteriormente. Sem envio...
Rodou em: 2026-02-09 13:20:04.447532
Novidades já notificadas anteriormente. Sem envio...
Rodou em: 2026-02-09 13:30:03.788912
Novidades já notificadas anteriormente. Sem envio...
Rodou em: 2026-02-09 13:40:05.377114
Novidades já notificadas anteriormente. Sem envio...
Rodou em: 2026-02-09 13:50:03.899076
Novidades já notificadas anteriormente. Sem envio...
Rodou em: 2026-02-09 14:00:11.911847
Novidades já notificadas anteriormente. Sem envio...
Rodou em: 2026-02-09 14:10:06.895310
Novidades já notificadas anteriormente. Sem envio...
Rodou em: 2026-02-09 14:20:04.064485
Novidades já notificadas anteriormente. Sem envio...
Rodou em: 2026-02-09 14:30:05.229863
Novidades já notificadas anteriormente. Sem envio...
Rodou em: 2026-02-09 14:40:05.462041
Novidades já notificadas anteriormente. Sem envio...
Rodou em: 2026-02-09 14:50:03.887820
Novidades já notificadas anteriormente. Sem envio...
Rodou em: 2026-02-09 15:00:05.068989
Novidades já notificadas anteriormente. Sem envio...
Rodou em: 2026-02-09 15:10:04.633380
Novidades já notificadas anteriormente. Sem envio...
Rodou em: 2026-02-09 15:20:05.078794
Novidades já notificadas anteriormente. Sem envio...
Rodou em: 2026-02-09 15:30:06.038417
Novidades já notificadas anteriormente. Sem envio...
Rodou em: 2026-02-09 15:40:05.492276
Novidades já notificadas anteriormente. Sem envio...
Rodou em: 2026-02-09 15:50:11.316488
Novidades já notificadas anteriormente. Sem envio...
Rodou em: 2026-02-09 16:00:05.690753
Novidades já notificadas anteriormente. Sem envio...
Rodou em: 2026-02-09 16:10:05.027114
Novidades já notificadas anteriormente. Sem envio...
Rodou em: 2026-02-09 16:20:03.966598
Novidades já notificadas anteriormente. Sem envio...
Rodou em: 2026-02-09 16:30:05.508740
Novidades já notificadas anteriormente. Sem envio...
Rodou em: 2026-02-09 16:40:06.633648
Novidades já notificadas anteriormente. Sem envio...
Rodou em: 2026-02-09 16:50:04.972858
Novidades já notificadas anteriormente. Sem envio...
Rodou em: 2026-02-09 17:00:09.662877
Novidades já notificadas anteriormente. Sem envio...
Rodou em: 2026-02-09 17:10:03.914541
Novidades já notificadas anteriormente. Sem envio...
Rodou em: 2026-02-09 17:20:03.978550
Novidades já notificadas anteriormente. Sem envio...
Rodou em: 2026-02-09 17:30:04.273248
Novidades já notificadas anteriormente. Sem envio...
Rodou em: 2026-02-09 17:40:03.902593
Novidades já notificadas anteriormente. Sem envio...
Rodou em: 2026-02-09 17:50:04.959751
Novidades já notificadas anteriormente. Sem envio...
Rodou em: 2026-02-09 18:00:05.006681
Novidades já notificadas anteriormente. Sem envio...
Rodou em: 2026-02-09 18:10:04.269461
Novidades já notificadas anteriormente. Sem envio...
Rodou em: 2026-02-09 18:20:04.356596
Novidades já notificadas anteriormente. Sem envio...
Rodou em: 2026-02-09 18:30:04.159477
Novidades já notificadas anteriormente. Sem envio...
Rodou em: 2026-02-09 18:40:04.967005
Novidades já notificadas anteriormente. Sem envio...
Rodou em: 2026-02-09 18:50:03.856699
Novidades já notificadas anteriormente. Sem envio...
Rodou em: 2026-02-09 19:00:05.454113
Novidades já notificadas anteriormente. Sem envio...
Rodou em: 2026-02-09 19:10:03.997976
Novidades já notificadas anteriormente. Sem envio...
Rodou em: 2026-02-09 19:20:04.180271
Novidades já notificadas anteriormente. Sem envio...
Rodou em: 2026-02-09 19:30:05.457927
Novidades já notificadas anteriormente. Sem envio...
Rodou em: 2026-02-09 19:40:04.878922
Novidades já notificadas anteriormente. Sem envio...
Rodou em: 2026-02-09 19:50:04.369693
Novidades já notificadas anteriormente. Sem envio...
Rodou em: 2026-02-09 20:00:06.104927
Novidades já notificadas anteriormente. Sem envio...
Rodou em: 2026-02-09 20:10:04.300268
Novidades já notificadas anteriormente. Sem envio...
Rodou em: 2026-02-09 20:20:04.545989
Novidades já notificadas anteriormente. Sem envio...
Rodou em: 2026-02-09 20:30:04.519283
Novidades já notificadas anteriormente. Sem envio...
Rodou em: 2026-02-09 20:40:05.459456
Novidades já notificadas anteriormente. Sem envio...
Rodou em: 2026-02-09 20:50:05.990806
Novidades já notificadas anteriormente. Sem envio...
Rodou em: 2026-02-09 21:00:03.949691
Novidades já notificadas anteriormente. Sem envio...
Rodou em: 2026-02-09 21:10:04.693427
Novidades já notificadas anteriormente. Sem envio...
Rodou em: 2026-02-09 21:20:04.328716
Novidades já notificadas anteriormente. Sem envio...
Rodou em: 2026-02-09 21:30:06.895116
Novidades já notificadas anteriormente. Sem envio...
Rodou em: 2026-02-09 21:40:06.563092
Novidades já notificadas anteriormente. Sem envio...
Rodou em: 2026-02-09 21:50:08.090233
Novidades já notificadas anteriormente. Sem envio...
Rodou em: 2026-02-09 22:00:06.412126
Novidades já notificadas anteriormente. Sem envio...
Rodou em: 2026-02-09 22:10:05.657763
Novidades já notificadas anteriormente. Sem envio...
Rodou em: 2026-02-09 22:20:05.510669
Novidades já notificadas anteriormente. Sem envio...
Rodou em: 2026-02-09 22:30:05.208393
Novidades já notificadas anteriormente. Sem envio...
Rodou em: 2026-02-09 22:50:04.935374
Novidades já notificadas anteriormente. Sem envio...
Rodou em: 2026-02-10 04:20:06.305087
Novidades já notificadas anteriormente. Sem envio...
Rodou em: 2026-02-10 04:30:03.951684
Novidades já notificadas anteriormente. Sem envio...
Rodou em: 2026-02-10 04:40:04.681230
Novidades já notificadas anteriormente. Sem envio...
Rodou em: 2026-02-10 04:50:04.170803
Novidades já notificadas anteriormente. Sem envio...
Rodou em: 2026-02-10 05:00:03.698261
Novidades já notificadas anteriormente. Sem envio...
Rodou em: 2026-02-10 05:10:05.124609
Novidades já notificadas anteriormente. Sem envio...
Rodou em: 2026-02-10 05:20:05.721586
Novidades já notificadas anteriormente. Sem envio...
Rodou em: 2026-02-10 05:30:04.313031
Novidades já notificadas anteriormente. Sem envio...
Rodou em: 2026-02-10 05:40:03.906026
Novidades já notificadas anteriormente. Sem envio...
Rodou em: 2026-02-10 05:50:05.038246
Novidades já notificadas anteriormente. Sem envio...
Rodou em: 2026-02-10 06:00:04.268794
Novidades já notificadas anteriormente. Sem envio...
Rodou em: 2026-02-10 06:10:04.918685
Novidades já notificadas anteriormente. Sem envio...
Rodou em: 2026-02-10 06:20:03.680244
Novidades já notificadas anteriormente. Sem envio...
Rodou em: 2026-02-10 06:30:05.462194
Novidades já notificadas anteriormente. Sem envio...
Rodou em: 2026-02-10 07:30:06.330574
Novidades já notificadas anteriormente. Sem envio...
Rodou em: 2026-02-10 07:40:04.219927
Novidades já notificadas anteriormente. Sem envio...
Rodou em: 2026-02-10 07:50:04.919775
Novidades já notificadas anteriormente. Sem envio...
Rodou em: 2026-02-10 08:00:05.463645
Novidades já notificadas anteriormente. Sem envio...
Rodou em: 2026-02-10 08:10:04.297418
Novidades já notificadas anteriormente. Sem envio...
Rodou em: 2026-02-10 08:20:04.595412
Novidades já notificadas anteriormente. Sem envio...
Rodou em: 2026-02-10 08:30:04.794555
Novidades já notificadas anteriormente. Sem envio...
Rodou em: 2026-02-10 08:40:03.908650
Novidades já notificadas anteriormente. Sem envio...
Rodou em: 2026-02-10 08:50:04.011640
Novidades já notificadas anteriormente. Sem envio...
Rodou em: 2026-02-10 09:00:05.684129
Novidades já notificadas anteriormente. Sem envio...
Rodou em: 2026-02-10 09:10:06.702746
Novidades já notificadas anteriormente. Sem envio...
Rodou em: 2026-02-10 09:20:04.578938
Novidades já notificadas anteriormente. Sem envio...
Rodou em: 2026-02-10 09:30:05.650816
Novidades já notificadas anteriormente. Sem envio...
Rodou em: 2026-02-10 09:40:03.908031
Novidades já notificadas anteriormente. Sem envio...
Rodou em: 2026-02-10 09:50:08.606083
Novidades já notificadas anteriormente. Sem envio...
Rodou em: 2026-02-10 10:00:05.110692
Novidades já notificadas anteriormente. Sem envio...
Rodou em: 2026-02-10 10:10:03.887678
Novidades já notificadas anteriormente. Sem envio...
Rodou em: 2026-02-10 10:20:04.456286
Novidades já notificadas anteriormente. Sem envio...
Rodou em: 2026-02-10 10:30:15.143157
Novidades já notificadas anteriormente. Sem envio...
Rodou em: 2026-02-10 10:40:14.798322
Novidades já notificadas anteriormente. Sem envio...
Rodou em: 2026-02-10 10:50:04.786368
Novidades já notificadas anteriormente. Sem envio...
Rodou em: 2026-02-10 11:00:06.562432
Novidades já notificadas anteriormente. Sem envio...
Rodou em: 2026-02-10 11:10:06.490859
Email enviado com sucesso!
Rodou em: 2026-02-10 11:20:04.331870
Novidades já notificadas anteriormente. Sem envio...
Rodou em: 2026-02-10 11:30:03.371870
Novidades já notificadas anteriormente. Sem envio...
Rodou em: 2026-02-10 11:40:03.793292
Novidades já notificadas anteriormente. Sem envio...
Rodou em: 2026-02-10 11:50:06.494755
Novidades já notificadas anteriormente. Sem envio...
Rodou em: 2026-02-10 12:00:05.417492
Novidades já notificadas anteriormente. Sem envio...
Rodou em: 2026-02-10 12:10:06.736209
Novidades já notificadas anteriormente. Sem envio...
Rodou em: 2026-02-10 12:20:05.546513
Novidades já notificadas anteriormente. Sem envio...
Rodou em: 2026-02-10 12:30:04.216280
Novidades já notificadas anteriormente. Sem envio...
Rodou em: 2026-02-10 12:40:05.084236
Novidades já notificadas anteriormente. Sem envio...
Rodou em: 2026-02-10 12:50:04.160100
Novidades já notificadas anteriormente. Sem envio...
Rodou em: 2026-02-10 13:00:04.606403
Novidades já notificadas anteriormente. Sem envio...
Rodou em: 2026-02-10 13:10:06.250633
Novidades já notificadas anteriormente. Sem envio...
Rodou em: 2026-02-10 13:20:03.767997
Novidades já notificadas anteriormente. Sem envio...
Rodou em: 2026-02-10 13:30:05.631562
Novidades já notificadas anteriormente. Sem envio...
Rodou em: 2026-02-10 13:40:06.471316
Novidades já notificadas anteriormente. Sem envio...
Rodou em: 2026-02-10 13:50:04.274330
Novidades já notificadas anteriormente. Sem envio...
Rodou em: 2026-02-10 14:00:05.417036
Novidades já notificadas anteriormente. Sem envio...
Rodou em: 2026-02-10 14:10:08.210666
Novidades já notificadas anteriormente. Sem envio...
Rodou em: 2026-02-10 14:20:05.222068
Novidades já notificadas anteriormente. Sem envio...
Rodou em: 2026-02-10 14:30:03.826067
Novidades já notificadas anteriormente. Sem envio...
Rodou em: 2026-02-10 14:40:03.990194
Novidades já notificadas anteriormente. Sem envio...
Rodou em: 2026-02-10 14:50:04.116270
Novidades já notificadas anteriormente. Sem envio...
Rodou em: 2026-02-10 15:00:04.843277
Novidades já notificadas anteriormente. Sem envio...
Rodou em: 2026-02-10 15:10:05.932532
Novidades já notificadas anteriormente. Sem envio...
Rodou em: 2026-02-10 15:20:04.655793
Novidades já notificadas anteriormente. Sem envio...
Rodou em: 2026-02-10 15:30:04.315345
Novidades já notificadas anteriormente. Sem envio...
Erro ao acessar o site: HTTPSConnectionPool(host='sitepd.org.br', port=443): Max retries exceeded with url: / (Caused by ConnectTimeoutError(<urllib3.connection.HTTPSConnection object at 0x10ae06510>, 'Connection to sitepd.org.br timed out. (connect timeout=10)'))
Erro ao acessar o site: HTTPSConnectionPool(host='sitepd.org.br', port=443): Max retries exceeded with url: / (Caused by ConnectTimeoutError(<urllib3.connection.HTTPSConnection object at 0x106efe510>, 'Connection to sitepd.org.br timed out. (connect timeout=10)'))
Erro ao acessar o site: HTTPSConnectionPool(host='sitepd.org.br', port=443): Max retries exceeded with url: / (Caused by ConnectTimeoutError(<urllib3.connection.HTTPSConnection object at 0x107016510>, 'Connection to sitepd.org.br timed out. (connect timeout=10)'))
Erro ao acessar o site: HTTPSConnectionPool(host='sitepd.org.br', port=443): Max retries exceeded with url: / (Caused by ConnectTimeoutError(<urllib3.connection.HTTPSConnection object at 0x106c9e510>, 'Connection to sitepd.org.br timed out. (connect timeout=10)'))
Erro ao acessar o site: HTTPSConnectionPool(host='sitepd.org.br', port=443): Max retries exceeded with url: / (Caused by ConnectTimeoutError(<urllib3.connection.HTTPSConnection object at 0x1091fe510>, 'Connection to sitepd.org.br timed out. (connect timeout=10)'))
Erro ao acessar o site: HTTPSConnectionPool(host='sitepd.org.br', port=443): Max retries exceeded with url: / (Caused by ConnectTimeoutError(<urllib3.connection.HTTPSConnection object at 0x10abba510>, 'Connection to sitepd.org.br timed out. (connect timeout=10)'))
Erro ao acessar o site: HTTPSConnectionPool(host='sitepd.org.br', port=443): Max retries exceeded with url: / (Caused by ConnectTimeoutError(<urllib3.connection.HTTPSConnection object at 0x106e0a510>, 'Connection to sitepd.org.br timed out. (connect timeout=10)'))
Erro ao acessar o site: HTTPSConnectionPool(host='sitepd.org.br', port=443): Max retries exceeded with url: / (Caused by ConnectTimeoutError(<urllib3.connection.HTTPSConnection object at 0x109496510>, 'Connection to sitepd.org.br timed out. (connect timeout=10)'))
Erro ao acessar o site: HTTPSConnectionPool(host='sitepd.org.br', port=443): Max retries exceeded with url: / (Caused by ConnectTimeoutError(<urllib3.connection.HTTPSConnection object at 0x109072510>, 'Connection to sitepd.org.br timed out. (connect timeout=10)'))
Erro ao acessar o site: HTTPSConnectionPool(host='sitepd.org.br', port=443): Max retries exceeded with url: / (Caused by ConnectTimeoutError(<urllib3.connection.HTTPSConnection object at 0x106d2a510>, 'Connection to sitepd.org.br timed out. (connect timeout=10)'))
Erro ao acessar o site: HTTPSConnectionPool(host='sitepd.org.br', port=443): Max retries exceeded with url: / (Caused by ConnectTimeoutError(<urllib3.connection.HTTPSConnection object at 0x107346510>, 'Connection to sitepd.org.br timed out. (connect timeout=10)'))
Erro ao acessar o site: HTTPSConnectionPool(host='sitepd.org.br', port=443): Max retries exceeded with url: / (Caused by ConnectTimeoutError(<urllib3.connection.HTTPSConnection object at 0x107462510>, 'Connection to sitepd.org.br timed out. (connect timeout=10)'))
Erro ao acessar o site: HTTPSConnectionPool(host='sitepd.org.br', port=443): Max retries exceeded with url: / (Caused by ConnectTimeoutError(<urllib3.connection.HTTPSConnection object at 0x108736510>, 'Connection to sitepd.org.br timed out. (connect timeout=10)'))
Erro ao acessar o site: HTTPSConnectionPool(host='sitepd.org.br', port=443): Max retries exceeded with url: / (Caused by ConnectTimeoutError(<urllib3.connection.HTTPSConnection object at 0x10ad9a510>, 'Connection to sitepd.org.br timed out. (connect timeout=10)'))
Erro ao acessar o site: HTTPSConnectionPool(host='sitepd.org.br', port=443): Max retries exceeded with url: / (Caused by ConnectTimeoutError(<urllib3.connection.HTTPSConnection object at 0x106df2510>, 'Connection to sitepd.org.br timed out. (connect timeout=10)'))
Erro ao acessar o site: HTTPSConnectionPool(host='sitepd.org.br', port=443): Max retries exceeded with url: / (Caused by ConnectTimeoutError(<urllib3.connection.HTTPSConnection object at 0x106f76510>, 'Connection to sitepd.org.br timed out. (connect timeout=10)'))
Erro ao acessar o site: HTTPSConnectionPool(host='sitepd.org.br', port=443): Max retries exceeded with url: / (Caused by ConnectTimeoutError(<urllib3.connection.HTTPSConnection object at 0x10b4ba510>, 'Connection to sitepd.org.br timed out. (connect timeout=10)'))
Erro ao acessar o site: HTTPSConnectionPool(host='sitepd.org.br', port=443): Max retries exceeded with url: / (Caused by ConnectTimeoutError(<urllib3.connection.HTTPSConnection object at 0x108ef6510>, 'Connection to sitepd.org.br timed out. (connect timeout=10)'))
Erro ao acessar o site: HTTPSConnectionPool(host='sitepd.org.br', port=443): Max retries exceeded with url: / (Caused by ConnectTimeoutError(<urllib3.connection.HTTPSConnection object at 0x108bb6510>, 'Connection to sitepd.org.br timed out. (connect timeout=10)'))
Erro ao acessar o site: HTTPSConnectionPool(host='sitepd.org.br', port=443): Max retries exceeded with url: / (Caused by ConnectTimeoutError(<urllib3.connection.HTTPSConnection object at 0x108efa510>, 'Connection to sitepd.org.br timed out. (connect timeout=10)'))
Erro ao acessar o site: HTTPSConnectionPool(host='sitepd.org.br', port=443): Max retries exceeded with url: / (Caused by ConnectTimeoutError(<urllib3.connection.HTTPSConnection object at 0x10880e510>, 'Connection to sitepd.org.br timed out. (connect timeout=10)'))
Erro ao acessar o site: HTTPSConnectionPool(host='sitepd.org.br', port=443): Max retries exceeded with url: / (Caused by ConnectTimeoutError(<urllib3.connection.HTTPSConnection object at 0x1066c6510>, 'Connection to sitepd.org.br timed out. (connect timeout=10)'))
Erro ao acessar o site: HTTPSConnectionPool(host='sitepd.org.br', port=443): Max retries exceeded with url: / (Caused by ConnectTimeoutError(<urllib3.connection.HTTPSConnection object at 0x1090c6510>, 'Connection to sitepd.org.br timed out. (connect timeout=10)'))
Erro ao acessar o site: HTTPSConnectionPool(host='sitepd.org.br', port=443): Max retries exceeded with url: / (Caused by ConnectTimeoutError(<urllib3.connection.HTTPSConnection object at 0x1069ee510>, 'Connection to sitepd.org.br timed out. (connect timeout=10)'))
Erro ao acessar o site: HTTPSConnectionPool(host='sitepd.org.br', port=443): Max retries exceeded with url: / (Caused by ConnectTimeoutError(<urllib3.connection.HTTPSConnection object at 0x10695e510>, 'Connection to sitepd.org.br timed out. (connect timeout=10)'))
Erro ao acessar o site: HTTPSConnectionPool(host='sitepd.org.br', port=443): Max retries exceeded with url: / (Caused by ConnectTimeoutError(<urllib3.connection.HTTPSConnection object at 0x108c3a510>, 'Connection to sitepd.org.br timed out. (connect timeout=10)'))
Erro ao acessar o site: HTTPSConnectionPool(host='sitepd.org.br', port=443): Max retries exceeded with url: / (Caused by ConnectTimeoutError(<urllib3.connection.HTTPSConnection object at 0x10b19e510>, 'Connection to sitepd.org.br timed out. (connect timeout=10)'))
Erro ao acessar o site: HTTPSConnectionPool(host='sitepd.org.br', port=443): Max retries exceeded with url: / (Caused by ConnectTimeoutError(<urllib3.connection.HTTPSConnection object at 0x1070ca510>, 'Connection to sitepd.org.br timed out. (connect timeout=10)'))
Erro ao acessar o site: HTTPSConnectionPool(host='sitepd.org.br', port=443): Max retries exceeded with url: / (Caused by ConnectTimeoutError(<urllib3.connection.HTTPSConnection object at 0x1070aa510>, 'Connection to sitepd.org.br timed out. (connect timeout=10)'))
Erro ao acessar o site: HTTPSConnectionPool(host='sitepd.org.br', port=443): Max retries exceeded with url: / (Caused by ConnectTimeoutError(<urllib3.connection.HTTPSConnection object at 0x1086f2510>, 'Connection to sitepd.org.br timed out. (connect timeout=10)'))
Erro ao acessar o site: HTTPSConnectionPool(host='sitepd.org.br', port=443): Max retries exceeded with url: / (Caused by ConnectTimeoutError(<urllib3.connection.HTTPSConnection object at 0x10b2da510>, 'Connection to sitepd.org.br timed out. (connect timeout=10)'))
Erro ao acessar o site: HTTPSConnectionPool(host='sitepd.org.br', port=443): Max retries exceeded with url: / (Caused by ConnectTimeoutError(<urllib3.connection.HTTPSConnection object at 0x10b1c2510>, 'Connection to sitepd.org.br timed out. (connect timeout=10)'))
Erro ao acessar o site: HTTPSConnectionPool(host='sitepd.org.br', port=443): Max retries exceeded with url: / (Caused by ConnectTimeoutError(<urllib3.connection.HTTPSConnection object at 0x10927e510>, 'Connection to sitepd.org.br timed out. (connect timeout=10)'))
Erro ao acessar o site: HTTPSConnectionPool(host='sitepd.org.br', port=443): Max retries exceeded with url: / (Caused by ConnectTimeoutError(<urllib3.connection.HTTPSConnection object at 0x107322510>, 'Connection to sitepd.org.br timed out. (connect timeout=10)'))
Erro ao acessar o site: HTTPSConnectionPool(host='sitepd.org.br', port=443): Max retries exceeded with url: / (Caused by ConnectTimeoutError(<urllib3.connection.HTTPSConnection object at 0x10a90e510>, 'Connection to sitepd.org.br timed out. (connect timeout=10)'))
Erro ao acessar o site: HTTPSConnectionPool(host='sitepd.org.br', port=443): Max retries exceeded with url: / (Caused by ConnectTimeoutError(<urllib3.connection.HTTPSConnection object at 0x108cfe510>, 'Connection to sitepd.org.br timed out. (connect timeout=10)'))
Erro ao acessar o site: HTTPSConnectionPool(host='sitepd.org.br', port=443): Max retries exceeded with url: / (Caused by ConnectTimeoutError(<urllib3.connection.HTTPSConnection object at 0x1074ca510>, 'Connection to sitepd.org.br timed out. (connect timeout=10)'))
Erro ao acessar o site: HTTPSConnectionPool(host='sitepd.org.br', port=443): Max retries exceeded with url: / (Caused by ConnectTimeoutError(<urllib3.connection.HTTPSConnection object at 0x10687e510>, 'Connection to sitepd.org.br timed out. (connect timeout=10)'))
Erro ao acessar o site: HTTPSConnectionPool(host='sitepd.org.br', port=443): Max retries exceeded with url: / (Caused by ConnectTimeoutError(<urllib3.connection.HTTPSConnection object at 0x10ae02510>, 'Connection to sitepd.org.br timed out. (connect timeout=10)'))
Erro ao acessar o site: HTTPSConnectionPool(host='sitepd.org.br', port=443): Max retries exceeded with url: / (Caused by ConnectTimeoutError(<urllib3.connection.HTTPSConnection object at 0x108be6510>, 'Connection to sitepd.org.br timed out. (connect timeout=10)'))
Erro ao acessar o site: HTTPSConnectionPool(host='sitepd.org.br', port=443): Max retries exceeded with url: / (Caused by ConnectTimeoutError(<urllib3.connection.HTTPSConnection object at 0x10af56510>, 'Connection to sitepd.org.br timed out. (connect timeout=10)'))
Erro ao acessar o site: HTTPSConnectionPool(host='sitepd.org.br', port=443): Max retries exceeded with url: / (Caused by ConnectTimeoutError(<urllib3.connection.HTTPSConnection object at 0x1092d2510>, 'Connection to sitepd.org.br timed out. (connect timeout=10)'))
Erro ao acessar o site: HTTPSConnectionPool(host='sitepd.org.br', port=443): Max retries exceeded with url: / (Caused by ConnectTimeoutError(<urllib3.connection.HTTPSConnection object at 0x108b42510>, 'Connection to sitepd.org.br timed out. (connect timeout=10)'))
Erro ao acessar o site: HTTPSConnectionPool(host='sitepd.org.br', port=443): Max retries exceeded with url: / (Caused by ConnectTimeoutError(<urllib3.connection.HTTPSConnection object at 0x10aaf2510>, 'Connection to sitepd.org.br timed out. (connect timeout=10)'))
Erro ao acessar o site: HTTPSConnectionPool(host='sitepd.org.br', port=443): Max retries exceeded with url: / (Caused by ConnectTimeoutError(<urllib3.connection.HTTPSConnection object at 0x106c22510>, 'Connection to sitepd.org.br timed out. (connect timeout=10)'))
Erro ao acessar o site: HTTPSConnectionPool(host='sitepd.org.br', port=443): Max retries exceeded with url: / (Caused by ConnectTimeoutError(<urllib3.connection.HTTPSConnection object at 0x1092f6510>, 'Connection to sitepd.org.br timed out. (connect timeout=10)'))
Erro ao acessar o site: HTTPSConnectionPool(host='sitepd.org.br', port=443): Max retries exceeded with url: / (Caused by ConnectTimeoutError(<urllib3.connection.HTTPSConnection object at 0x108daa510>, 'Connection to sitepd.org.br timed out. (connect timeout=10)'))
Erro ao acessar o site: HTTPSConnectionPool(host='sitepd.org.br', port=443): Max retries exceeded with url: / (Caused by ConnectTimeoutError(<urllib3.connection.HTTPSConnection object at 0x108be6510>, 'Connection to sitepd.org.br timed out. (connect timeout=10)'))
Erro ao acessar o site: HTTPSConnectionPool(host='sitepd.org.br', port=443): Max retries exceeded with url: / (Caused by ConnectTimeoutError(<urllib3.connection.HTTPSConnection object at 0x1089f6510>, 'Connection to sitepd.org.br timed out. (connect timeout=10)'))
Erro ao acessar o site: HTTPSConnectionPool(host='sitepd.org.br', port=443): Max retries exceeded with url: / (Caused by ConnectTimeoutError(<urllib3.connection.HTTPSConnection object at 0x10ad4a510>, 'Connection to sitepd.org.br timed out. (connect timeout=10)'))
Erro ao acessar o site: HTTPSConnectionPool(host='sitepd.org.br', port=443): Max retries exceeded with url: / (Caused by ConnectTimeoutError(<urllib3.connection.HTTPSConnection object at 0x106a9a510>, 'Connection to sitepd.org.br timed out. (connect timeout=10)'))
Erro ao acessar o site: HTTPSConnectionPool(host='sitepd.org.br', port=443): Max retries exceeded with url: / (Caused by ConnectTimeoutError(<urllib3.connection.HTTPSConnection object at 0x106e0e510>, 'Connection to sitepd.org.br timed out. (connect timeout=10)'))
Erro ao acessar o site: HTTPSConnectionPool(host='sitepd.org.br', port=443): Max retries exceeded with url: / (Caused by ConnectTimeoutError(<urllib3.connection.HTTPSConnection object at 0x108656510>, 'Connection to sitepd.org.br timed out. (connect timeout=10)'))
Erro ao acessar o site: HTTPSConnectionPool(host='sitepd.org.br', port=443): Max retries exceeded with url: / (Caused by ConnectTimeoutError(<urllib3.connection.HTTPSConnection object at 0x1065fa510>, 'Connection to sitepd.org.br timed out. (connect timeout=10)'))
Erro ao acessar o site: HTTPSConnectionPool(host='sitepd.org.br', port=443): Max retries exceeded with url: / (Caused by ConnectTimeoutError(<urllib3.connection.HTTPSConnection object at 0x10b292510>, 'Connection to sitepd.org.br timed out. (connect timeout=10)'))
Erro ao acessar o site: HTTPSConnectionPool(host='sitepd.org.br', port=443): Max retries exceeded with url: / (Caused by ConnectTimeoutError(<urllib3.connection.HTTPSConnection object at 0x109306510>, 'Connection to sitepd.org.br timed out. (connect timeout=10)'))
Erro ao acessar o site: HTTPSConnectionPool(host='sitepd.org.br', port=443): Max retries exceeded with url: / (Caused by ConnectTimeoutError(<urllib3.connection.HTTPSConnection object at 0x108a9a510>, 'Connection to sitepd.org.br timed out. (connect timeout=10)'))
Erro ao acessar o site: HTTPSConnectionPool(host='sitepd.org.br', port=443): Max retries exceeded with url: / (Caused by ConnectTimeoutError(<urllib3.connection.HTTPSConnection object at 0x1094f2510>, 'Connection to sitepd.org.br timed out. (connect timeout=10)'))
Erro ao acessar o site: HTTPSConnectionPool(host='sitepd.org.br', port=443): Max retries exceeded with url: / (Caused by ConnectTimeoutError(<urllib3.connection.HTTPSConnection object at 0x106f8a510>, 'Connection to sitepd.org.br timed out. (connect timeout=10)'))
Erro ao acessar o site: HTTPSConnectionPool(host='sitepd.org.br', port=443): Max retries exceeded with url: / (Caused by ConnectTimeoutError(<urllib3.connection.HTTPSConnection object at 0x10acf6510>, 'Connection to sitepd.org.br timed out. (connect timeout=10)'))
Erro ao acessar o site: HTTPSConnectionPool(host='sitepd.org.br', port=443): Max retries exceeded with url: / (Caused by ConnectTimeoutError(<urllib3.connection.HTTPSConnection object at 0x108ade510>, 'Connection to sitepd.org.br timed out. (connect timeout=10)'))
Erro ao acessar o site: HTTPSConnectionPool(host='sitepd.org.br', port=443): Max retries exceeded with url: / (Caused by ConnectTimeoutError(<urllib3.connection.HTTPSConnection object at 0x108d9a510>, 'Connection to sitepd.org.br timed out. (connect timeout=10)'))
Erro ao acessar o site: HTTPSConnectionPool(host='sitepd.org.br', port=443): Max retries exceeded with url: / (Caused by ConnectTimeoutError(<urllib3.connection.HTTPSConnection object at 0x10896a510>, 'Connection to sitepd.org.br timed out. (connect timeout=10)'))
Erro ao acessar o site: HTTPSConnectionPool(host='sitepd.org.br', port=443): Max retries exceeded with url: / (Caused by ConnectTimeoutError(<urllib3.connection.HTTPSConnection object at 0x10663a510>, 'Connection to sitepd.org.br timed out. (connect timeout=10)'))
Erro ao acessar o site: HTTPSConnectionPool(host='sitepd.org.br', port=443): Max retries exceeded with url: / (Caused by ConnectTimeoutError(<urllib3.connection.HTTPSConnection object at 0x106ed6510>, 'Connection to sitepd.org.br timed out. (connect timeout=10)'))
Erro ao acessar o site: HTTPSConnectionPool(host='sitepd.org.br', port=443): Max retries exceeded with url: / (Caused by ConnectTimeoutError(<urllib3.connection.HTTPSConnection object at 0x1071f6510>, 'Connection to sitepd.org.br timed out. (connect timeout=10)'))
Erro ao acessar o site: HTTPSConnectionPool(host='sitepd.org.br', port=443): Max retries exceeded with url: / (Caused by ConnectTimeoutError(<urllib3.connection.HTTPSConnection object at 0x10a73a510>, 'Connection to sitepd.org.br timed out. (connect timeout=10)'))
Rodou em: 2026-02-11 14:10:04.282127
Novidades já notificadas anteriormente. Sem envio...
Rodou em: 2026-02-11 14:20:14.313738
Novidades já notificadas anteriormente. Sem envio...
Rodou em: 2026-02-11 14:30:05.961626
Novidades já notificadas anteriormente. Sem envio...
Rodou em: 2026-02-11 14:40:14.259983
Novidades já notificadas anteriormente. Sem envio...
Rodou em: 2026-02-11 14:50:14.683259
Novidades já notificadas anteriormente. Sem envio...
Rodou em: 2026-02-11 15:00:07.843542
Novidades já notificadas anteriormente. Sem envio...
Rodou em: 2026-02-11 15:10:05.866670
Novidades já notificadas anteriormente. Sem envio...
Rodou em: 2026-02-11 15:20:14.610513
Novidades já notificadas anteriormente. Sem envio...
Rodou em: 2026-02-11 15:30:05.246690
Novidades já notificadas anteriormente. Sem envio...
Rodou em: 2026-02-11 15:40:15.132104
Novidades já notificadas anteriormente. Sem envio...
Rodou em: 2026-02-11 15:50:14.073752
Email enviado com sucesso!
Rodou em: 2026-02-11 16:00:16.325207
Novidades já notificadas anteriormente. Sem envio...
Rodou em: 2026-02-11 16:10:06.209198
Novidades já notificadas anteriormente. Sem envio...
Rodou em: 2026-02-11 16:20:14.203419
Novidades já notificadas anteriormente. Sem envio...
Rodou em: 2026-02-11 16:30:14.393681
Novidades já notificadas anteriormente. Sem envio...
Rodou em: 2026-02-11 16:40:05.017489
Novidades já notificadas anteriormente. Sem envio...
Rodou em: 2026-02-11 16:50:14.240125
Novidades já notificadas anteriormente. Sem envio...
Rodou em: 2026-02-11 17:00:17.314125
Novidades já notificadas anteriormente. Sem envio...
Rodou em: 2026-02-11 17:10:04.333305
Novidades já notificadas anteriormente. Sem envio...
Rodou em: 2026-02-11 17:20:13.813316
Novidades já notificadas anteriormente. Sem envio...
Rodou em: 2026-02-11 17:30:15.943795
Novidades já notificadas anteriormente. Sem envio...
Rodou em: 2026-02-11 17:40:04.622550
Novidades já notificadas anteriormente. Sem envio...
Rodou em: 2026-02-11 17:50:14.369971
Novidades já notificadas anteriormente. Sem envio...
Rodou em: 2026-02-11 18:00:14.102297
Novidades já notificadas anteriormente. Sem envio...
Rodou em: 2026-02-11 18:10:13.838409
Novidades já notificadas anteriormente. Sem envio...
Rodou em: 2026-02-11 18:20:14.658892
Novidades já notificadas anteriormente. Sem envio...
Rodou em: 2026-02-11 18:30:04.983779
Novidades já notificadas anteriormente. Sem envio...
Rodou em: 2026-02-11 18:40:15.517638
Novidades já notificadas anteriormente. Sem envio...
Rodou em: 2026-02-11 18:50:05.549402
Novidades já notificadas anteriormente. Sem envio...
Rodou em: 2026-02-11 19:00:04.673486
Novidades já notificadas anteriormente. Sem envio...
Rodou em: 2026-02-11 19:10:15.197979
Novidades já notificadas anteriormente. Sem envio...
Rodou em: 2026-02-11 19:20:14.761620
Novidades já notificadas anteriormente. Sem envio...
Rodou em: 2026-02-11 19:30:14.657871
Novidades já notificadas anteriormente. Sem envio...
Rodou em: 2026-02-11 19:40:15.132732
Novidades já notificadas anteriormente. Sem envio...
Rodou em: 2026-02-11 19:50:14.789793
Novidades já notificadas anteriormente. Sem envio...
Rodou em: 2026-02-11 20:00:06.386590
Novidades já notificadas anteriormente. Sem envio...
Rodou em: 2026-02-11 20:10:04.164625
Novidades já notificadas anteriormente. Sem envio...
Rodou em: 2026-02-11 20:20:07.600161
Novidades já notificadas anteriormente. Sem envio...
Rodou em: 2026-02-11 20:30:15.765376
Novidades já notificadas anteriormente. Sem envio...
Rodou em: 2026-02-11 20:40:18.567041
Novidades já notificadas anteriormente. Sem envio...
Rodou em: 2026-02-11 20:50:05.691220
Novidades já notificadas anteriormente. Sem envio...
Rodou em: 2026-02-11 21:00:05.077590
Novidades já notificadas anteriormente. Sem envio...
Rodou em: 2026-02-11 21:10:14.171990
Novidades já notificadas anteriormente. Sem envio...
Rodou em: 2026-02-11 21:20:14.838608
Novidades já notificadas anteriormente. Sem envio...
Rodou em: 2026-02-11 21:30:06.347743
Novidades já notificadas anteriormente. Sem envio...
Rodou em: 2026-02-11 21:40:16.246142
Novidades já notificadas anteriormente. Sem envio...
Rodou em: 2026-02-11 21:50:12.317692
Novidades já notificadas anteriormente. Sem envio...
Rodou em: 2026-02-11 22:00:13.788936
Novidades já notificadas anteriormente. Sem envio...
Rodou em: 2026-02-11 22:10:14.823298
Novidades já notificadas anteriormente. Sem envio...
Rodou em: 2026-02-11 22:20:05.385076
Novidades já notificadas anteriormente. Sem envio...
Rodou em: 2026-02-12 03:50:47.974006
Novidades já notificadas anteriormente. Sem envio...
Rodou em: 2026-02-12 03:51:01.329956
Novidades já notificadas anteriormente. Sem envio...
Rodou em: 2026-02-12 04:30:16.440698
Novidades já notificadas anteriormente. Sem envio...
Rodou em: 2026-02-12 04:40:13.938991
Novidades já notificadas anteriormente. Sem envio...
Rodou em: 2026-02-12 04:50:14.765371
Novidades já notificadas anteriormente. Sem envio...
Rodou em: 2026-02-12 05:00:14.853061
Novidades já notificadas anteriormente. Sem envio...
Rodou em: 2026-02-12 05:10:14.617561
Novidades já notificadas anteriormente. Sem envio...
Rodou em: 2026-02-12 05:20:05.482058
Novidades já notificadas anteriormente. Sem envio...
Rodou em: 2026-02-12 05:30:05.401414
Novidades já notificadas anteriormente. Sem envio...
Rodou em: 2026-02-12 07:20:08.808042
Novidades já notificadas anteriormente. Sem envio...
Rodou em: 2026-02-12 07:30:13.384493
Novidades já notificadas anteriormente. Sem envio...
Rodou em: 2026-02-12 07:40:04.877716
Novidades já notificadas anteriormente. Sem envio...
Rodou em: 2026-02-12 07:50:15.227098
Novidades já notificadas anteriormente. Sem envio...
Rodou em: 2026-02-12 08:00:06.868581
Novidades já notificadas anteriormente. Sem envio...
Rodou em: 2026-02-12 08:10:05.423498
Novidades já notificadas anteriormente. Sem envio...
Rodou em: 2026-02-12 08:20:04.077819
Novidades já notificadas anteriormente. Sem envio...
Rodou em: 2026-02-12 08:30:13.715290
Novidades já notificadas anteriormente. Sem envio...
Rodou em: 2026-02-12 08:40:15.432448
Novidades já notificadas anteriormente. Sem envio...
Rodou em: 2026-02-12 08:50:13.439445
Novidades já notificadas anteriormente. Sem envio...
Rodou em: 2026-02-12 09:00:14.433760
Novidades já notificadas anteriormente. Sem envio...
Rodou em: 2026-02-12 09:10:18.808058
Novidades já notificadas anteriormente. Sem envio...
Rodou em: 2026-02-12 09:20:05.520839
Novidades já notificadas anteriormente. Sem envio...
Rodou em: 2026-02-12 09:30:22.192164
Novidades já notificadas anteriormente. Sem envio...
Rodou em: 2026-02-12 09:40:04.468779
Novidades já notificadas anteriormente. Sem envio...
Rodou em: 2026-02-12 09:50:16.907717
Novidades já notificadas anteriormente. Sem envio...
Rodou em: 2026-02-12 10:00:04.605404
Novidades já notificadas anteriormente. Sem envio...
Rodou em: 2026-02-12 10:10:13.944704
Novidades já notificadas anteriormente. Sem envio...
Rodou em: 2026-02-12 10:20:15.210026
Novidades já notificadas anteriormente. Sem envio...
Rodou em: 2026-02-12 10:30:15.083063
Novidades já notificadas anteriormente. Sem envio...
Rodou em: 2026-02-12 10:40:13.888523
Novidades já notificadas anteriormente. Sem envio...
Rodou em: 2026-02-12 10:50:13.960975
Novidades já notificadas anteriormente. Sem envio...
Rodou em: 2026-02-12 11:00:03.977981
Novidades já notificadas anteriormente. Sem envio...
Rodou em: 2026-02-12 11:10:13.880171
Novidades já notificadas anteriormente. Sem envio...
Rodou em: 2026-02-12 11:20:04.663942
Novidades já notificadas anteriormente. Sem envio...
Rodou em: 2026-02-12 11:30:06.856542
Novidades já notificadas anteriormente. Sem envio...
Rodou em: 2026-02-12 11:40:14.589587
Novidades já notificadas anteriormente. Sem envio...
Rodou em: 2026-02-12 11:50:16.535439
Novidades já notificadas anteriormente. Sem envio...
Rodou em: 2026-02-12 12:00:13.606575
Novidades já notificadas anteriormente. Sem envio...
Rodou em: 2026-02-12 12:10:04.213081
Novidades já notificadas anteriormente. Sem envio...
Rodou em: 2026-02-12 12:20:14.385621
Novidades já notificadas anteriormente. Sem envio...
Rodou em: 2026-02-12 12:30:03.909868
Novidades já notificadas anteriormente. Sem envio...
Rodou em: 2026-02-12 12:40:14.253337
Novidades já notificadas anteriormente. Sem envio...
Rodou em: 2026-02-12 12:50:07.660255
Novidades já notificadas anteriormente. Sem envio...
Rodou em: 2026-02-12 13:00:15.030083
Novidades já notificadas anteriormente. Sem envio...
Rodou em: 2026-02-12 13:10:06.235461
Novidades já notificadas anteriormente. Sem envio...
Rodou em: 2026-02-12 13:20:04.777818
Novidades já notificadas anteriormente. Sem envio...
Rodou em: 2026-02-12 13:30:04.422715
Novidades já notificadas anteriormente. Sem envio...
Rodou em: 2026-02-12 13:40:13.514580
Novidades já notificadas anteriormente. Sem envio...
Rodou em: 2026-02-12 13:50:13.854477
Novidades já notificadas anteriormente. Sem envio...
Rodou em: 2026-02-12 14:00:16.465557
Novidades já notificadas anteriormente. Sem envio...
Rodou em: 2026-02-12 14:10:14.447064
Novidades já notificadas anteriormente. Sem envio...
Rodou em: 2026-02-12 14:20:06.777893
Novidades já notificadas anteriormente. Sem envio...
Rodou em: 2026-02-12 14:30:13.526320
Novidades já notificadas anteriormente. Sem envio...
Rodou em: 2026-02-12 14:40:15.032981
Novidades já notificadas anteriormente. Sem envio...
Rodou em: 2026-02-12 14:50:15.723627
Novidades já notificadas anteriormente. Sem envio...
Rodou em: 2026-02-12 15:00:14.105949
Novidades já notificadas anteriormente. Sem envio...
Rodou em: 2026-02-12 15:10:03.903615
Novidades já notificadas anteriormente. Sem envio...
Rodou em: 2026-02-12 15:20:15.439622
Novidades já notificadas anteriormente. Sem envio...
Rodou em: 2026-02-12 15:30:14.047691
Novidades já notificadas anteriormente. Sem envio...
Rodou em: 2026-02-12 15:40:03.917173
Novidades já notificadas anteriormente. Sem envio...
Rodou em: 2026-02-12 15:50:15.744100
Novidades já notificadas anteriormente. Sem envio...
Rodou em: 2026-02-12 16:00:14.086535
Novidades já notificadas anteriormente. Sem envio...
Rodou em: 2026-02-12 16:10:14.679057
Novidades já notificadas anteriormente. Sem envio...
Rodou em: 2026-02-12 16:20:10.959535
Novidades já notificadas anteriormente. Sem envio...
Rodou em: 2026-02-12 16:30:15.112261
Novidades já notificadas anteriormente. Sem envio...
Rodou em: 2026-02-12 16:40:18.388507
Novidades já notificadas anteriormente. Sem envio...
Rodou em: 2026-02-12 16:50:22.770185
Novidades já notificadas anteriormente. Sem envio...
Rodou em: 2026-02-12 17:00:14.133201
Novidades já notificadas anteriormente. Sem envio...
Rodou em: 2026-02-12 17:10:16.773329
Novidades já notificadas anteriormente. Sem envio...
Rodou em: 2026-02-12 17:20:04.871714
Novidades já notificadas anteriormente. Sem envio...
Rodou em: 2026-02-12 17:30:13.797308
Novidades já notificadas anteriormente. Sem envio...
Rodou em: 2026-02-12 17:40:14.245755
Novidades já notificadas anteriormente. Sem envio...
Rodou em: 2026-02-12 17:50:22.617851
Novidades já notificadas anteriormente. Sem envio...
Rodou em: 2026-02-12 18:05:13.774545
Novidades já notificadas anteriormente. Sem envio...
Rodou em: 2026-02-12 18:30:13.904856
Novidades já notificadas anteriormente. Sem envio...
Rodou em: 2026-02-12 18:40:07.340059
Novidades já notificadas anteriormente. Sem envio...
Rodou em: 2026-02-12 18:50:07.274217
Novidades já notificadas anteriormente. Sem envio...
Rodou em: 2026-02-12 19:00:09.580651
Novidades já notificadas anteriormente. Sem envio...
Rodou em: 2026-02-12 19:10:08.211044
Novidades já notificadas anteriormente. Sem envio...
Rodou em: 2026-02-12 19:28:11.182631
Novidades já notificadas anteriormente. Sem envio...
Rodou em: 2026-02-12 21:10:16.601359
Novidades já notificadas anteriormente. Sem envio...
Rodou em: 2026-02-12 21:20:27.799129
Novidades já notificadas anteriormente. Sem envio...
Rodou em: 2026-02-12 21:30:04.298878
Novidades já notificadas anteriormente. Sem envio...
Rodou em: 2026-02-12 21:40:16.545676
Novidades já notificadas anteriormente. Sem envio...
Rodou em: 2026-02-12 23:10:15.724642
Novidades já notificadas anteriormente. Sem envio...
Rodou em: 2026-02-13 03:43:38.377741
Novidades já notificadas anteriormente. Sem envio...
Rodou em: 2026-02-13 04:40:16.916097
Novidades já notificadas anteriormente. Sem envio...
Rodou em: 2026-02-13 04:50:03.882251
Novidades já notificadas anteriormente. Sem envio...
Rodou em: 2026-02-13 05:00:15.373231
Novidades já notificadas anteriormente. Sem envio...
Rodou em: 2026-02-13 05:10:15.520572
Novidades já notificadas anteriormente. Sem envio...
Rodou em: 2026-02-13 05:20:04.173832
Novidades já notificadas anteriormente. Sem envio...
Rodou em: 2026-02-13 05:30:15.266885
Novidades já notificadas anteriormente. Sem envio...
Rodou em: 2026-02-13 05:45:01.514661
Novidades já notificadas anteriormente. Sem envio...
Rodou em: 2026-02-13 07:50:15.728582
Novidades já notificadas anteriormente. Sem envio...
Rodou em: 2026-02-13 08:00:04.567776
Novidades já notificadas anteriormente. Sem envio...
Rodou em: 2026-02-13 08:10:03.748034
Novidades já notificadas anteriormente. Sem envio...
Rodou em: 2026-02-13 08:20:16.040299
Novidades já notificadas anteriormente. Sem envio...
Rodou em: 2026-02-13 08:30:17.517317
Novidades já notificadas anteriormente. Sem envio...
Rodou em: 2026-02-13 08:40:11.381697
Novidades já notificadas anteriormente. Sem envio...
Rodou em: 2026-02-13 08:50:05.508258
Novidades já notificadas anteriormente. Sem envio...
Rodou em: 2026-02-13 09:02:14.776923
Novidades já notificadas anteriormente. Sem envio...
Rodou em: 2026-02-13 09:10:20.854202
Email enviado com sucesso!
Rodou em: 2026-02-13 09:20:21.541297
Novidades já notificadas anteriormente. Sem envio...
Rodou em: 2026-02-13 09:30:14.339308
Novidades já notificadas anteriormente. Sem envio...
Rodou em: 2026-02-13 09:40:06.648210
Novidades já notificadas anteriormente. Sem envio...
Rodou em: 2026-02-13 09:50:14.085702
Novidades já notificadas anteriormente. Sem envio...
Rodou em: 2026-02-13 10:00:14.589199
Novidades já notificadas anteriormente. Sem envio...
Rodou em: 2026-02-13 10:10:15.092032
Email enviado com sucesso!
Rodou em: 2026-02-13 10:20:04.221738
Novidades já notificadas anteriormente. Sem envio...
Rodou em: 2026-02-13 10:30:15.928792
Novidades já notificadas anteriormente. Sem envio...
Rodou em: 2026-02-13 10:40:16.277064
Novidades já notificadas anteriormente. Sem envio...
Rodou em: 2026-02-13 10:50:07.065257
Novidades já notificadas anteriormente. Sem envio...
Rodou em: 2026-02-13 11:00:16.368920
Novidades já notificadas anteriormente. Sem envio...
Rodou em: 2026-02-13 11:10:04.489740
Novidades já notificadas anteriormente. Sem envio...
Rodou em: 2026-02-13 11:20:15.560616
Novidades já notificadas anteriormente. Sem envio...
Rodou em: 2026-02-13 11:30:16.718061
Novidades já notificadas anteriormente. Sem envio...
Rodou em: 2026-02-13 11:40:04.930243
Novidades já notificadas anteriormente. Sem envio...
Rodou em: 2026-02-13 11:50:04.264889
Novidades já notificadas anteriormente. Sem envio...
Rodou em: 2026-02-13 12:00:14.022836
Novidades já notificadas anteriormente. Sem envio...
Rodou em: 2026-02-13 12:10:13.875767
Novidades já notificadas anteriormente. Sem envio...
Rodou em: 2026-02-13 12:20:14.465250
Novidades já notificadas anteriormente. Sem envio...
Rodou em: 2026-02-13 12:30:03.525108
Novidades já notificadas anteriormente. Sem envio...
Rodou em: 2026-02-13 12:40:04.356257
Novidades já notificadas anteriormente. Sem envio...
Rodou em: 2026-02-13 12:50:14.182106
Novidades já notificadas anteriormente. Sem envio...
Rodou em: 2026-02-13 13:00:16.021874
Novidades já notificadas anteriormente. Sem envio...
Rodou em: 2026-02-13 13:10:03.933804
Novidades já notificadas anteriormente. Sem envio...
Rodou em: 2026-02-13 13:20:13.936834
Novidades já notificadas anteriormente. Sem envio...
Rodou em: 2026-02-13 13:30:13.538882
Novidades já notificadas anteriormente. Sem envio...
Rodou em: 2026-02-13 13:40:14.388451
Novidades já notificadas anteriormente. Sem envio...
Rodou em: 2026-02-13 13:50:14.005193
Novidades já notificadas anteriormente. Sem envio...
Rodou em: 2026-02-13 14:00:06.091330
Novidades já notificadas anteriormente. Sem envio...
Rodou em: 2026-02-13 14:10:05.192609
Novidades já notificadas anteriormente. Sem envio...
Rodou em: 2026-02-13 14:20:03.558832
Novidades já notificadas anteriormente. Sem envio...
Rodou em: 2026-02-13 14:30:15.596363
Novidades já notificadas anteriormente. Sem envio...
Rodou em: 2026-02-13 14:40:04.237712
Novidades já notificadas anteriormente. Sem envio...
Rodou em: 2026-02-13 14:50:13.440733
Email enviado com sucesso!
Rodou em: 2026-02-13 15:00:15.946652
Novidades já notificadas anteriormente. Sem envio...
Rodou em: 2026-02-13 15:10:19.680123
Novidades já notificadas anteriormente. Sem envio...
Rodou em: 2026-02-13 15:20:05.439085
Novidades já notificadas anteriormente. Sem envio...
Rodou em: 2026-02-13 15:30:04.605412
Novidades já notificadas anteriormente. Sem envio...
Rodou em: 2026-02-13 15:40:16.559148
Novidades já notificadas anteriormente. Sem envio...
Rodou em: 2026-02-13 15:50:05.686411
Novidades já notificadas anteriormente. Sem envio...
Rodou em: 2026-02-13 16:00:08.546109
Novidades já notificadas anteriormente. Sem envio...
Rodou em: 2026-02-13 16:10:09.746412
Novidades já notificadas anteriormente. Sem envio...
Rodou em: 2026-02-13 16:20:13.926847
Novidades já notificadas anteriormente. Sem envio...
Rodou em: 2026-02-13 16:30:05.398426
Novidades já notificadas anteriormente. Sem envio...
Rodou em: 2026-02-13 16:40:18.519502
Novidades já notificadas anteriormente. Sem envio...
Rodou em: 2026-02-13 16:50:13.701245
Novidades já notificadas anteriormente. Sem envio...
Rodou em: 2026-02-13 17:00:16.229857
Novidades já notificadas anteriormente. Sem envio...
Rodou em: 2026-02-13 17:10:04.281643
Novidades já notificadas anteriormente. Sem envio...
Rodou em: 2026-02-13 17:27:06.309212
Novidades já notificadas anteriormente. Sem envio...
Rodou em: 2026-02-13 20:40:06.999101
Novidades já notificadas anteriormente. Sem envio...
Rodou em: 2026-02-13 21:20:15.242248
Novidades já notificadas anteriormente. Sem envio...
Erro ao acessar o site: HTTPSConnectionPool(host='sitepd.org.br', port=443): Read timed out.
Rodou em: 2026-02-14 02:32:48.966517
Novidades já notificadas anteriormente. Sem envio...
Rodou em: 2026-02-14 04:00:15.712355
Novidades já notificadas anteriormente. Sem envio...
Rodou em: 2026-02-14 04:10:04.354612
Novidades já notificadas anteriormente. Sem envio...
Rodou em: 2026-02-14 04:20:13.799298
Novidades já notificadas anteriormente. Sem envio...
Rodou em: 2026-02-14 04:30:14.143875
Novidades já notificadas anteriormente. Sem envio...
Rodou em: 2026-02-14 04:40:14.521342
Novidades já notificadas anteriormente. Sem envio...
Rodou em: 2026-02-14 04:50:06.502340
Novidades já notificadas anteriormente. Sem envio...
Rodou em: 2026-02-14 05:00:14.679292
Novidades já notificadas anteriormente. Sem envio...
Rodou em: 2026-02-14 05:10:14.028596
Novidades já notificadas anteriormente. Sem envio...
Rodou em: 2026-02-14 08:10:06.029892
Novidades já notificadas anteriormente. Sem envio...
Rodou em: 2026-02-14 10:27:15.297129
Novidades já notificadas anteriormente. Sem envio...
Rodou em: 2026-02-14 12:42:06.300942
Novidades já notificadas anteriormente. Sem envio...
Rodou em: 2026-02-14 13:14:50.105035
Novidades já notificadas anteriormente. Sem envio...
Rodou em: 2026-02-14 18:41:27.863312
Novidades já notificadas anteriormente. Sem envio...
Rodou em: 2026-02-14 19:20:05.688341
Novidades já notificadas anteriormente. Sem envio...
Rodou em: 2026-02-14 19:30:04.723079
Novidades já notificadas anteriormente. Sem envio...
Rodou em: 2026-02-14 19:40:14.835843
Novidades já notificadas anteriormente. Sem envio...
Rodou em: 2026-02-14 19:50:04.913648
Novidades já notificadas anteriormente. Sem envio...
Rodou em: 2026-02-14 20:00:14.860477
Novidades já notificadas anteriormente. Sem envio...
Rodou em: 2026-02-14 20:10:15.873732
Novidades já notificadas anteriormente. Sem envio...
Rodou em: 2026-02-14 20:20:14.524447
Novidades já notificadas anteriormente. Sem envio...
Rodou em: 2026-02-14 20:30:13.705100
Novidades já notificadas anteriormente. Sem envio...
Rodou em: 2026-02-14 20:40:06.458903
Novidades já notificadas anteriormente. Sem envio...
Rodou em: 2026-02-14 20:50:13.814358
Novidades já notificadas anteriormente. Sem envio...
Rodou em: 2026-02-14 21:00:04.445932
Novidades já notificadas anteriormente. Sem envio...
Rodou em: 2026-02-14 21:10:13.477921
Novidades já notificadas anteriormente. Sem envio...
Rodou em: 2026-02-14 21:20:05.821119
Novidades já notificadas anteriormente. Sem envio...
Rodou em: 2026-02-14 21:30:14.822727
Novidades já notificadas anteriormente. Sem envio...
Rodou em: 2026-02-14 21:40:14.619294
Novidades já notificadas anteriormente. Sem envio...
Rodou em: 2026-02-14 21:50:14.973006
Novidades já notificadas anteriormente. Sem envio...
Rodou em: 2026-02-14 22:00:04.345277
Novidades já notificadas anteriormente. Sem envio...
Rodou em: 2026-02-14 22:10:16.816884
Novidades já notificadas anteriormente. Sem envio...
Rodou em: 2026-02-14 22:20:05.087516
Novidades já notificadas anteriormente. Sem envio...
Rodou em: 2026-02-14 22:30:03.575039
Novidades já notificadas anteriormente. Sem envio...
Rodou em: 2026-02-14 22:40:13.921541
Novidades já notificadas anteriormente. Sem envio...
Rodou em: 2026-02-14 22:50:13.462219
Novidades já notificadas anteriormente. Sem envio...
Rodou em: 2026-02-14 23:00:04.336906
Novidades já notificadas anteriormente. Sem envio...
Rodou em: 2026-02-14 23:10:06.007835
Novidades já notificadas anteriormente. Sem envio...
Rodou em: 2026-02-14 23:20:13.680108
Novidades já notificadas anteriormente. Sem envio...
Rodou em: 2026-02-14 23:30:04.214181
Novidades já notificadas anteriormente. Sem envio...
Rodou em: 2026-02-14 23:40:16.837979
Novidades já notificadas anteriormente. Sem envio...
Rodou em: 2026-02-14 23:50:14.440846
Novidades já notificadas anteriormente. Sem envio...
Rodou em: 2026-02-15 00:00:14.610451
Novidades já notificadas anteriormente. Sem envio...
Rodou em: 2026-02-15 00:10:06.082091
Novidades já notificadas anteriormente. Sem envio...
Rodou em: 2026-02-15 00:20:13.462742
Novidades já notificadas anteriormente. Sem envio...
Rodou em: 2026-02-15 00:30:04.464957
Novidades já notificadas anteriormente. Sem envio...
Rodou em: 2026-02-15 00:40:15.972493
Novidades já notificadas anteriormente. Sem envio...
Rodou em: 2026-02-15 00:50:14.511383
Novidades já notificadas anteriormente. Sem envio...
Rodou em: 2026-02-15 01:00:04.511146
Novidades já notificadas anteriormente. Sem envio...
Rodou em: 2026-02-15 01:10:16.002327
Novidades já notificadas anteriormente. Sem envio...
Rodou em: 2026-02-15 01:20:14.601090
Novidades já notificadas anteriormente. Sem envio...
Rodou em: 2026-02-15 01:30:15.116439
Novidades já notificadas anteriormente. Sem envio...
Rodou em: 2026-02-15 01:40:15.017428
Novidades já notificadas anteriormente. Sem envio...
Rodou em: 2026-02-15 01:50:14.661645
Novidades já notificadas anteriormente. Sem envio...
Rodou em: 2026-02-15 02:00:05.138193
Novidades já notificadas anteriormente. Sem envio...
Rodou em: 2026-02-15 02:10:06.386502
Novidades já notificadas anteriormente. Sem envio...
Rodou em: 2026-02-15 02:20:04.147918
Novidades já notificadas anteriormente. Sem envio...
Rodou em: 2026-02-15 02:30:13.417838
Novidades já notificadas anteriormente. Sem envio...
Rodou em: 2026-02-15 02:40:05.527085
Novidades já notificadas anteriormente. Sem envio...
Rodou em: 2026-02-15 02:50:14.962463
Novidades já notificadas anteriormente. Sem envio...
Rodou em: 2026-02-15 03:00:13.565063
Novidades já notificadas anteriormente. Sem envio...
Rodou em: 2026-02-15 03:10:16.197914
Novidades já notificadas anteriormente. Sem envio...
Rodou em: 2026-02-15 03:20:14.740409
Novidades já notificadas anteriormente. Sem envio...
Rodou em: 2026-02-15 03:30:05.079078
Novidades já notificadas anteriormente. Sem envio...
Rodou em: 2026-02-15 03:40:13.231598
Novidades já notificadas anteriormente. Sem envio...
Rodou em: 2026-02-15 03:50:14.936620
Novidades já notificadas anteriormente. Sem envio...
Rodou em: 2026-02-15 04:00:03.740972
Novidades já notificadas anteriormente. Sem envio...
Rodou em: 2026-02-15 04:10:06.426131
Novidades já notificadas anteriormente. Sem envio...
Rodou em: 2026-02-15 04:20:04.287961
Novidades já notificadas anteriormente. Sem envio...
Rodou em: 2026-02-15 04:30:14.770924
Novidades já notificadas anteriormente. Sem envio...
Rodou em: 2026-02-15 04:40:15.545665
Novidades já notificadas anteriormente. Sem envio...
Rodou em: 2026-02-15 04:50:05.645889
Novidades já notificadas anteriormente. Sem envio...
Rodou em: 2026-02-15 05:00:15.138662
Novidades já notificadas anteriormente. Sem envio...
Rodou em: 2026-02-15 05:10:17.232392
Novidades já notificadas anteriormente. Sem envio...
Rodou em: 2026-02-15 05:20:14.674242
Novidades já notificadas anteriormente. Sem envio...
Rodou em: 2026-02-15 05:30:15.429211
Novidades já notificadas anteriormente. Sem envio...
Rodou em: 2026-02-15 05:40:06.888905
Novidades já notificadas anteriormente. Sem envio...
Rodou em: 2026-02-15 05:50:14.487179
Novidades já notificadas anteriormente. Sem envio...
Rodou em: 2026-02-15 06:00:18.430423
Novidades já notificadas anteriormente. Sem envio...
Rodou em: 2026-02-15 06:10:15.766432
Novidades já notificadas anteriormente. Sem envio...
Rodou em: 2026-02-15 06:20:15.452804
Novidades já notificadas anteriormente. Sem envio...
Rodou em: 2026-02-15 06:30:05.104597
Novidades já notificadas anteriormente. Sem envio...
Rodou em: 2026-02-15 06:40:05.444321
Novidades já notificadas anteriormente. Sem envio...
Rodou em: 2026-02-15 06:50:04.385887
Novidades já notificadas anteriormente. Sem envio...
Rodou em: 2026-02-15 07:00:14.899568
Novidades já notificadas anteriormente. Sem envio...
Rodou em: 2026-02-15 07:10:05.967766
Novidades já notificadas anteriormente. Sem envio...
Rodou em: 2026-02-15 07:20:04.320453
Novidades já notificadas anteriormente. Sem envio...
Rodou em: 2026-02-15 07:30:03.767143
Novidades já notificadas anteriormente. Sem envio...
Rodou em: 2026-02-15 07:40:17.201425
Novidades já notificadas anteriormente. Sem envio...
Rodou em: 2026-02-15 07:50:14.752628
Novidades já notificadas anteriormente. Sem envio...
Rodou em: 2026-02-15 08:00:05.705614
Novidades já notificadas anteriormente. Sem envio...
Rodou em: 2026-02-15 08:10:15.130799
Novidades já notificadas anteriormente. Sem envio...
Rodou em: 2026-02-15 08:20:14.548650
Novidades já notificadas anteriormente. Sem envio...
Rodou em: 2026-02-15 08:30:13.972380
Novidades já notificadas anteriormente. Sem envio...
Rodou em: 2026-02-15 08:40:05.506682
Novidades já notificadas anteriormente. Sem envio...
Rodou em: 2026-02-15 08:50:13.787778
Novidades já notificadas anteriormente. Sem envio...
Rodou em: 2026-02-15 09:00:03.974876
Novidades já notificadas anteriormente. Sem envio...
Rodou em: 2026-02-15 09:10:16.149551
Novidades já notificadas anteriormente. Sem envio...
Rodou em: 2026-02-15 09:20:05.299910
Novidades já notificadas anteriormente. Sem envio...
Rodou em: 2026-02-15 09:30:13.830069
Novidades já notificadas anteriormente. Sem envio...
Rodou em: 2026-02-15 09:40:09.024992
Novidades já notificadas anteriormente. Sem envio...
Rodou em: 2026-02-15 09:50:14.626361
Novidades já notificadas anteriormente. Sem envio...
Rodou em: 2026-02-15 10:00:04.216397
Novidades já notificadas anteriormente. Sem envio...
Rodou em: 2026-02-15 10:10:14.027019
Novidades já notificadas anteriormente. Sem envio...
Rodou em: 2026-02-15 10:20:03.675687
Novidades já notificadas anteriormente. Sem envio...
Rodou em: 2026-02-15 10:30:15.628362
Novidades já notificadas anteriormente. Sem envio...
Rodou em: 2026-02-15 10:40:17.540854
Novidades já notificadas anteriormente. Sem envio...
Rodou em: 2026-02-15 10:50:04.033287
Novidades já notificadas anteriormente. Sem envio...
Rodou em: 2026-02-15 11:00:13.415874
Novidades já notificadas anteriormente. Sem envio...
Rodou em: 2026-02-15 11:10:05.850966
Novidades já notificadas anteriormente. Sem envio...
Rodou em: 2026-02-15 11:20:15.361214
Novidades já notificadas anteriormente. Sem envio...
Rodou em: 2026-02-15 11:30:14.037225
Novidades já notificadas anteriormente. Sem envio...
Rodou em: 2026-02-15 11:40:15.199370
Novidades já notificadas anteriormente. Sem envio...
Rodou em: 2026-02-15 11:50:04.557291
Novidades já notificadas anteriormente. Sem envio...
Rodou em: 2026-02-15 12:00:13.934200
Novidades já notificadas anteriormente. Sem envio...
Rodou em: 2026-02-15 12:10:05.405176
Novidades já notificadas anteriormente. Sem envio...
Rodou em: 2026-02-15 12:20:13.819034
Novidades já notificadas anteriormente. Sem envio...
Rodou em: 2026-02-15 12:30:03.363328
Novidades já notificadas anteriormente. Sem envio...
Rodou em: 2026-02-15 12:40:05.948348
Novidades já notificadas anteriormente. Sem envio...
Rodou em: 2026-02-15 12:50:15.010943
Novidades já notificadas anteriormente. Sem envio...
Rodou em: 2026-02-15 13:00:14.141863
Novidades já notificadas anteriormente. Sem envio...
Rodou em: 2026-02-15 13:10:16.048852
Novidades já notificadas anteriormente. Sem envio...
Rodou em: 2026-02-15 13:20:25.652705
Novidades já notificadas anteriormente. Sem envio...
Rodou em: 2026-02-15 16:11:03.718552
Novidades já notificadas anteriormente. Sem envio...
Rodou em: 2026-02-15 19:27:06.149884
Novidades já notificadas anteriormente. Sem envio...
Rodou em: 2026-02-15 19:30:04.054930
Novidades já notificadas anteriormente. Sem envio...
Rodou em: 2026-02-15 19:40:04.348802
Novidades já notificadas anteriormente. Sem envio...
Rodou em: 2026-02-15 19:50:07.179507
Novidades já notificadas anteriormente. Sem envio...
Rodou em: 2026-02-15 20:00:17.218140
Novidades já notificadas anteriormente. Sem envio...
Rodou em: 2026-02-15 20:10:04.955164
Novidades já notificadas anteriormente. Sem envio...
Rodou em: 2026-02-15 20:20:04.290458
Novidades já notificadas anteriormente. Sem envio...
Rodou em: 2026-02-15 20:30:13.797582
Novidades já notificadas anteriormente. Sem envio...
Rodou em: 2026-02-15 20:40:05.972881
Novidades já notificadas anteriormente. Sem envio...
Rodou em: 2026-02-15 20:50:03.494620
Novidades já notificadas anteriormente. Sem envio...
Rodou em: 2026-02-15 21:00:14.092831
Novidades já notificadas anteriormente. Sem envio...
Rodou em: 2026-02-15 21:10:04.356795
Novidades já notificadas anteriormente. Sem envio...
Rodou em: 2026-02-15 21:20:03.887998
Novidades já notificadas anteriormente. Sem envio...
Rodou em: 2026-02-15 21:30:04.605445
Novidades já notificadas anteriormente. Sem envio...
Rodou em: 2026-02-15 21:40:05.742644
Novidades já notificadas anteriormente. Sem envio...
Rodou em: 2026-02-15 21:50:05.417256
Novidades já notificadas anteriormente. Sem envio...
Rodou em: 2026-02-15 22:00:16.478167
Novidades já notificadas anteriormente. Sem envio...
Rodou em: 2026-02-15 22:10:03.835658
Novidades já notificadas anteriormente. Sem envio...
Rodou em: 2026-02-15 23:40:06.072174
Novidades já notificadas anteriormente. Sem envio...
Rodou em: 2026-02-16 04:09:20.263515
Novidades já notificadas anteriormente. Sem envio...
Rodou em: 2026-02-16 05:20:05.549121
Novidades já notificadas anteriormente. Sem envio...
Rodou em: 2026-02-16 07:50:15.837443
Novidades já notificadas anteriormente. Sem envio...
Rodou em: 2026-02-16 08:00:03.925384
Novidades já notificadas anteriormente. Sem envio...
Rodou em: 2026-02-16 08:10:15.567209
Novidades já notificadas anteriormente. Sem envio...
Rodou em: 2026-02-16 08:20:14.320710
Novidades já notificadas anteriormente. Sem envio...
Rodou em: 2026-02-16 08:30:03.586229
Novidades já notificadas anteriormente. Sem envio...
Rodou em: 2026-02-16 08:40:16.786206
Novidades já notificadas anteriormente. Sem envio...
Rodou em: 2026-02-16 08:50:03.900177
Novidades já notificadas anteriormente. Sem envio...
Rodou em: 2026-02-16 09:00:04.447780
Novidades já notificadas anteriormente. Sem envio...
Rodou em: 2026-02-16 09:10:04.006704
Novidades já notificadas anteriormente. Sem envio...
Rodou em: 2026-02-16 09:20:13.996627
Novidades já notificadas anteriormente. Sem envio...
Rodou em: 2026-02-16 09:30:05.961671
Novidades já notificadas anteriormente. Sem envio...
Rodou em: 2026-02-16 09:40:17.072500
Novidades já notificadas anteriormente. Sem envio...
Rodou em: 2026-02-16 09:50:04.630137
Novidades já notificadas anteriormente. Sem envio...
Rodou em: 2026-02-16 10:00:14.414462
Novidades já notificadas anteriormente. Sem envio...
Rodou em: 2026-02-16 10:10:14.775731
Novidades já notificadas anteriormente. Sem envio...
Rodou em: 2026-02-16 10:20:13.262409
Novidades já notificadas anteriormente. Sem envio...
Rodou em: 2026-02-16 10:30:03.965297
Novidades já notificadas anteriormente. Sem envio...
Rodou em: 2026-02-16 10:40:04.887581
Novidades já notificadas anteriormente. Sem envio...
Rodou em: 2026-02-16 10:50:04.317883
Novidades já notificadas anteriormente. Sem envio...
Rodou em: 2026-02-16 11:00:04.494830
Novidades já notificadas anteriormente. Sem envio...
Rodou em: 2026-02-16 11:10:15.782239
Novidades já notificadas anteriormente. Sem envio...
Rodou em: 2026-02-16 11:20:15.468792
Novidades já notificadas anteriormente. Sem envio...
Rodou em: 2026-02-16 11:30:04.179431
Novidades já notificadas anteriormente. Sem envio...
Rodou em: 2026-02-16 11:40:15.780101
Novidades já notificadas anteriormente. Sem envio...
Rodou em: 2026-02-16 11:50:05.125089
Novidades já notificadas anteriormente. Sem envio...
Rodou em: 2026-02-16 12:00:15.102531
Novidades já notificadas anteriormente. Sem envio...
Rodou em: 2026-02-16 12:10:06.380974
Novidades já notificadas anteriormente. Sem envio...
Rodou em: 2026-02-16 12:20:14.326864
Novidades já notificadas anteriormente. Sem envio...
Rodou em: 2026-02-16 12:30:14.995920
Novidades já notificadas anteriormente. Sem envio...
Rodou em: 2026-02-16 12:40:03.446340
Novidades já notificadas anteriormente. Sem envio...
Rodou em: 2026-02-16 12:50:04.014810
Novidades já notificadas anteriormente. Sem envio...
Rodou em: 2026-02-16 13:00:13.953416
Novidades já notificadas anteriormente. Sem envio...
Rodou em: 2026-02-16 13:10:03.515500
Novidades já notificadas anteriormente. Sem envio...
Rodou em: 2026-02-16 13:20:06.562331
Novidades já notificadas anteriormente. Sem envio...
Rodou em: 2026-02-16 13:30:04.871186
Novidades já notificadas anteriormente. Sem envio...
Rodou em: 2026-02-16 13:40:04.034904
Novidades já notificadas anteriormente. Sem envio...
Rodou em: 2026-02-16 13:50:13.256151
Novidades já notificadas anteriormente. Sem envio...
Rodou em: 2026-02-16 14:00:04.755985
Novidades já notificadas anteriormente. Sem envio...
Rodou em: 2026-02-16 14:10:04.759852
Novidades já notificadas anteriormente. Sem envio...
Rodou em: 2026-02-16 14:20:15.343478
Novidades já notificadas anteriormente. Sem envio...
Rodou em: 2026-02-16 14:30:13.796174
Novidades já notificadas anteriormente. Sem envio...
Rodou em: 2026-02-16 14:40:13.421048
Novidades já notificadas anteriormente. Sem envio...
Rodou em: 2026-02-16 14:50:05.615081
Novidades já notificadas anteriormente. Sem envio...
Rodou em: 2026-02-16 15:00:04.398161
Novidades já notificadas anteriormente. Sem envio...
Rodou em: 2026-02-16 15:10:13.844310
Novidades já notificadas anteriormente. Sem envio...
Rodou em: 2026-02-16 15:20:03.668580
Novidades já notificadas anteriormente. Sem envio...
Rodou em: 2026-02-16 15:30:04.350562
Novidades já notificadas anteriormente. Sem envio...
Rodou em: 2026-02-16 15:40:16.519855
Novidades já notificadas anteriormente. Sem envio...
Rodou em: 2026-02-16 15:50:14.820951
Novidades já notificadas anteriormente. Sem envio...
Erro ao acessar o site: 503 Server Error: Service Unavailable for url: https://sitepd.org.br/
Rodou em: 2026-02-16 16:10:21.290382
Novidades já notificadas anteriormente. Sem envio...
Rodou em: 2026-02-16 16:20:16.074416
Novidades já notificadas anteriormente. Sem envio...
Rodou em: 2026-02-16 16:30:16.280216
Novidades já notificadas anteriormente. Sem envio...
Rodou em: 2026-02-16 16:40:04.268214
Novidades já notificadas anteriormente. Sem envio...
Rodou em: 2026-02-16 16:50:05.830888
Novidades já notificadas anteriormente. Sem envio...
Rodou em: 2026-02-16 17:00:14.157942
Novidades já notificadas anteriormente. Sem envio...
Rodou em: 2026-02-16 17:14:19.399110
Novidades já notificadas anteriormente. Sem envio...
Rodou em: 2026-02-16 18:11:02.270358
Novidades já notificadas anteriormente. Sem envio...
Rodou em: 2026-02-16 20:50:18.567634
Novidades já notificadas anteriormente. Sem envio...
Rodou em: 2026-02-17 00:45:16.693647
Novidades já notificadas anteriormente. Sem envio...
Rodou em: 2026-02-17 03:02:57.121122
Novidades já notificadas anteriormente. Sem envio...
Rodou em: 2026-02-17 04:10:06.717485
Novidades já notificadas anteriormente. Sem envio...
Rodou em: 2026-02-17 04:20:14.234870
Novidades já notificadas anteriormente. Sem envio...
Rodou em: 2026-02-17 04:30:13.425749
Novidades já notificadas anteriormente. Sem envio...
Rodou em: 2026-02-17 04:40:04.107836
Novidades já notificadas anteriormente. Sem envio...
Rodou em: 2026-02-17 04:50:03.629313
Novidades já notificadas anteriormente. Sem envio...
Rodou em: 2026-02-17 05:00:14.375453
Novidades já notificadas anteriormente. Sem envio...
Rodou em: 2026-02-17 05:10:13.745334
Novidades já notificadas anteriormente. Sem envio...
Rodou em: 2026-02-17 05:20:05.579747
Novidades já notificadas anteriormente. Sem envio...
Rodou em: 2026-02-17 06:05:06.253690
Novidades já notificadas anteriormente. Sem envio...
Rodou em: 2026-02-17 07:05:51.473222
Novidades já notificadas anteriormente. Sem envio...
Rodou em: 2026-02-17 08:01:39.342085
Novidades já notificadas anteriormente. Sem envio...
Rodou em: 2026-02-17 08:10:06.580407
Novidades já notificadas anteriormente. Sem envio...
Rodou em: 2026-02-17 08:20:05.632299
Novidades já notificadas anteriormente. Sem envio...
Rodou em: 2026-02-17 08:30:04.400271
Novidades já notificadas anteriormente. Sem envio...
Rodou em: 2026-02-17 08:40:04.245092
Novidades já notificadas anteriormente. Sem envio...
Rodou em: 2026-02-17 08:50:13.644829
Novidades já notificadas anteriormente. Sem envio...
Rodou em: 2026-02-17 09:00:15.274005
Novidades já notificadas anteriormente. Sem envio...
Rodou em: 2026-02-17 14:38:13.247745
Novidades já notificadas anteriormente. Sem envio...
Rodou em: 2026-02-17 15:00:14.664960
Novidades já notificadas anteriormente. Sem envio...
Rodou em: 2026-02-17 15:10:13.761146
Novidades já notificadas anteriormente. Sem envio...
Rodou em: 2026-02-17 15:20:13.299059
Novidades já notificadas anteriormente. Sem envio...
Rodou em: 2026-02-17 15:30:14.383095
Novidades já notificadas anteriormente. Sem envio...
Rodou em: 2026-02-17 15:40:13.242087
Novidades já notificadas anteriormente. Sem envio...
Rodou em: 2026-02-17 15:50:10.814159
Novidades já notificadas anteriormente. Sem envio...
Rodou em: 2026-02-17 16:00:34.996201
Novidades já notificadas anteriormente. Sem envio...
Rodou em: 2026-02-17 16:10:13.598650
Novidades já notificadas anteriormente. Sem envio...
Rodou em: 2026-02-17 16:20:04.098466
Novidades já notificadas anteriormente. Sem envio...
Rodou em: 2026-02-17 16:30:13.420574
Novidades já notificadas anteriormente. Sem envio...
Rodou em: 2026-02-17 16:40:14.117711
Novidades já notificadas anteriormente. Sem envio...
Rodou em: 2026-02-17 16:50:13.000082
Novidades já notificadas anteriormente. Sem envio...
Rodou em: 2026-02-17 17:00:03.239272
Novidades já notificadas anteriormente. Sem envio...
Rodou em: 2026-02-17 17:10:05.406205
Novidades já notificadas anteriormente. Sem envio...
Rodou em: 2026-02-17 17:20:14.035393
Novidades já notificadas anteriormente. Sem envio...
Rodou em: 2026-02-17 17:30:04.085071
Novidades já notificadas anteriormente. Sem envio...
Rodou em: 2026-02-17 17:40:14.171954
Novidades já notificadas anteriormente. Sem envio...
Rodou em: 2026-02-17 17:50:05.022353
Novidades já notificadas anteriormente. Sem envio...
Rodou em: 2026-02-17 18:00:06.136852
Novidades já notificadas anteriormente. Sem envio...
Rodou em: 2026-02-17 18:10:13.898301
Novidades já notificadas anteriormente. Sem envio...
Rodou em: 2026-02-17 18:20:04.087953
Novidades já notificadas anteriormente. Sem envio...
Rodou em: 2026-02-17 18:30:03.615052
Novidades já notificadas anteriormente. Sem envio...
Rodou em: 2026-02-17 19:13:51.939292
Novidades já notificadas anteriormente. Sem envio...
Rodou em: 2026-02-17 20:50:08.342116
Novidades já notificadas anteriormente. Sem envio...
Rodou em: 2026-02-17 21:01:56.973306
Novidades já notificadas anteriormente. Sem envio...
Rodou em: 2026-02-17 21:10:03.923102
Novidades já notificadas anteriormente. Sem envio...
Rodou em: 2026-02-17 21:20:15.713273
Novidades já notificadas anteriormente. Sem envio...
Rodou em: 2026-02-17 21:30:13.294991
Novidades já notificadas anteriormente. Sem envio...
Rodou em: 2026-02-17 21:40:12.909038
Novidades já notificadas anteriormente. Sem envio...
Rodou em: 2026-02-17 21:50:14.350751
Novidades já notificadas anteriormente. Sem envio...
Rodou em: 2026-02-17 22:00:15.361953
Novidades já notificadas anteriormente. Sem envio...
Rodou em: 2026-02-17 22:10:14.154644
Novidades já notificadas anteriormente. Sem envio...
Rodou em: 2026-02-17 22:20:04.383906
Novidades já notificadas anteriormente. Sem envio...
Rodou em: 2026-02-17 22:30:04.629585
Novidades já notificadas anteriormente. Sem envio...
Rodou em: 2026-02-17 22:40:15.431012
Novidades já notificadas anteriormente. Sem envio...
Rodou em: 2026-02-17 22:50:14.420709
Novidades já notificadas anteriormente. Sem envio...
Rodou em: 2026-02-17 23:00:03.617869
Novidades já notificadas anteriormente. Sem envio...
Rodou em: 2026-02-17 23:10:15.904753
Novidades já notificadas anteriormente. Sem envio...
Rodou em: 2026-02-17 23:20:04.780372
Novidades já notificadas anteriormente. Sem envio...
Rodou em: 2026-02-17 23:30:04.245808
Novidades já notificadas anteriormente. Sem envio...
Rodou em: 2026-02-17 23:40:15.261561
Novidades já notificadas anteriormente. Sem envio...
Rodou em: 2026-02-18 03:35:20.576851
Novidades já notificadas anteriormente. Sem envio...
Rodou em: 2026-02-18 04:10:05.451270
Novidades já notificadas anteriormente. Sem envio...
Rodou em: 2026-02-18 04:20:03.655311
Novidades já notificadas anteriormente. Sem envio...
Rodou em: 2026-02-18 04:30:15.638819
Novidades já notificadas anteriormente. Sem envio...
Erro ao acessar o site: HTTPSConnectionPool(host='sitepd.org.br', port=443): Read timed out. (read timeout=10)
Rodou em: 2026-02-18 04:50:06.320983
Novidades já notificadas anteriormente. Sem envio...
Erro ao acessar o site: HTTPSConnectionPool(host='sitepd.org.br', port=443): Read timed out. (read timeout=10)
Rodou em: 2026-02-18 05:36:10.388165
Novidades já notificadas anteriormente. Sem envio...
Rodou em: 2026-02-18 05:40:14.290595
Novidades já notificadas anteriormente. Sem envio...
Rodou em: 2026-02-18 05:50:03.930992
Novidades já notificadas anteriormente. Sem envio...
Rodou em: 2026-02-18 06:00:17.053809
Novidades já notificadas anteriormente. Sem envio...
Rodou em: 2026-02-18 06:10:14.776141
Novidades já notificadas anteriormente. Sem envio...
Rodou em: 2026-02-18 06:20:02.932750
Novidades já notificadas anteriormente. Sem envio...
Rodou em: 2026-02-18 06:30:12.748476
Novidades já notificadas anteriormente. Sem envio...
Rodou em: 2026-02-18 07:00:16.929380
Novidades já notificadas anteriormente. Sem envio...
Rodou em: 2026-02-18 07:10:03.929662
Novidades já notificadas anteriormente. Sem envio...
Rodou em: 2026-02-18 07:20:13.602307
Novidades já notificadas anteriormente. Sem envio...
Rodou em: 2026-02-18 07:30:06.740730
Novidades já notificadas anteriormente. Sem envio...
Rodou em: 2026-02-18 07:40:14.481001
Novidades já notificadas anteriormente. Sem envio...
Rodou em: 2026-02-18 07:50:15.028496
Novidades já notificadas anteriormente. Sem envio...
Rodou em: 2026-02-18 08:00:16.664463
Novidades já notificadas anteriormente. Sem envio...
Rodou em: 2026-02-18 08:10:03.608547
Novidades já notificadas anteriormente. Sem envio...
Rodou em: 2026-02-18 08:20:03.767196
Novidades já notificadas anteriormente. Sem envio...
Rodou em: 2026-02-18 08:30:17.439492
Novidades já notificadas anteriormente. Sem envio...
Rodou em: 2026-02-18 08:40:03.684499
Novidades já notificadas anteriormente. Sem envio...
Rodou em: 2026-02-18 08:50:13.948024
Novidades já notificadas anteriormente. Sem envio...
Rodou em: 2026-02-18 09:00:06.324753
Novidades já notificadas anteriormente. Sem envio...
Rodou em: 2026-02-18 09:10:14.448833
Novidades já notificadas anteriormente. Sem envio...
Rodou em: 2026-02-18 09:20:04.216275
Novidades já notificadas anteriormente. Sem envio...
Rodou em: 2026-02-18 09:30:13.608313
Novidades já notificadas anteriormente. Sem envio...
Rodou em: 2026-02-18 09:40:17.697348
Novidades já notificadas anteriormente. Sem envio...
Rodou em: 2026-02-18 09:50:13.157370
Novidades já notificadas anteriormente. Sem envio...
Rodou em: 2026-02-18 10:00:15.008424
Novidades já notificadas anteriormente. Sem envio...
Rodou em: 2026-02-18 10:10:14.524867
Novidades já notificadas anteriormente. Sem envio...
Rodou em: 2026-02-18 10:20:03.873139
Novidades já notificadas anteriormente. Sem envio...
Rodou em: 2026-02-18 10:30:14.405505
Novidades já notificadas anteriormente. Sem envio...
Rodou em: 2026-02-18 10:40:03.415042
Novidades já notificadas anteriormente. Sem envio...
Rodou em: 2026-02-18 10:50:04.157198
Novidades já notificadas anteriormente. Sem envio...
Rodou em: 2026-02-18 11:00:15.737748
Novidades já notificadas anteriormente. Sem envio...
Rodou em: 2026-02-18 11:10:03.556426
Novidades já notificadas anteriormente. Sem envio...
Rodou em: 2026-02-18 11:20:15.444581
Novidades já notificadas anteriormente. Sem envio...
Rodou em: 2026-02-18 11:30:05.476147
Novidades já notificadas anteriormente. Sem envio...
Rodou em: 2026-02-18 11:40:13.120327
Novidades já notificadas anteriormente. Sem envio...
Rodou em: 2026-02-18 11:50:28.233693
Novidades já notificadas anteriormente. Sem envio...
Rodou em: 2026-02-18 12:00:14.453366
Novidades já notificadas anteriormente. Sem envio...
Rodou em: 2026-02-18 12:10:15.167713
Novidades já notificadas anteriormente. Sem envio...
Rodou em: 2026-02-18 12:20:38.349938
Novidades já notificadas anteriormente. Sem envio...
Rodou em: 2026-02-18 12:30:04.316213
Novidades já notificadas anteriormente. Sem envio...
Rodou em: 2026-02-18 12:40:14.004846
Novidades já notificadas anteriormente. Sem envio...
Rodou em: 2026-02-18 12:50:05.388753
Novidades já notificadas anteriormente. Sem envio...
Rodou em: 2026-02-18 13:00:14.638292
Novidades já notificadas anteriormente. Sem envio...
Rodou em: 2026-02-18 13:10:04.111985
Novidades já notificadas anteriormente. Sem envio...
Rodou em: 2026-02-18 13:20:03.759618
Novidades já notificadas anteriormente. Sem envio...
Rodou em: 2026-02-18 13:30:03.932318
Novidades já notificadas anteriormente. Sem envio...
Rodou em: 2026-02-18 13:40:13.626336
Novidades já notificadas anteriormente. Sem envio...
Rodou em: 2026-02-18 13:50:04.563663
Novidades já notificadas anteriormente. Sem envio...
Rodou em: 2026-02-18 14:00:06.289303
Novidades já notificadas anteriormente. Sem envio...
Rodou em: 2026-02-18 14:10:03.143748
Novidades já notificadas anteriormente. Sem envio...
Rodou em: 2026-02-18 14:20:13.391432
Novidades já notificadas anteriormente. Sem envio...
Rodou em: 2026-02-18 14:30:14.938704
Novidades já notificadas anteriormente. Sem envio...
Rodou em: 2026-02-18 14:40:13.456984
Novidades já notificadas anteriormente. Sem envio...
Rodou em: 2026-02-18 14:50:13.575422
Novidades já notificadas anteriormente. Sem envio...
Rodou em: 2026-02-18 15:00:05.092140
Novidades já notificadas anteriormente. Sem envio...
Rodou em: 2026-02-18 15:10:08.151972
Novidades já notificadas anteriormente. Sem envio...
Rodou em: 2026-02-18 15:20:07.542949
Novidades já notificadas anteriormente. Sem envio...
Rodou em: 2026-02-18 15:30:13.264785
Novidades já notificadas anteriormente. Sem envio...
Rodou em: 2026-02-18 15:40:13.666002
Novidades já notificadas anteriormente. Sem envio...
Rodou em: 2026-02-18 15:50:12.687626
Novidades já notificadas anteriormente. Sem envio...
Rodou em: 2026-02-18 16:00:04.739496
Novidades já notificadas anteriormente. Sem envio...
Rodou em: 2026-02-18 16:10:14.961559
Novidades já notificadas anteriormente. Sem envio...
Rodou em: 2026-02-18 16:20:04.241978
Novidades já notificadas anteriormente. Sem envio...
Rodou em: 2026-02-18 16:30:13.580034
Novidades já notificadas anteriormente. Sem envio...
Rodou em: 2026-02-18 16:40:13.332312
Novidades já notificadas anteriormente. Sem envio...
Rodou em: 2026-02-18 16:50:14.896595
Novidades já notificadas anteriormente. Sem envio...
Rodou em: 2026-02-18 17:00:06.275115
Novidades já notificadas anteriormente. Sem envio...
Rodou em: 2026-02-18 17:10:14.399175
Novidades já notificadas anteriormente. Sem envio...
Rodou em: 2026-02-18 17:20:14.805876
Novidades já notificadas anteriormente. Sem envio...
Rodou em: 2026-02-18 17:30:13.591559
Novidades já notificadas anteriormente. Sem envio...
Rodou em: 2026-02-18 17:40:04.053072
Novidades já notificadas anteriormente. Sem envio...
Rodou em: 2026-02-18 17:50:13.030484
Novidades já notificadas anteriormente. Sem envio...
Rodou em: 2026-02-18 18:00:04.250987
Novidades já notificadas anteriormente. Sem envio...
Rodou em: 2026-02-18 18:10:13.855949
Novidades já notificadas anteriormente. Sem envio...
Rodou em: 2026-02-18 18:20:13.899655
Novidades já notificadas anteriormente. Sem envio...
Rodou em: 2026-02-18 18:30:05.377293
Novidades já notificadas anteriormente. Sem envio...
Rodou em: 2026-02-18 18:40:04.017850
Novidades já notificadas anteriormente. Sem envio...
Rodou em: 2026-02-18 18:50:04.921347
Novidades já notificadas anteriormente. Sem envio...
Rodou em: 2026-02-18 19:00:13.814861
Novidades já notificadas anteriormente. Sem envio...
Rodou em: 2026-02-18 19:10:14.339963
Novidades já notificadas anteriormente. Sem envio...
Rodou em: 2026-02-18 19:20:13.851335
Novidades já notificadas anteriormente. Sem envio...
Rodou em: 2026-02-18 19:30:14.997156
Novidades já notificadas anteriormente. Sem envio...
Rodou em: 2026-02-18 19:40:05.259567
Novidades já notificadas anteriormente. Sem envio...
Rodou em: 2026-02-18 19:50:04.493401
Novidades já notificadas anteriormente. Sem envio...
Rodou em: 2026-02-18 20:00:15.493147
Novidades já notificadas anteriormente. Sem envio...
Rodou em: 2026-02-18 20:10:04.452946
Novidades já notificadas anteriormente. Sem envio...
Rodou em: 2026-02-18 20:20:04.517145
Novidades já notificadas anteriormente. Sem envio...
Rodou em: 2026-02-18 20:30:03.678982
Novidades já notificadas anteriormente. Sem envio...
Rodou em: 2026-02-18 20:40:09.010786
Novidades já notificadas anteriormente. Sem envio...
Rodou em: 2026-02-18 20:50:05.403921
Novidades já notificadas anteriormente. Sem envio...
Rodou em: 2026-02-18 21:00:15.121374
Novidades já notificadas anteriormente. Sem envio...
Rodou em: 2026-02-18 21:10:03.837286
Novidades já notificadas anteriormente. Sem envio...
Rodou em: 2026-02-18 21:20:03.514736
Novidades já notificadas anteriormente. Sem envio...
Rodou em: 2026-02-18 21:30:04.267802
Novidades já notificadas anteriormente. Sem envio...
Rodou em: 2026-02-18 21:40:03.517066
Novidades já notificadas anteriormente. Sem envio...
Rodou em: 2026-02-18 21:50:05.396325
Novidades já notificadas anteriormente. Sem envio...
Rodou em: 2026-02-18 22:00:03.665735
Novidades já notificadas anteriormente. Sem envio...
Rodou em: 2026-02-18 22:10:04.467173
Novidades já notificadas anteriormente. Sem envio...
Rodou em: 2026-02-18 22:20:06.113970
Novidades já notificadas anteriormente. Sem envio...
Rodou em: 2026-02-18 22:30:03.877354
Novidades já notificadas anteriormente. Sem envio...
Rodou em: 2026-02-18 22:40:14.742569
Novidades já notificadas anteriormente. Sem envio...
Rodou em: 2026-02-18 22:50:04.927731
Novidades já notificadas anteriormente. Sem envio...
Rodou em: 2026-02-18 23:00:05.477018
Novidades já notificadas anteriormente. Sem envio...
Rodou em: 2026-02-18 23:10:13.420012
Novidades já notificadas anteriormente. Sem envio...
Rodou em: 2026-02-18 23:20:04.465499
Novidades já notificadas anteriormente. Sem envio...
Rodou em: 2026-02-19 04:50:06.644853
Novidades já notificadas anteriormente. Sem envio...
Rodou em: 2026-02-19 05:00:03.941398
Novidades já notificadas anteriormente. Sem envio...
Rodou em: 2026-02-19 05:10:14.883358
Novidades já notificadas anteriormente. Sem envio...
Rodou em: 2026-02-19 05:20:13.423929
Novidades já notificadas anteriormente. Sem envio...
Rodou em: 2026-02-19 05:30:06.068294
Novidades já notificadas anteriormente. Sem envio...
Rodou em: 2026-02-19 07:20:20.122512
Novidades já notificadas anteriormente. Sem envio...
Rodou em: 2026-02-19 07:30:04.411679
Novidades já notificadas anteriormente. Sem envio...
Rodou em: 2026-02-19 07:40:05.101586
Novidades já notificadas anteriormente. Sem envio...
Rodou em: 2026-02-19 07:50:13.079401
Novidades já notificadas anteriormente. Sem envio...
Rodou em: 2026-02-19 08:00:15.269131
Novidades já notificadas anteriormente. Sem envio...
Rodou em: 2026-02-19 08:10:04.285116
Novidades já notificadas anteriormente. Sem envio...
Rodou em: 2026-02-19 08:20:15.006319
Novidades já notificadas anteriormente. Sem envio...
Rodou em: 2026-02-19 08:30:15.552137
Novidades já notificadas anteriormente. Sem envio...
Rodou em: 2026-02-19 08:40:16.241631
Novidades já notificadas anteriormente. Sem envio...
Rodou em: 2026-02-19 08:50:05.603451
Novidades já notificadas anteriormente. Sem envio...
Rodou em: 2026-02-19 09:00:09.114127
Novidades já notificadas anteriormente. Sem envio...
Rodou em: 2026-02-19 09:10:14.520288
Novidades já notificadas anteriormente. Sem envio...
Rodou em: 2026-02-19 09:20:15.579605
Novidades já notificadas anteriormente. Sem envio...
Rodou em: 2026-02-19 09:30:14.334013
Novidades já notificadas anteriormente. Sem envio...
Rodou em: 2026-02-19 09:40:13.862556
Novidades já notificadas anteriormente. Sem envio...
Rodou em: 2026-02-19 09:50:07.946201
Novidades já notificadas anteriormente. Sem envio...
Rodou em: 2026-02-19 10:00:14.369627
Novidades já notificadas anteriormente. Sem envio...
Rodou em: 2026-02-19 10:10:13.765198
Novidades já notificadas anteriormente. Sem envio...
Rodou em: 2026-02-19 10:20:03.826916
Novidades já notificadas anteriormente. Sem envio...
Rodou em: 2026-02-19 10:30:13.279194
Novidades já notificadas anteriormente. Sem envio...
Rodou em: 2026-02-19 10:40:04.052087
Novidades já notificadas anteriormente. Sem envio...
Rodou em: 2026-02-19 10:50:05.395887
Novidades já notificadas anteriormente. Sem envio...
Rodou em: 2026-02-19 11:00:04.359836
Novidades já notificadas anteriormente. Sem envio...
Rodou em: 2026-02-19 11:10:12.776923
Novidades já notificadas anteriormente. Sem envio...
Rodou em: 2026-02-19 11:20:16.023711
Novidades já notificadas anteriormente. Sem envio...
Rodou em: 2026-02-19 11:30:04.256416
Novidades já notificadas anteriormente. Sem envio...
Rodou em: 2026-02-19 11:40:04.157064
Novidades já notificadas anteriormente. Sem envio...
Rodou em: 2026-02-19 11:50:13.703755
Novidades já notificadas anteriormente. Sem envio...
Rodou em: 2026-02-19 12:00:14.320784
Novidades já notificadas anteriormente. Sem envio...
Rodou em: 2026-02-19 12:10:04.874169
Novidades já notificadas anteriormente. Sem envio...
Rodou em: 2026-02-19 12:20:13.573418
Novidades já notificadas anteriormente. Sem envio...
Rodou em: 2026-02-19 12:30:13.971196
Novidades já notificadas anteriormente. Sem envio...
Rodou em: 2026-02-19 12:40:13.478052
Novidades já notificadas anteriormente. Sem envio...
Rodou em: 2026-02-19 12:50:06.974496
Novidades já notificadas anteriormente. Sem envio...
Rodou em: 2026-02-19 13:00:03.838901
Novidades já notificadas anteriormente. Sem envio...
Rodou em: 2026-02-19 13:10:14.308416
Novidades já notificadas anteriormente. Sem envio...
Rodou em: 2026-02-19 13:20:23.113214
Novidades já notificadas anteriormente. Sem envio...
Rodou em: 2026-02-19 13:30:06.659682
Novidades já notificadas anteriormente. Sem envio...
Rodou em: 2026-02-19 13:40:09.268858
Novidades já notificadas anteriormente. Sem envio...
Rodou em: 2026-02-19 13:50:18.985716
Novidades já notificadas anteriormente. Sem envio...
Rodou em: 2026-02-19 14:00:25.989354
Novidades já notificadas anteriormente. Sem envio...
Rodou em: 2026-02-19 14:10:25.409496
Novidades já notificadas anteriormente. Sem envio...
Rodou em: 2026-02-19 14:20:09.022266
Novidades já notificadas anteriormente. Sem envio...
Rodou em: 2026-02-19 14:30:10.866208
Novidades já notificadas anteriormente. Sem envio...
Rodou em: 2026-02-19 14:41:23.267573
Novidades já notificadas anteriormente. Sem envio...
Rodou em: 2026-02-19 14:50:15.628948
Novidades já notificadas anteriormente. Sem envio...
Rodou em: 2026-02-19 15:00:07.170287
Novidades já notificadas anteriormente. Sem envio...
Rodou em: 2026-02-19 15:10:08.833977
Novidades já notificadas anteriormente. Sem envio...
Rodou em: 2026-02-19 15:20:07.601927
Novidades já notificadas anteriormente. Sem envio...
Rodou em: 2026-02-19 15:30:16.520867
Novidades já notificadas anteriormente. Sem envio...
Rodou em: 2026-02-19 15:40:15.959811
Novidades já notificadas anteriormente. Sem envio...
Rodou em: 2026-02-19 15:50:12.878883
Novidades já notificadas anteriormente. Sem envio...
Rodou em: 2026-02-19 16:00:04.580010
Novidades já notificadas anteriormente. Sem envio...
Rodou em: 2026-02-19 16:10:14.287686
Novidades já notificadas anteriormente. Sem envio...
Rodou em: 2026-02-19 16:20:15.944607
Novidades já notificadas anteriormente. Sem envio...
Rodou em: 2026-02-19 16:30:14.184493
Novidades já notificadas anteriormente. Sem envio...
Rodou em: 2026-02-19 16:40:07.735025
Novidades já notificadas anteriormente. Sem envio...
Rodou em: 2026-02-19 16:50:03.836171
Novidades já notificadas anteriormente. Sem envio...
Rodou em: 2026-02-19 17:00:04.039816
Novidades já notificadas anteriormente. Sem envio...
Rodou em: 2026-02-19 17:10:15.593890
Novidades já notificadas anteriormente. Sem envio...
Rodou em: 2026-02-19 17:20:04.330907
Novidades já notificadas anteriormente. Sem envio...
Rodou em: 2026-02-19 17:30:03.801708
Novidades já notificadas anteriormente. Sem envio...
Rodou em: 2026-02-19 17:40:13.542421
Novidades já notificadas anteriormente. Sem envio...
Rodou em: 2026-02-19 17:50:04.382882
Novidades já notificadas anteriormente. Sem envio...
Rodou em: 2026-02-19 18:00:04.294323
Novidades já notificadas anteriormente. Sem envio...
Rodou em: 2026-02-19 18:10:14.037742
Novidades já notificadas anteriormente. Sem envio...
Rodou em: 2026-02-19 18:20:06.295739
Novidades já notificadas anteriormente. Sem envio...
Rodou em: 2026-02-19 18:30:13.645902
Novidades já notificadas anteriormente. Sem envio...
Rodou em: 2026-02-19 18:40:04.580906
Novidades já notificadas anteriormente. Sem envio...
Rodou em: 2026-02-19 18:50:04.420429
Novidades já notificadas anteriormente. Sem envio...
Rodou em: 2026-02-19 19:00:04.721695
Novidades já notificadas anteriormente. Sem envio...
Rodou em: 2026-02-19 19:10:04.542482
Novidades já notificadas anteriormente. Sem envio...
Rodou em: 2026-02-19 19:20:15.883089
Novidades já notificadas anteriormente. Sem envio...
Rodou em: 2026-02-19 19:30:14.727926
Novidades já notificadas anteriormente. Sem envio...
Rodou em: 2026-02-19 19:40:05.654622
Novidades já notificadas anteriormente. Sem envio...
Rodou em: 2026-02-19 19:50:04.842784
Novidades já notificadas anteriormente. Sem envio...
Rodou em: 2026-02-19 20:00:13.382023
Novidades já notificadas anteriormente. Sem envio...
Rodou em: 2026-02-19 20:10:05.292562
Novidades já notificadas anteriormente. Sem envio...
Rodou em: 2026-02-19 20:20:15.344979
Novidades já notificadas anteriormente. Sem envio...
Rodou em: 2026-02-19 20:30:15.064257
Novidades já notificadas anteriormente. Sem envio...
Rodou em: 2026-02-19 20:40:06.494986
Novidades já notificadas anteriormente. Sem envio...
Rodou em: 2026-02-19 20:50:14.962948
Novidades já notificadas anteriormente. Sem envio...
Rodou em: 2026-02-19 21:00:16.067378
Novidades já notificadas anteriormente. Sem envio...
Rodou em: 2026-02-19 21:10:14.096410
Novidades já notificadas anteriormente. Sem envio...
Rodou em: 2026-02-19 21:20:05.782142
Novidades já notificadas anteriormente. Sem envio...
Rodou em: 2026-02-19 21:30:04.703684
Novidades já notificadas anteriormente. Sem envio...
Rodou em: 2026-02-19 21:40:05.020999
Novidades já notificadas anteriormente. Sem envio...
Rodou em: 2026-02-19 21:50:03.918549
Novidades já notificadas anteriormente. Sem envio...
Rodou em: 2026-02-19 22:00:13.457224
Novidades já notificadas anteriormente. Sem envio...
Rodou em: 2026-02-19 22:10:14.103883
Novidades já notificadas anteriormente. Sem envio...
Rodou em: 2026-02-19 22:20:15.769874
Novidades já notificadas anteriormente. Sem envio...
Rodou em: 2026-02-19 22:30:13.508991
Novidades já notificadas anteriormente. Sem envio...
Rodou em: 2026-02-19 22:40:04.434159
Novidades já notificadas anteriormente. Sem envio...
Rodou em: 2026-02-19 22:50:13.796084
Novidades já notificadas anteriormente. Sem envio...
Rodou em: 2026-02-19 23:00:13.475257
Novidades já notificadas anteriormente. Sem envio...
Rodou em: 2026-02-19 23:10:13.967989
Novidades já notificadas anteriormente. Sem envio...
Rodou em: 2026-02-19 23:20:05.432918
Novidades já notificadas anteriormente. Sem envio...
Rodou em: 2026-02-19 23:30:13.914446
Novidades já notificadas anteriormente. Sem envio...
Rodou em: 2026-02-19 23:40:03.899877
Novidades já notificadas anteriormente. Sem envio...
Rodou em: 2026-02-19 23:50:04.137803
Novidades já notificadas anteriormente. Sem envio...
Rodou em: 2026-02-20 00:00:14.938554
Novidades já notificadas anteriormente. Sem envio...
Rodou em: 2026-02-20 00:10:03.922889
Novidades já notificadas anteriormente. Sem envio...
Rodou em: 2026-02-20 00:20:15.314675
Novidades já notificadas anteriormente. Sem envio...
Rodou em: 2026-02-20 00:30:04.847923
Novidades já notificadas anteriormente. Sem envio...
Rodou em: 2026-02-20 00:40:13.293031
Novidades já notificadas anteriormente. Sem envio...
Rodou em: 2026-02-20 00:50:13.603283
Novidades já notificadas anteriormente. Sem envio...
Rodou em: 2026-02-20 01:00:14.241159
Novidades já notificadas anteriormente. Sem envio...
Rodou em: 2026-02-20 01:10:05.825541
Novidades já notificadas anteriormente. Sem envio...
Rodou em: 2026-02-20 01:20:13.654103
Novidades já notificadas anteriormente. Sem envio...
Rodou em: 2026-02-20 01:30:05.057780
Novidades já notificadas anteriormente. Sem envio...
Rodou em: 2026-02-20 01:40:13.730391
Novidades já notificadas anteriormente. Sem envio...
Rodou em: 2026-02-20 01:50:04.289068
Novidades já notificadas anteriormente. Sem envio...
Rodou em: 2026-02-20 02:00:13.914901
Novidades já notificadas anteriormente. Sem envio...
Rodou em: 2026-02-20 02:10:16.354317
Novidades já notificadas anteriormente. Sem envio...
Rodou em: 2026-02-20 02:20:03.987840
Novidades já notificadas anteriormente. Sem envio...
Rodou em: 2026-02-20 02:30:03.625079
Novidades já notificadas anteriormente. Sem envio...
Rodou em: 2026-02-20 02:40:14.437437
Novidades já notificadas anteriormente. Sem envio...
Rodou em: 2026-02-20 02:50:13.819126
Novidades já notificadas anteriormente. Sem envio...
Rodou em: 2026-02-20 03:00:13.183828
Novidades já notificadas anteriormente. Sem envio...
Rodou em: 2026-02-20 03:10:04.102292
Novidades já notificadas anteriormente. Sem envio...
Rodou em: 2026-02-20 03:20:05.443470
Novidades já notificadas anteriormente. Sem envio...
Rodou em: 2026-02-20 03:30:03.904660
Novidades já notificadas anteriormente. Sem envio...
Rodou em: 2026-02-20 03:40:03.811131
Novidades já notificadas anteriormente. Sem envio...
Rodou em: 2026-02-20 03:50:06.205941
Novidades já notificadas anteriormente. Sem envio...
Rodou em: 2026-02-20 04:00:04.296188
Novidades já notificadas anteriormente. Sem envio...
Rodou em: 2026-02-20 04:10:14.703513
Novidades já notificadas anteriormente. Sem envio...
Rodou em: 2026-02-20 04:20:14.183479
Novidades já notificadas anteriormente. Sem envio...
Rodou em: 2026-02-20 04:30:13.880757
Novidades já notificadas anteriormente. Sem envio...
Rodou em: 2026-02-20 04:40:13.543631
Novidades já notificadas anteriormente. Sem envio...
Rodou em: 2026-02-20 04:50:04.032720
Novidades já notificadas anteriormente. Sem envio...
Rodou em: 2026-02-20 05:00:03.815687
Novidades já notificadas anteriormente. Sem envio...
Rodou em: 2026-02-20 05:10:13.696113
Novidades já notificadas anteriormente. Sem envio...
Rodou em: 2026-02-20 05:20:03.895910
Novidades já notificadas anteriormente. Sem envio...
Rodou em: 2026-02-20 05:30:03.751154
Novidades já notificadas anteriormente. Sem envio...
Rodou em: 2026-02-20 05:40:13.505926
Novidades já notificadas anteriormente. Sem envio...
Rodou em: 2026-02-20 05:50:15.686812
Novidades já notificadas anteriormente. Sem envio...
Rodou em: 2026-02-20 06:00:13.404119
Novidades já notificadas anteriormente. Sem envio...
Rodou em: 2026-02-20 06:10:04.126058
Novidades já notificadas anteriormente. Sem envio...
Rodou em: 2026-02-20 06:20:13.657103
Novidades já notificadas anteriormente. Sem envio...
Rodou em: 2026-02-20 06:30:04.105212
Novidades já notificadas anteriormente. Sem envio...
Rodou em: 2026-02-20 06:40:13.641766
Novidades já notificadas anteriormente. Sem envio...
Rodou em: 2026-02-20 06:50:05.841701
Novidades já notificadas anteriormente. Sem envio...
Rodou em: 2026-02-20 07:00:05.040682
Novidades já notificadas anteriormente. Sem envio...
Rodou em: 2026-02-20 07:10:03.960847
Novidades já notificadas anteriormente. Sem envio...
Rodou em: 2026-02-20 07:20:15.464726
Novidades já notificadas anteriormente. Sem envio...
Rodou em: 2026-02-20 07:30:13.855002
Novidades já notificadas anteriormente. Sem envio...
Rodou em: 2026-02-20 07:40:03.649323
Novidades já notificadas anteriormente. Sem envio...
Rodou em: 2026-02-20 07:50:05.195133
Novidades já notificadas anteriormente. Sem envio...
Rodou em: 2026-02-20 08:00:12.094549
Novidades já notificadas anteriormente. Sem envio...
Rodou em: 2026-02-20 08:10:03.770984
Novidades já notificadas anteriormente. Sem envio...
Rodou em: 2026-02-20 08:20:03.537722
Novidades já notificadas anteriormente. Sem envio...
Rodou em: 2026-02-20 08:30:13.865039
Novidades já notificadas anteriormente. Sem envio...
Rodou em: 2026-02-20 08:40:13.349644
Novidades já notificadas anteriormente. Sem envio...
Rodou em: 2026-02-20 08:50:03.993520
Novidades já notificadas anteriormente. Sem envio...
Rodou em: 2026-02-20 09:00:15.317780
Novidades já notificadas anteriormente. Sem envio...
Rodou em: 2026-02-20 09:10:17.367595
Novidades já notificadas anteriormente. Sem envio...
Rodou em: 2026-02-20 09:20:04.314800
Novidades já notificadas anteriormente. Sem envio...
Rodou em: 2026-02-20 09:30:13.716184
Novidades já notificadas anteriormente. Sem envio...
Rodou em: 2026-02-20 09:40:04.537440
Novidades já notificadas anteriormente. Sem envio...
Rodou em: 2026-02-20 09:50:13.956118
Novidades já notificadas anteriormente. Sem envio...
Rodou em: 2026-02-20 10:00:06.300942
Novidades já notificadas anteriormente. Sem envio...
Rodou em: 2026-02-20 10:10:15.324512
Novidades já notificadas anteriormente. Sem envio...
Rodou em: 2026-02-20 10:20:13.503570
Novidades já notificadas anteriormente. Sem envio...
Rodou em: 2026-02-20 10:30:05.923064
Novidades já notificadas anteriormente. Sem envio...
Rodou em: 2026-02-20 10:40:03.846210
Novidades já notificadas anteriormente. Sem envio...
Rodou em: 2026-02-20 10:50:13.306674
Novidades já notificadas anteriormente. Sem envio...
Rodou em: 2026-02-20 11:00:14.719265
Novidades já notificadas anteriormente. Sem envio...
Rodou em: 2026-02-20 11:10:17.026919
Novidades já notificadas anteriormente. Sem envio...
Rodou em: 2026-02-20 11:20:13.254656
Novidades já notificadas anteriormente. Sem envio...
Rodou em: 2026-02-20 11:30:14.656793
Novidades já notificadas anteriormente. Sem envio...
Rodou em: 2026-02-20 11:40:06.062254
Novidades já notificadas anteriormente. Sem envio...
Rodou em: 2026-02-20 11:50:09.768843
Novidades já notificadas anteriormente. Sem envio...
Rodou em: 2026-02-20 12:00:14.369190
Novidades já notificadas anteriormente. Sem envio...
Rodou em: 2026-02-20 12:10:14.338405
Novidades já notificadas anteriormente. Sem envio...
Rodou em: 2026-02-20 12:20:04.009533
Novidades já notificadas anteriormente. Sem envio...
Rodou em: 2026-02-20 12:30:04.848571
Novidades já notificadas anteriormente. Sem envio...
Rodou em: 2026-02-20 12:40:04.673123
Novidades já notificadas anteriormente. Sem envio...
Rodou em: 2026-02-20 12:50:14.337329
Novidades já notificadas anteriormente. Sem envio...
Rodou em: 2026-02-20 13:00:13.767271
Novidades já notificadas anteriormente. Sem envio...
Rodou em: 2026-02-20 13:10:15.444499
Novidades já notificadas anteriormente. Sem envio...
Rodou em: 2026-02-20 13:20:05.585185
Novidades já notificadas anteriormente. Sem envio...
Rodou em: 2026-02-20 13:30:05.895434
Novidades já notificadas anteriormente. Sem envio...
Rodou em: 2026-02-20 13:40:13.611428
Novidades já notificadas anteriormente. Sem envio...
Rodou em: 2026-02-20 13:50:19.255327
Novidades já notificadas anteriormente. Sem envio...
Rodou em: 2026-02-20 14:00:13.490890
Novidades já notificadas anteriormente. Sem envio...
Rodou em: 2026-02-20 14:10:14.221249
Novidades já notificadas anteriormente. Sem envio...
Rodou em: 2026-02-20 14:20:13.935450
Novidades já notificadas anteriormente. Sem envio...
Rodou em: 2026-02-20 14:30:14.496176
Novidades já notificadas anteriormente. Sem envio...
Rodou em: 2026-02-20 14:40:15.974961
Novidades já notificadas anteriormente. Sem envio...
Rodou em: 2026-02-20 14:50:05.371824
Novidades já notificadas anteriormente. Sem envio...
Rodou em: 2026-02-20 15:00:04.834285
Novidades já notificadas anteriormente. Sem envio...
Rodou em: 2026-02-20 15:10:03.724533
Novidades já notificadas anteriormente. Sem envio...
Rodou em: 2026-02-20 15:20:06.488559
Novidades já notificadas anteriormente. Sem envio...
Rodou em: 2026-02-20 15:30:13.940609
Novidades já notificadas anteriormente. Sem envio...
Rodou em: 2026-02-20 15:40:14.689437
Novidades já notificadas anteriormente. Sem envio...
Rodou em: 2026-02-20 15:50:03.781719
Novidades já notificadas anteriormente. Sem envio...
Rodou em: 2026-02-20 16:00:04.313258
Novidades já notificadas anteriormente. Sem envio...
Rodou em: 2026-02-20 16:10:05.583163
Novidades já notificadas anteriormente. Sem envio...
Rodou em: 2026-02-20 16:20:06.940970
Novidades já notificadas anteriormente. Sem envio...
Rodou em: 2026-02-20 16:30:04.360466
Novidades já notificadas anteriormente. Sem envio...
Rodou em: 2026-02-20 16:40:13.679392
Novidades já notificadas anteriormente. Sem envio...
Rodou em: 2026-02-20 16:50:05.712644
Novidades já notificadas anteriormente. Sem envio...
Rodou em: 2026-02-20 17:00:04.753375
Novidades já notificadas anteriormente. Sem envio...
Rodou em: 2026-02-20 17:10:06.068317
Novidades já notificadas anteriormente. Sem envio...
Rodou em: 2026-02-20 17:20:13.521099
Novidades já notificadas anteriormente. Sem envio...
Rodou em: 2026-02-20 17:30:13.919451
Novidades já notificadas anteriormente. Sem envio...
Rodou em: 2026-02-20 17:40:14.457627
Novidades já notificadas anteriormente. Sem envio...
Rodou em: 2026-02-20 17:50:05.806299
Novidades já notificadas anteriormente. Sem envio...
Rodou em: 2026-02-20 18:00:14.303337
Novidades já notificadas anteriormente. Sem envio...
Rodou em: 2026-02-20 18:10:13.963013
Novidades já notificadas anteriormente. Sem envio...
Rodou em: 2026-02-20 18:20:03.759815
Novidades já notificadas anteriormente. Sem envio...
Rodou em: 2026-02-20 18:30:05.353928
Novidades já notificadas anteriormente. Sem envio...
Rodou em: 2026-02-20 18:40:15.086750
Novidades já notificadas anteriormente. Sem envio...
Rodou em: 2026-02-20 18:50:04.081217
Novidades já notificadas anteriormente. Sem envio...
Rodou em: 2026-02-20 19:00:05.149020
Novidades já notificadas anteriormente. Sem envio...
Rodou em: 2026-02-20 19:10:15.462382
Novidades já notificadas anteriormente. Sem envio...
Rodou em: 2026-02-20 19:20:04.162429
Novidades já notificadas anteriormente. Sem envio...
Rodou em: 2026-02-20 19:30:13.657515
Novidades já notificadas anteriormente. Sem envio...
Rodou em: 2026-02-20 19:40:14.071642
Novidades já notificadas anteriormente. Sem envio...
Rodou em: 2026-02-20 19:50:04.662157
Novidades já notificadas anteriormente. Sem envio...
Rodou em: 2026-02-20 20:00:04.340459
Novidades já notificadas anteriormente. Sem envio...
Rodou em: 2026-02-20 20:10:14.158741
Novidades já notificadas anteriormente. Sem envio...
Rodou em: 2026-02-20 20:20:13.782992
Novidades já notificadas anteriormente. Sem envio...
Rodou em: 2026-02-20 20:30:13.433294
Novidades já notificadas anteriormente. Sem envio...
Rodou em: 2026-02-20 20:40:05.770056
Novidades já notificadas anteriormente. Sem envio...
Rodou em: 2026-02-20 23:15:21.187817
Novidades já notificadas anteriormente. Sem envio...
Rodou em: 2026-02-21 02:20:18.572751
Novidades já notificadas anteriormente. Sem envio...
Rodou em: 2026-02-21 03:20:14.967045
Novidades já notificadas anteriormente. Sem envio...
Rodou em: 2026-02-21 05:44:26.578123
Novidades já notificadas anteriormente. Sem envio...
Rodou em: 2026-02-21 06:00:05.723722
Novidades já notificadas anteriormente. Sem envio...
Rodou em: 2026-02-21 07:11:19.314087
Novidades já notificadas anteriormente. Sem envio...
Rodou em: 2026-02-21 09:00:43.007483
Novidades já notificadas anteriormente. Sem envio...
Rodou em: 2026-02-21 13:50:19.190768
Novidades já notificadas anteriormente. Sem envio...
Rodou em: 2026-02-21 17:00:40.599898
Novidades já notificadas anteriormente. Sem envio...
Rodou em: 2026-02-21 20:10:25.081646
Novidades já notificadas anteriormente. Sem envio...
Rodou em: 2026-02-21 21:10:49.868338
Novidades já notificadas anteriormente. Sem envio...
Rodou em: 2026-02-22 07:00:07.678485
Novidades já notificadas anteriormente. Sem envio...
Rodou em: 2026-02-22 07:00:13.000651
Novidades já notificadas anteriormente. Sem envio...
Rodou em: 2026-02-22 08:57:50.474181
Novidades já notificadas anteriormente. Sem envio...
Rodou em: 2026-02-22 09:01:22.734734
Novidades já notificadas anteriormente. Sem envio...
Rodou em: 2026-02-22 09:10:11.066083
Novidades já notificadas anteriormente. Sem envio...
Rodou em: 2026-02-22 09:20:19.670302
Novidades já notificadas anteriormente. Sem envio...
Rodou em: 2026-02-22 09:37:21.777476
Novidades já notificadas anteriormente. Sem envio...
Rodou em: 2026-02-22 09:47:50.002219
Novidades já notificadas anteriormente. Sem envio...
Rodou em: 2026-02-22 09:59:07.407460
Novidades já notificadas anteriormente. Sem envio...
Rodou em: 2026-02-22 10:03:51.987829
Novidades já notificadas anteriormente. Sem envio...
Rodou em: 2026-02-22 10:13:54.972992
Novidades já notificadas anteriormente. Sem envio...
Rodou em: 2026-02-22 10:20:50.715965
Novidades já notificadas anteriormente. Sem envio...
Rodou em: 2026-02-22 10:33:36.055228
Novidades já notificadas anteriormente. Sem envio...
Erro ao acessar o site: HTTPSConnectionPool(host='sitepd.org.br', port=443): Max retries exceeded with url: / (Caused by NameResolutionError("<urllib3.connection.HTTPSConnection object at 0x1086ce510>: Failed to resolve 'sitepd.org.br' ([Errno 8] nodename nor servname provided, or not known)"))
Erro ao acessar o site: HTTPSConnectionPool(host='sitepd.org.br', port=443): Max retries exceeded with url: / (Caused by NameResolutionError("<urllib3.connection.HTTPSConnection object at 0x10a646510>: Failed to resolve 'sitepd.org.br' ([Errno 8] nodename nor servname provided, or not known)"))
Erro ao acessar o site: HTTPSConnectionPool(host='sitepd.org.br', port=443): Max retries exceeded with url: / (Caused by NameResolutionError("<urllib3.connection.HTTPSConnection object at 0x10b372510>: Failed to resolve 'sitepd.org.br' ([Errno 8] nodename nor servname provided, or not known)"))
Erro ao acessar o site: HTTPSConnectionPool(host='sitepd.org.br', port=443): Max retries exceeded with url: / (Caused by NameResolutionError("<urllib3.connection.HTTPSConnection object at 0x108aea510>: Failed to resolve 'sitepd.org.br' ([Errno 8] nodename nor servname provided, or not known)"))
Erro ao acessar o site: HTTPSConnectionPool(host='sitepd.org.br', port=443): Max retries exceeded with url: / (Caused by NameResolutionError("<urllib3.connection.HTTPSConnection object at 0x10ab42510>: Failed to resolve 'sitepd.org.br' ([Errno 8] nodename nor servname provided, or not known)"))
Erro ao acessar o site: HTTPSConnectionPool(host='sitepd.org.br', port=443): Max retries exceeded with url: / (Caused by NameResolutionError("<urllib3.connection.HTTPSConnection object at 0x106cc2510>: Failed to resolve 'sitepd.org.br' ([Errno 8] nodename nor servname provided, or not known)"))
Erro ao acessar o site: HTTPSConnectionPool(host='sitepd.org.br', port=443): Max retries exceeded with url: / (Caused by NameResolutionError("<urllib3.connection.HTTPSConnection object at 0x107036510>: Failed to resolve 'sitepd.org.br' ([Errno 8] nodename nor servname provided, or not known)"))
Erro ao acessar o site: HTTPSConnectionPool(host='sitepd.org.br', port=443): Max retries exceeded with url: / (Caused by NameResolutionError("<urllib3.connection.HTTPSConnection object at 0x10a4a2510>: Failed to resolve 'sitepd.org.br' ([Errno 8] nodename nor servname provided, or not known)"))
Erro ao acessar o site: HTTPSConnectionPool(host='sitepd.org.br', port=443): Max retries exceeded with url: / (Caused by NameResolutionError("<urllib3.connection.HTTPSConnection object at 0x10b59e510>: Failed to resolve 'sitepd.org.br' ([Errno 8] nodename nor servname provided, or not known)"))
Erro ao acessar o site: HTTPSConnectionPool(host='sitepd.org.br', port=443): Max retries exceeded with url: / (Caused by NameResolutionError("<urllib3.connection.HTTPSConnection object at 0x108b2e510>: Failed to resolve 'sitepd.org.br' ([Errno 8] nodename nor servname provided, or not known)"))
Erro ao acessar o site: HTTPSConnectionPool(host='sitepd.org.br', port=443): Max retries exceeded with url: / (Caused by NameResolutionError("<urllib3.connection.HTTPSConnection object at 0x10728a510>: Failed to resolve 'sitepd.org.br' ([Errno 8] nodename nor servname provided, or not known)"))
Erro ao acessar o site: HTTPSConnectionPool(host='sitepd.org.br', port=443): Max retries exceeded with url: / (Caused by NameResolutionError("<urllib3.connection.HTTPSConnection object at 0x10ab8a510>: Failed to resolve 'sitepd.org.br' ([Errno 8] nodename nor servname provided, or not known)"))
Erro ao acessar o site: HTTPSConnectionPool(host='sitepd.org.br', port=443): Max retries exceeded with url: / (Caused by NameResolutionError("<urllib3.connection.HTTPSConnection object at 0x10af1e510>: Failed to resolve 'sitepd.org.br' ([Errno 8] nodename nor servname provided, or not known)"))
Erro ao acessar o site: HTTPSConnectionPool(host='sitepd.org.br', port=443): Max retries exceeded with url: / (Caused by NameResolutionError("<urllib3.connection.HTTPSConnection object at 0x10a6a2510>: Failed to resolve 'sitepd.org.br' ([Errno 8] nodename nor servname provided, or not known)"))
Erro ao acessar o site: HTTPSConnectionPool(host='sitepd.org.br', port=443): Max retries exceeded with url: / (Caused by NameResolutionError("<urllib3.connection.HTTPSConnection object at 0x10aabe510>: Failed to resolve 'sitepd.org.br' ([Errno 8] nodename nor servname provided, or not known)"))
Erro ao acessar o site: HTTPSConnectionPool(host='sitepd.org.br', port=443): Max retries exceeded with url: / (Caused by NameResolutionError("<urllib3.connection.HTTPSConnection object at 0x1089fe510>: Failed to resolve 'sitepd.org.br' ([Errno 8] nodename nor servname provided, or not known)"))
Erro ao acessar o site: HTTPSConnectionPool(host='sitepd.org.br', port=443): Max retries exceeded with url: / (Caused by NameResolutionError("<urllib3.connection.HTTPSConnection object at 0x10af16510>: Failed to resolve 'sitepd.org.br' ([Errno 8] nodename nor servname provided, or not known)"))
Erro ao acessar o site: HTTPSConnectionPool(host='sitepd.org.br', port=443): Max retries exceeded with url: / (Caused by NameResolutionError("<urllib3.connection.HTTPSConnection object at 0x108c26510>: Failed to resolve 'sitepd.org.br' ([Errno 8] nodename nor servname provided, or not known)"))
Erro ao acessar o site: HTTPSConnectionPool(host='sitepd.org.br', port=443): Max retries exceeded with url: / (Caused by NameResolutionError("<urllib3.connection.HTTPSConnection object at 0x10899a510>: Failed to resolve 'sitepd.org.br' ([Errno 8] nodename nor servname provided, or not known)"))
Erro ao acessar o site: HTTPSConnectionPool(host='sitepd.org.br', port=443): Max retries exceeded with url: / (Caused by NameResolutionError("<urllib3.connection.HTTPSConnection object at 0x10750e510>: Failed to resolve 'sitepd.org.br' ([Errno 8] nodename nor servname provided, or not known)"))
Erro ao acessar o site: HTTPSConnectionPool(host='sitepd.org.br', port=443): Max retries exceeded with url: / (Caused by NameResolutionError("<urllib3.connection.HTTPSConnection object at 0x106666510>: Failed to resolve 'sitepd.org.br' ([Errno 8] nodename nor servname provided, or not known)"))
Erro ao acessar o site: HTTPSConnectionPool(host='sitepd.org.br', port=443): Max retries exceeded with url: / (Caused by NameResolutionError("<urllib3.connection.HTTPSConnection object at 0x106b16510>: Failed to resolve 'sitepd.org.br' ([Errno 8] nodename nor servname provided, or not known)"))
Erro ao acessar o site: HTTPSConnectionPool(host='sitepd.org.br', port=443): Max retries exceeded with url: / (Caused by NameResolutionError("<urllib3.connection.HTTPSConnection object at 0x106cfa510>: Failed to resolve 'sitepd.org.br' ([Errno 8] nodename nor servname provided, or not known)"))
Erro ao acessar o site: HTTPSConnectionPool(host='sitepd.org.br', port=443): Max retries exceeded with url: / (Caused by NameResolutionError("<urllib3.connection.HTTPSConnection object at 0x108ac6510>: Failed to resolve 'sitepd.org.br' ([Errno 8] nodename nor servname provided, or not known)"))
Erro ao acessar o site: HTTPSConnectionPool(host='sitepd.org.br', port=443): Max retries exceeded with url: / (Caused by NameResolutionError("<urllib3.connection.HTTPSConnection object at 0x10ae36510>: Failed to resolve 'sitepd.org.br' ([Errno 8] nodename nor servname provided, or not known)"))
Erro ao acessar o site: HTTPSConnectionPool(host='sitepd.org.br', port=443): Max retries exceeded with url: / (Caused by NameResolutionError("<urllib3.connection.HTTPSConnection object at 0x106fba510>: Failed to resolve 'sitepd.org.br' ([Errno 8] nodename nor servname provided, or not known)"))
Erro ao acessar o site: HTTPSConnectionPool(host='sitepd.org.br', port=443): Max retries exceeded with url: / (Caused by NameResolutionError("<urllib3.connection.HTTPSConnection object at 0x10adba510>: Failed to resolve 'sitepd.org.br' ([Errno 8] nodename nor servname provided, or not known)"))
Erro ao acessar o site: HTTPSConnectionPool(host='sitepd.org.br', port=443): Max retries exceeded with url: / (Caused by NameResolutionError("<urllib3.connection.HTTPSConnection object at 0x10677a510>: Failed to resolve 'sitepd.org.br' ([Errno 8] nodename nor servname provided, or not known)"))
Erro ao acessar o site: HTTPSConnectionPool(host='sitepd.org.br', port=443): Max retries exceeded with url: / (Caused by NameResolutionError("<urllib3.connection.HTTPSConnection object at 0x10676a510>: Failed to resolve 'sitepd.org.br' ([Errno 8] nodename nor servname provided, or not known)"))
Erro ao acessar o site: HTTPSConnectionPool(host='sitepd.org.br', port=443): Max retries exceeded with url: / (Caused by NameResolutionError("<urllib3.connection.HTTPSConnection object at 0x106a56510>: Failed to resolve 'sitepd.org.br' ([Errno 8] nodename nor servname provided, or not known)"))
Erro ao acessar o site: HTTPSConnectionPool(host='sitepd.org.br', port=443): Max retries exceeded with url: / (Caused by NameResolutionError("<urllib3.connection.HTTPSConnection object at 0x1075a2510>: Failed to resolve 'sitepd.org.br' ([Errno 8] nodename nor servname provided, or not known)"))
Erro ao acessar o site: HTTPSConnectionPool(host='sitepd.org.br', port=443): Max retries exceeded with url: / (Caused by NameResolutionError("<urllib3.connection.HTTPSConnection object at 0x10932e510>: Failed to resolve 'sitepd.org.br' ([Errno 8] nodename nor servname provided, or not known)"))
Erro ao acessar o site: HTTPSConnectionPool(host='sitepd.org.br', port=443): Max retries exceeded with url: / (Caused by NameResolutionError("<urllib3.connection.HTTPSConnection object at 0x10694e510>: Failed to resolve 'sitepd.org.br' ([Errno 8] nodename nor servname provided, or not known)"))
Erro ao acessar o site: HTTPSConnectionPool(host='sitepd.org.br', port=443): Max retries exceeded with url: / (Caused by NameResolutionError("<urllib3.connection.HTTPSConnection object at 0x108f6a510>: Failed to resolve 'sitepd.org.br' ([Errno 8] nodename nor servname provided, or not known)"))
Erro ao acessar o site: HTTPSConnectionPool(host='sitepd.org.br', port=443): Max retries exceeded with url: / (Caused by NameResolutionError("<urllib3.connection.HTTPSConnection object at 0x10b042510>: Failed to resolve 'sitepd.org.br' ([Errno 8] nodename nor servname provided, or not known)"))
Erro ao acessar o site: HTTPSConnectionPool(host='sitepd.org.br', port=443): Max retries exceeded with url: / (Caused by NameResolutionError("<urllib3.connection.HTTPSConnection object at 0x10b3ba510>: Failed to resolve 'sitepd.org.br' ([Errno 8] nodename nor servname provided, or not known)"))
Erro ao acessar o site: HTTPSConnectionPool(host='sitepd.org.br', port=443): Max retries exceeded with url: / (Caused by NameResolutionError("<urllib3.connection.HTTPSConnection object at 0x10b35a510>: Failed to resolve 'sitepd.org.br' ([Errno 8] nodename nor servname provided, or not known)"))
Erro ao acessar o site: HTTPSConnectionPool(host='sitepd.org.br', port=443): Max retries exceeded with url: / (Caused by NameResolutionError("<urllib3.connection.HTTPSConnection object at 0x106922510>: Failed to resolve 'sitepd.org.br' ([Errno 8] nodename nor servname provided, or not known)"))
Erro ao acessar o site: HTTPSConnectionPool(host='sitepd.org.br', port=443): Max retries exceeded with url: / (Caused by NameResolutionError("<urllib3.connection.HTTPSConnection object at 0x10aa2a510>: Failed to resolve 'sitepd.org.br' ([Errno 8] nodename nor servname provided, or not known)"))
Erro ao acessar o site: HTTPSConnectionPool(host='sitepd.org.br', port=443): Max retries exceeded with url: / (Caused by NameResolutionError("<urllib3.connection.HTTPSConnection object at 0x10ac1e510>: Failed to resolve 'sitepd.org.br' ([Errno 8] nodename nor servname provided, or not known)"))
Erro ao acessar o site: HTTPSConnectionPool(host='sitepd.org.br', port=443): Max retries exceeded with url: / (Caused by NameResolutionError("<urllib3.connection.HTTPSConnection object at 0x10938e510>: Failed to resolve 'sitepd.org.br' ([Errno 8] nodename nor servname provided, or not known)"))
Erro ao acessar o site: HTTPSConnectionPool(host='sitepd.org.br', port=443): Max retries exceeded with url: / (Caused by NameResolutionError("<urllib3.connection.HTTPSConnection object at 0x106e26510>: Failed to resolve 'sitepd.org.br' ([Errno 8] nodename nor servname provided, or not known)"))
Erro ao acessar o site: HTTPSConnectionPool(host='sitepd.org.br', port=443): Max retries exceeded with url: / (Caused by NameResolutionError("<urllib3.connection.HTTPSConnection object at 0x10ac5a510>: Failed to resolve 'sitepd.org.br' ([Errno 8] nodename nor servname provided, or not known)"))
Erro ao acessar o site: HTTPSConnectionPool(host='sitepd.org.br', port=443): Max retries exceeded with url: / (Caused by NameResolutionError("<urllib3.connection.HTTPSConnection object at 0x108c22510>: Failed to resolve 'sitepd.org.br' ([Errno 8] nodename nor servname provided, or not known)"))
Erro ao acessar o site: HTTPSConnectionPool(host='sitepd.org.br', port=443): Max retries exceeded with url: / (Caused by NameResolutionError("<urllib3.connection.HTTPSConnection object at 0x10703e510>: Failed to resolve 'sitepd.org.br' ([Errno 8] nodename nor servname provided, or not known)"))
Erro ao acessar o site: HTTPSConnectionPool(host='sitepd.org.br', port=443): Max retries exceeded with url: / (Caused by NameResolutionError("<urllib3.connection.HTTPSConnection object at 0x1074f2510>: Failed to resolve 'sitepd.org.br' ([Errno 8] nodename nor servname provided, or not known)"))
Erro ao acessar o site: HTTPSConnectionPool(host='sitepd.org.br', port=443): Max retries exceeded with url: / (Caused by NameResolutionError("<urllib3.connection.HTTPSConnection object at 0x10a9ee510>: Failed to resolve 'sitepd.org.br' ([Errno 8] nodename nor servname provided, or not known)"))
Erro ao acessar o site: HTTPSConnectionPool(host='sitepd.org.br', port=443): Max retries exceeded with url: / (Caused by NameResolutionError("<urllib3.connection.HTTPSConnection object at 0x10695a510>: Failed to resolve 'sitepd.org.br' ([Errno 8] nodename nor servname provided, or not known)"))
Erro ao acessar o site: HTTPSConnectionPool(host='sitepd.org.br', port=443): Max retries exceeded with url: / (Caused by NameResolutionError("<urllib3.connection.HTTPSConnection object at 0x10719e510>: Failed to resolve 'sitepd.org.br' ([Errno 8] nodename nor servname provided, or not known)"))
Erro ao acessar o site: HTTPSConnectionPool(host='sitepd.org.br', port=443): Max retries exceeded with url: / (Caused by NameResolutionError("<urllib3.connection.HTTPSConnection object at 0x10b246510>: Failed to resolve 'sitepd.org.br' ([Errno 8] nodename nor servname provided, or not known)"))
Erro ao acessar o site: HTTPSConnectionPool(host='sitepd.org.br', port=443): Max retries exceeded with url: / (Caused by NameResolutionError("<urllib3.connection.HTTPSConnection object at 0x108f9a510>: Failed to resolve 'sitepd.org.br' ([Errno 8] nodename nor servname provided, or not known)"))
Erro ao acessar o site: HTTPSConnectionPool(host='sitepd.org.br', port=443): Max retries exceeded with url: / (Caused by NameResolutionError("<urllib3.connection.HTTPSConnection object at 0x10b01a510>: Failed to resolve 'sitepd.org.br' ([Errno 8] nodename nor servname provided, or not known)"))
Erro ao acessar o site: HTTPSConnectionPool(host='sitepd.org.br', port=443): Max retries exceeded with url: / (Caused by NameResolutionError("<urllib3.connection.HTTPSConnection object at 0x10ae1e510>: Failed to resolve 'sitepd.org.br' ([Errno 8] nodename nor servname provided, or not known)"))
Erro ao acessar o site: HTTPSConnectionPool(host='sitepd.org.br', port=443): Max retries exceeded with url: / (Caused by NameResolutionError("<urllib3.connection.HTTPSConnection object at 0x108db2510>: Failed to resolve 'sitepd.org.br' ([Errno 8] nodename nor servname provided, or not known)"))
Erro ao acessar o site: HTTPSConnectionPool(host='sitepd.org.br', port=443): Max retries exceeded with url: / (Caused by NameResolutionError("<urllib3.connection.HTTPSConnection object at 0x10b4aa510>: Failed to resolve 'sitepd.org.br' ([Errno 8] nodename nor servname provided, or not known)"))
Erro ao acessar o site: HTTPSConnectionPool(host='sitepd.org.br', port=443): Max retries exceeded with url: / (Caused by NameResolutionError("<urllib3.connection.HTTPSConnection object at 0x10a7de510>: Failed to resolve 'sitepd.org.br' ([Errno 8] nodename nor servname provided, or not known)"))
Erro ao acessar o site: HTTPSConnectionPool(host='sitepd.org.br', port=443): Max retries exceeded with url: / (Caused by NameResolutionError("<urllib3.connection.HTTPSConnection object at 0x1085de510>: Failed to resolve 'sitepd.org.br' ([Errno 8] nodename nor servname provided, or not known)"))
Erro ao acessar o site: HTTPSConnectionPool(host='sitepd.org.br', port=443): Max retries exceeded with url: / (Caused by NameResolutionError("<urllib3.connection.HTTPSConnection object at 0x108ee6510>: Failed to resolve 'sitepd.org.br' ([Errno 8] nodename nor servname provided, or not known)"))
Erro ao acessar o site: HTTPSConnectionPool(host='sitepd.org.br', port=443): Max retries exceeded with url: / (Caused by NameResolutionError("<urllib3.connection.HTTPSConnection object at 0x10747a510>: Failed to resolve 'sitepd.org.br' ([Errno 8] nodename nor servname provided, or not known)"))
Erro ao acessar o site: HTTPSConnectionPool(host='sitepd.org.br', port=443): Max retries exceeded with url: / (Caused by NameResolutionError("<urllib3.connection.HTTPSConnection object at 0x10a976510>: Failed to resolve 'sitepd.org.br' ([Errno 8] nodename nor servname provided, or not known)"))
Erro ao acessar o site: HTTPSConnectionPool(host='sitepd.org.br', port=443): Max retries exceeded with url: / (Caused by NameResolutionError("<urllib3.connection.HTTPSConnection object at 0x10656a510>: Failed to resolve 'sitepd.org.br' ([Errno 8] nodename nor servname provided, or not known)"))
Erro ao acessar o site: HTTPSConnectionPool(host='sitepd.org.br', port=443): Max retries exceeded with url: / (Caused by NameResolutionError("<urllib3.connection.HTTPSConnection object at 0x106ada510>: Failed to resolve 'sitepd.org.br' ([Errno 8] nodename nor servname provided, or not known)"))
Erro ao acessar o site: HTTPSConnectionPool(host='sitepd.org.br', port=443): Max retries exceeded with url: / (Caused by NameResolutionError("<urllib3.connection.HTTPSConnection object at 0x106c96510>: Failed to resolve 'sitepd.org.br' ([Errno 8] nodename nor servname provided, or not known)"))
Erro ao acessar o site: HTTPSConnectionPool(host='sitepd.org.br', port=443): Max retries exceeded with url: / (Caused by NameResolutionError("<urllib3.connection.HTTPSConnection object at 0x107226510>: Failed to resolve 'sitepd.org.br' ([Errno 8] nodename nor servname provided, or not known)"))
Erro ao acessar o site: HTTPSConnectionPool(host='sitepd.org.br', port=443): Max retries exceeded with url: / (Caused by NameResolutionError("<urllib3.connection.HTTPSConnection object at 0x106ada510>: Failed to resolve 'sitepd.org.br' ([Errno 8] nodename nor servname provided, or not known)"))
Erro ao acessar o site: HTTPSConnectionPool(host='sitepd.org.br', port=443): Max retries exceeded with url: / (Caused by NameResolutionError("<urllib3.connection.HTTPSConnection object at 0x10671a510>: Failed to resolve 'sitepd.org.br' ([Errno 8] nodename nor servname provided, or not known)"))
Erro ao acessar o site: HTTPSConnectionPool(host='sitepd.org.br', port=443): Max retries exceeded with url: / (Caused by NameResolutionError("<urllib3.connection.HTTPSConnection object at 0x10708e510>: Failed to resolve 'sitepd.org.br' ([Errno 8] nodename nor servname provided, or not known)"))
Erro ao acessar o site: HTTPSConnectionPool(host='sitepd.org.br', port=443): Max retries exceeded with url: / (Caused by NameResolutionError("<urllib3.connection.HTTPSConnection object at 0x107356510>: Failed to resolve 'sitepd.org.br' ([Errno 8] nodename nor servname provided, or not known)"))
Erro ao acessar o site: HTTPSConnectionPool(host='sitepd.org.br', port=443): Max retries exceeded with url: / (Caused by NameResolutionError("<urllib3.connection.HTTPSConnection object at 0x106d9a510>: Failed to resolve 'sitepd.org.br' ([Errno 8] nodename nor servname provided, or not known)"))
Erro ao acessar o site: HTTPSConnectionPool(host='sitepd.org.br', port=443): Max retries exceeded with url: / (Caused by NameResolutionError("<urllib3.connection.HTTPSConnection object at 0x10aafa510>: Failed to resolve 'sitepd.org.br' ([Errno 8] nodename nor servname provided, or not known)"))
Erro ao acessar o site: HTTPSConnectionPool(host='sitepd.org.br', port=443): Max retries exceeded with url: / (Caused by NameResolutionError("<urllib3.connection.HTTPSConnection object at 0x106e1e510>: Failed to resolve 'sitepd.org.br' ([Errno 8] nodename nor servname provided, or not known)"))
Erro ao acessar o site: HTTPSConnectionPool(host='sitepd.org.br', port=443): Max retries exceeded with url: / (Caused by NameResolutionError("<urllib3.connection.HTTPSConnection object at 0x108fbe510>: Failed to resolve 'sitepd.org.br' ([Errno 8] nodename nor servname provided, or not known)"))
Erro ao acessar o site: HTTPSConnectionPool(host='sitepd.org.br', port=443): Max retries exceeded with url: / (Caused by NameResolutionError("<urllib3.connection.HTTPSConnection object at 0x10a8d2510>: Failed to resolve 'sitepd.org.br' ([Errno 8] nodename nor servname provided, or not known)"))
Erro ao acessar o site: HTTPSConnectionPool(host='sitepd.org.br', port=443): Max retries exceeded with url: / (Caused by NameResolutionError("<urllib3.connection.HTTPSConnection object at 0x107416510>: Failed to resolve 'sitepd.org.br' ([Errno 8] nodename nor servname provided, or not known)"))
Erro ao acessar o site: HTTPSConnectionPool(host='sitepd.org.br', port=443): Max retries exceeded with url: / (Caused by NameResolutionError("<urllib3.connection.HTTPSConnection object at 0x108992510>: Failed to resolve 'sitepd.org.br' ([Errno 8] nodename nor servname provided, or not known)"))
Erro ao acessar o site: HTTPSConnectionPool(host='sitepd.org.br', port=443): Max retries exceeded with url: / (Caused by NameResolutionError("<urllib3.connection.HTTPSConnection object at 0x106d16510>: Failed to resolve 'sitepd.org.br' ([Errno 8] nodename nor servname provided, or not known)"))
Erro ao acessar o site: HTTPSConnectionPool(host='sitepd.org.br', port=443): Max retries exceeded with url: / (Caused by NameResolutionError("<urllib3.connection.HTTPSConnection object at 0x1091e6510>: Failed to resolve 'sitepd.org.br' ([Errno 8] nodename nor servname provided, or not known)"))
Erro ao acessar o site: HTTPSConnectionPool(host='sitepd.org.br', port=443): Max retries exceeded with url: / (Caused by NameResolutionError("<urllib3.connection.HTTPSConnection object at 0x10b1ce510>: Failed to resolve 'sitepd.org.br' ([Errno 8] nodename nor servname provided, or not known)"))
Erro ao acessar o site: HTTPSConnectionPool(host='sitepd.org.br', port=443): Max retries exceeded with url: / (Caused by NameResolutionError("<urllib3.connection.HTTPSConnection object at 0x10ad0e510>: Failed to resolve 'sitepd.org.br' ([Errno 8] nodename nor servname provided, or not known)"))
Erro ao acessar o site: HTTPSConnectionPool(host='sitepd.org.br', port=443): Max retries exceeded with url: / (Caused by NameResolutionError("<urllib3.connection.HTTPSConnection object at 0x10689a510>: Failed to resolve 'sitepd.org.br' ([Errno 8] nodename nor servname provided, or not known)"))
Erro ao acessar o site: HTTPSConnectionPool(host='sitepd.org.br', port=443): Max retries exceeded with url: / (Caused by NameResolutionError("<urllib3.connection.HTTPSConnection object at 0x108e2a510>: Failed to resolve 'sitepd.org.br' ([Errno 8] nodename nor servname provided, or not known)"))
Rodou em: 2026-02-26 12:10:06.220606
Email enviado com sucesso!
Rodou em: 2026-02-26 12:20:04.373375
Novidades já notificadas anteriormente. Sem envio...
Rodou em: 2026-02-26 12:30:03.908468
Novidades já notificadas anteriormente. Sem envio...
Rodou em: 2026-02-26 12:40:05.968210
Novidades já notificadas anteriormente. Sem envio...
Rodou em: 2026-02-26 12:50:44.237471
Novidades já notificadas anteriormente. Sem envio...
Rodou em: 2026-02-26 13:00:04.619990
Novidades já notificadas anteriormente. Sem envio...
Rodou em: 2026-02-26 13:10:05.426943
Novidades já notificadas anteriormente. Sem envio...
Rodou em: 2026-02-26 13:20:04.151176
Novidades já notificadas anteriormente. Sem envio...
Rodou em: 2026-02-26 13:30:04.399430
Novidades já notificadas anteriormente. Sem envio...
Rodou em: 2026-02-26 13:40:04.129708
Novidades já notificadas anteriormente. Sem envio...
Rodou em: 2026-02-26 13:50:03.921329
Novidades já notificadas anteriormente. Sem envio...
Rodou em: 2026-02-26 14:00:06.086951
Novidades já notificadas anteriormente. Sem envio...
Rodou em: 2026-02-26 14:10:05.216663
Novidades já notificadas anteriormente. Sem envio...
Rodou em: 2026-02-26 14:20:03.898522
Novidades já notificadas anteriormente. Sem envio...
Rodou em: 2026-02-26 14:30:04.698416
Novidades já notificadas anteriormente. Sem envio...
Rodou em: 2026-02-26 14:40:03.955526
Novidades já notificadas anteriormente. Sem envio...
Rodou em: 2026-02-26 14:50:03.633737
Novidades já notificadas anteriormente. Sem envio...
Rodou em: 2026-02-26 15:00:04.239101
Novidades já notificadas anteriormente. Sem envio...
Rodou em: 2026-02-26 15:10:03.958973
Novidades já notificadas anteriormente. Sem envio...
Rodou em: 2026-02-26 15:20:03.566182
Email enviado com sucesso!
Rodou em: 2026-02-26 15:30:03.903666
Novidades já notificadas anteriormente. Sem envio...
Rodou em: 2026-02-26 15:40:08.817961
Novidades já notificadas anteriormente. Sem envio...
Rodou em: 2026-02-26 15:50:04.626369
Novidades já notificadas anteriormente. Sem envio...
Rodou em: 2026-02-26 16:00:04.280365
Novidades já notificadas anteriormente. Sem envio...
Rodou em: 2026-02-26 16:10:05.005653
Novidades já notificadas anteriormente. Sem envio...
Rodou em: 2026-02-26 16:20:06.314345
Novidades já notificadas anteriormente. Sem envio...
Rodou em: 2026-02-26 16:30:06.055416
Novidades já notificadas anteriormente. Sem envio...
Rodou em: 2026-02-26 16:40:05.136772
Novidades já notificadas anteriormente. Sem envio...
Rodou em: 2026-02-26 16:50:05.944995
Novidades já notificadas anteriormente. Sem envio...
Rodou em: 2026-02-26 17:21:20.795815
Novidades já notificadas anteriormente. Sem envio...
Erro ao acessar o site: HTTPSConnectionPool(host='sitepd.org.br', port=443): Max retries exceeded with url: / (Caused by NameResolutionError("<urllib3.connection.HTTPSConnection object at 0x108a4a510>: Failed to resolve 'sitepd.org.br' ([Errno 8] nodename nor servname provided, or not known)"))
Erro ao acessar o site: HTTPSConnectionPool(host='sitepd.org.br', port=443): Max retries exceeded with url: / (Caused by NameResolutionError("<urllib3.connection.HTTPSConnection object at 0x10b15a510>: Failed to resolve 'sitepd.org.br' ([Errno 8] nodename nor servname provided, or not known)"))
Erro ao acessar o site: HTTPSConnectionPool(host='sitepd.org.br', port=443): Max retries exceeded with url: / (Caused by NameResolutionError("<urllib3.connection.HTTPSConnection object at 0x10b4ae510>: Failed to resolve 'sitepd.org.br' ([Errno 8] nodename nor servname provided, or not known)"))
Erro ao acessar o site: HTTPSConnectionPool(host='sitepd.org.br', port=443): Max retries exceeded with url: / (Caused by NameResolutionError("<urllib3.connection.HTTPSConnection object at 0x109222510>: Failed to resolve 'sitepd.org.br' ([Errno 8] nodename nor servname provided, or not known)"))
Erro ao acessar o site: HTTPSConnectionPool(host='sitepd.org.br', port=443): Max retries exceeded with url: / (Caused by NameResolutionError("<urllib3.connection.HTTPSConnection object at 0x108ad2510>: Failed to resolve 'sitepd.org.br' ([Errno 8] nodename nor servname provided, or not known)"))
Erro ao acessar o site: HTTPSConnectionPool(host='sitepd.org.br', port=443): Max retries exceeded with url: / (Caused by NameResolutionError("<urllib3.connection.HTTPSConnection object at 0x108ea6510>: Failed to resolve 'sitepd.org.br' ([Errno 8] nodename nor servname provided, or not known)"))
Erro ao acessar o site: HTTPSConnectionPool(host='sitepd.org.br', port=443): Max retries exceeded with url: / (Caused by NameResolutionError("<urllib3.connection.HTTPSConnection object at 0x107016510>: Failed to resolve 'sitepd.org.br' ([Errno 8] nodename nor servname provided, or not known)"))
Erro ao acessar o site: HTTPSConnectionPool(host='sitepd.org.br', port=443): Max retries exceeded with url: / (Caused by NameResolutionError("<urllib3.connection.HTTPSConnection object at 0x108a1a510>: Failed to resolve 'sitepd.org.br' ([Errno 8] nodename nor servname provided, or not known)"))
Erro ao acessar o site: HTTPSConnectionPool(host='sitepd.org.br', port=443): Max retries exceeded with url: / (Caused by NameResolutionError("<urllib3.connection.HTTPSConnection object at 0x107202510>: Failed to resolve 'sitepd.org.br' ([Errno 8] nodename nor servname provided, or not known)"))
Erro ao acessar o site: HTTPSConnectionPool(host='sitepd.org.br', port=443): Max retries exceeded with url: / (Caused by NameResolutionError("<urllib3.connection.HTTPSConnection object at 0x10a606510>: Failed to resolve 'sitepd.org.br' ([Errno 8] nodename nor servname provided, or not known)"))
Erro ao acessar o site: HTTPSConnectionPool(host='sitepd.org.br', port=443): Max retries exceeded with url: / (Caused by NameResolutionError("<urllib3.connection.HTTPSConnection object at 0x10871e510>: Failed to resolve 'sitepd.org.br' ([Errno 8] nodename nor servname provided, or not known)"))
Erro ao acessar o site: HTTPSConnectionPool(host='sitepd.org.br', port=443): Max retries exceeded with url: / (Caused by NameResolutionError("<urllib3.connection.HTTPSConnection object at 0x108a42510>: Failed to resolve 'sitepd.org.br' ([Errno 8] nodename nor servname provided, or not known)"))
Erro ao acessar o site: HTTPSConnectionPool(host='sitepd.org.br', port=443): Max retries exceeded with url: / (Caused by NameResolutionError("<urllib3.connection.HTTPSConnection object at 0x108fba510>: Failed to resolve 'sitepd.org.br' ([Errno 8] nodename nor servname provided, or not known)"))
Erro ao acessar o site: HTTPSConnectionPool(host='sitepd.org.br', port=443): Max retries exceeded with url: / (Caused by NameResolutionError("<urllib3.connection.HTTPSConnection object at 0x106baa510>: Failed to resolve 'sitepd.org.br' ([Errno 8] nodename nor servname provided, or not known)"))
Erro ao acessar o site: HTTPSConnectionPool(host='sitepd.org.br', port=443): Max retries exceeded with url: / (Caused by NameResolutionError("<urllib3.connection.HTTPSConnection object at 0x10923e510>: Failed to resolve 'sitepd.org.br' ([Errno 8] nodename nor servname provided, or not known)"))
Erro ao acessar o site: HTTPSConnectionPool(host='sitepd.org.br', port=443): Max retries exceeded with url: / (Caused by NameResolutionError("<urllib3.connection.HTTPSConnection object at 0x1072fe510>: Failed to resolve 'sitepd.org.br' ([Errno 8] nodename nor servname provided, or not known)"))
Erro ao acessar o site: HTTPSConnectionPool(host='sitepd.org.br', port=443): Max retries exceeded with url: / (Caused by NameResolutionError("<urllib3.connection.HTTPSConnection object at 0x1071da510>: Failed to resolve 'sitepd.org.br' ([Errno 8] nodename nor servname provided, or not known)"))
Erro ao acessar o site: HTTPSConnectionPool(host='sitepd.org.br', port=443): Max retries exceeded with url: / (Caused by NameResolutionError("<urllib3.connection.HTTPSConnection object at 0x107322510>: Failed to resolve 'sitepd.org.br' ([Errno 8] nodename nor servname provided, or not known)"))
Erro ao acessar o site: HTTPSConnectionPool(host='sitepd.org.br', port=443): Max retries exceeded with url: / (Caused by NameResolutionError("<urllib3.connection.HTTPSConnection object at 0x10727e510>: Failed to resolve 'sitepd.org.br' ([Errno 8] nodename nor servname provided, or not known)"))
Erro ao acessar o site: HTTPSConnectionPool(host='sitepd.org.br', port=443): Max retries exceeded with url: / (Caused by NameResolutionError("<urllib3.connection.HTTPSConnection object at 0x106fce510>: Failed to resolve 'sitepd.org.br' ([Errno 8] nodename nor servname provided, or not known)"))
Erro ao acessar o site: HTTPSConnectionPool(host='sitepd.org.br', port=443): Max retries exceeded with url: / (Caused by NameResolutionError("<urllib3.connection.HTTPSConnection object at 0x109266510>: Failed to resolve 'sitepd.org.br' ([Errno 8] nodename nor servname provided, or not known)"))
Erro ao acessar o site: HTTPSConnectionPool(host='sitepd.org.br', port=443): Max retries exceeded with url: / (Caused by NameResolutionError("<urllib3.connection.HTTPSConnection object at 0x10a9e2510>: Failed to resolve 'sitepd.org.br' ([Errno 8] nodename nor servname provided, or not known)"))
Erro ao acessar o site: HTTPSConnectionPool(host='sitepd.org.br', port=443): Max retries exceeded with url: / (Caused by NameResolutionError("<urllib3.connection.HTTPSConnection object at 0x10acae510>: Failed to resolve 'sitepd.org.br' ([Errno 8] nodename nor servname provided, or not known)"))
Erro ao acessar o site: HTTPSConnectionPool(host='sitepd.org.br', port=443): Max retries exceeded with url: / (Caused by NameResolutionError("<urllib3.connection.HTTPSConnection object at 0x10b336510>: Failed to resolve 'sitepd.org.br' ([Errno 8] nodename nor servname provided, or not known)"))
Erro ao acessar o site: HTTPSConnectionPool(host='sitepd.org.br', port=443): Max retries exceeded with url: / (Caused by NameResolutionError("<urllib3.connection.HTTPSConnection object at 0x1087ba510>: Failed to resolve 'sitepd.org.br' ([Errno 8] nodename nor servname provided, or not known)"))
Erro ao acessar o site: HTTPSConnectionPool(host='sitepd.org.br', port=443): Max retries exceeded with url: / (Caused by NameResolutionError("<urllib3.connection.HTTPSConnection object at 0x10b0ee510>: Failed to resolve 'sitepd.org.br' ([Errno 8] nodename nor servname provided, or not known)"))
Erro ao acessar o site: HTTPSConnectionPool(host='sitepd.org.br', port=443): Max retries exceeded with url: / (Caused by NameResolutionError("<urllib3.connection.HTTPSConnection object at 0x10a812510>: Failed to resolve 'sitepd.org.br' ([Errno 8] nodename nor servname provided, or not known)"))
Erro ao acessar o site: HTTPSConnectionPool(host='sitepd.org.br', port=443): Max retries exceeded with url: / (Caused by NameResolutionError("<urllib3.connection.HTTPSConnection object at 0x109156510>: Failed to resolve 'sitepd.org.br' ([Errno 8] nodename nor servname provided, or not known)"))
Rodou em: 2026-03-02 08:12:51.854763
Email enviado com sucesso!
Rodou em: 2026-03-02 08:20:10.216780
Novidades já notificadas anteriormente. Sem envio...
Rodou em: 2026-03-02 08:30:04.091565
Novidades já notificadas anteriormente. Sem envio...
Rodou em: 2026-03-02 08:40:05.508771
Novidades já notificadas anteriormente. Sem envio...
Rodou em: 2026-03-02 08:50:06.330516
Novidades já notificadas anteriormente. Sem envio...
Rodou em: 2026-03-02 09:00:06.038631
Novidades já notificadas anteriormente. Sem envio...
Rodou em: 2026-03-02 09:10:08.638296
Novidades já notificadas anteriormente. Sem envio...
Rodou em: 2026-03-02 09:20:04.175150
Novidades já notificadas anteriormente. Sem envio...
Rodou em: 2026-03-02 09:30:06.265523
Novidades já notificadas anteriormente. Sem envio...
Rodou em: 2026-03-02 09:40:06.684539
Novidades já notificadas anteriormente. Sem envio...
Rodou em: 2026-03-02 09:50:04.965292
Novidades já notificadas anteriormente. Sem envio...
Rodou em: 2026-03-02 10:00:05.533625
Novidades já notificadas anteriormente. Sem envio...
Rodou em: 2026-03-02 10:10:04.706476
Novidades já notificadas anteriormente. Sem envio...
Rodou em: 2026-03-02 10:20:03.774817
Novidades já notificadas anteriormente. Sem envio...
Rodou em: 2026-03-02 10:30:04.168293
Novidades já notificadas anteriormente. Sem envio...
Rodou em: 2026-03-02 10:40:08.388087
Novidades já notificadas anteriormente. Sem envio...
Rodou em: 2026-03-02 10:50:03.805014
Novidades já notificadas anteriormente. Sem envio...
Rodou em: 2026-03-02 11:00:04.474005
Email enviado com sucesso!
Rodou em: 2026-03-02 11:10:05.348732
Novidades já notificadas anteriormente. Sem envio...
Rodou em: 2026-03-02 11:20:05.321450
Novidades já notificadas anteriormente. Sem envio...
Rodou em: 2026-03-02 11:30:04.026667
Novidades já notificadas anteriormente. Sem envio...
Rodou em: 2026-03-02 11:40:08.024693
Novidades já notificadas anteriormente. Sem envio...
Rodou em: 2026-03-02 11:50:04.113993
Novidades já notificadas anteriormente. Sem envio...
Rodou em: 2026-03-02 12:00:03.658024
Novidades já notificadas anteriormente. Sem envio...
Rodou em: 2026-03-02 12:10:04.568510
Novidades já notificadas anteriormente. Sem envio...
Rodou em: 2026-03-02 12:20:04.133618
Novidades já notificadas anteriormente. Sem envio...
Rodou em: 2026-03-02 12:30:04.744120
Novidades já notificadas anteriormente. Sem envio...
Rodou em: 2026-03-02 12:40:04.408884
Novidades já notificadas anteriormente. Sem envio...
Rodou em: 2026-03-02 12:50:04.520216
Novidades já notificadas anteriormente. Sem envio...
Rodou em: 2026-03-02 13:00:05.645403
Novidades já notificadas anteriormente. Sem envio...
Rodou em: 2026-03-02 13:10:05.565522
Novidades já notificadas anteriormente. Sem envio...
Rodou em: 2026-03-02 13:20:05.942167
Novidades já notificadas anteriormente. Sem envio...
Rodou em: 2026-03-02 13:30:05.507759
Novidades já notificadas anteriormente. Sem envio...
Rodou em: 2026-03-02 13:40:05.202722
Novidades já notificadas anteriormente. Sem envio...
Rodou em: 2026-03-02 13:50:03.974736
Novidades já notificadas anteriormente. Sem envio...
Rodou em: 2026-03-02 14:00:06.772325
Novidades já notificadas anteriormente. Sem envio...
Rodou em: 2026-03-02 14:10:05.218316
Novidades já notificadas anteriormente. Sem envio...
Rodou em: 2026-03-02 14:20:06.111853
Novidades já notificadas anteriormente. Sem envio...
Rodou em: 2026-03-02 14:30:03.863539
Novidades já notificadas anteriormente. Sem envio...
Rodou em: 2026-03-02 14:40:06.601375
Novidades já notificadas anteriormente. Sem envio...
Rodou em: 2026-03-02 14:50:04.529503
Novidades já notificadas anteriormente. Sem envio...
Rodou em: 2026-03-02 15:00:04.494355
Novidades já notificadas anteriormente. Sem envio...
Rodou em: 2026-03-02 15:10:06.016582
Novidades já notificadas anteriormente. Sem envio...
Rodou em: 2026-03-02 15:20:03.854683
Novidades já notificadas anteriormente. Sem envio...
Rodou em: 2026-03-02 15:30:04.945123
Novidades já notificadas anteriormente. Sem envio...
Rodou em: 2026-03-02 15:40:03.538422
Novidades já notificadas anteriormente. Sem envio...
Rodou em: 2026-03-02 15:50:04.487376
Novidades já notificadas anteriormente. Sem envio...
Rodou em: 2026-03-02 16:00:05.024800
Novidades já notificadas anteriormente. Sem envio...
Rodou em: 2026-03-02 16:10:03.829329
Novidades já notificadas anteriormente. Sem envio...
Rodou em: 2026-03-02 16:20:03.546357
Novidades já notificadas anteriormente. Sem envio...
Rodou em: 2026-03-02 16:30:04.143230
Novidades já notificadas anteriormente. Sem envio...
Rodou em: 2026-03-02 16:40:05.481336
Novidades já notificadas anteriormente. Sem envio...
Rodou em: 2026-03-02 16:50:04.196085
Novidades já notificadas anteriormente. Sem envio...
Rodou em: 2026-03-02 17:00:05.770805
Novidades já notificadas anteriormente. Sem envio...
Rodou em: 2026-03-02 17:10:07.719068
Novidades já notificadas anteriormente. Sem envio...
Rodou em: 2026-03-02 17:20:11.699118
Novidades já notificadas anteriormente. Sem envio...
Rodou em: 2026-03-02 17:30:05.405526
Novidades já notificadas anteriormente. Sem envio...
Rodou em: 2026-03-02 17:40:05.331800
Novidades já notificadas anteriormente. Sem envio...
Rodou em: 2026-03-02 17:50:05.170214
Novidades já notificadas anteriormente. Sem envio...
Rodou em: 2026-03-02 18:00:04.637926
Novidades já notificadas anteriormente. Sem envio...
Rodou em: 2026-03-02 18:10:04.667622
Novidades já notificadas anteriormente. Sem envio...
Rodou em: 2026-03-02 18:20:07.665001
Novidades já notificadas anteriormente. Sem envio...
Rodou em: 2026-03-02 18:30:04.128867
Novidades já notificadas anteriormente. Sem envio...
Rodou em: 2026-03-02 18:40:04.112451
Novidades já notificadas anteriormente. Sem envio...
Rodou em: 2026-03-02 18:50:05.593724
Novidades já notificadas anteriormente. Sem envio...
Rodou em: 2026-03-02 19:00:04.300009
Novidades já notificadas anteriormente. Sem envio...
Rodou em: 2026-03-02 19:10:03.797195
Novidades já notificadas anteriormente. Sem envio...
Rodou em: 2026-03-02 19:20:05.848671
Novidades já notificadas anteriormente. Sem envio...
Rodou em: 2026-03-02 19:30:05.543650
Novidades já notificadas anteriormente. Sem envio...
Rodou em: 2026-03-02 19:40:05.496027
Novidades já notificadas anteriormente. Sem envio...
Rodou em: 2026-03-02 19:50:05.196336
Novidades já notificadas anteriormente. Sem envio...
Rodou em: 2026-03-02 20:00:05.152506
Novidades já notificadas anteriormente. Sem envio...
Rodou em: 2026-03-02 20:10:05.440474
Novidades já notificadas anteriormente. Sem envio...
Rodou em: 2026-03-02 20:20:04.843281
Novidades já notificadas anteriormente. Sem envio...
Rodou em: 2026-03-02 20:30:04.533178
Novidades já notificadas anteriormente. Sem envio...
Rodou em: 2026-03-02 20:40:05.055967
Novidades já notificadas anteriormente. Sem envio...
Rodou em: 2026-03-02 20:50:04.511442
Novidades já notificadas anteriormente. Sem envio...
Rodou em: 2026-03-02 21:00:04.429492
Novidades já notificadas anteriormente. Sem envio...
Rodou em: 2026-03-02 21:10:08.957528
Novidades já notificadas anteriormente. Sem envio...
Rodou em: 2026-03-02 21:20:04.126879
Novidades já notificadas anteriormente. Sem envio...
Rodou em: 2026-03-02 21:30:03.773128
Novidades já notificadas anteriormente. Sem envio...
Rodou em: 2026-03-02 21:40:04.069395
Novidades já notificadas anteriormente. Sem envio...
Rodou em: 2026-03-02 21:50:04.387313
Novidades já notificadas anteriormente. Sem envio...
Rodou em: 2026-03-02 22:09:59.875797
Novidades já notificadas anteriormente. Sem envio...
Rodou em: 2026-03-02 22:10:04.018838
Novidades já notificadas anteriormente. Sem envio...
Rodou em: 2026-03-02 22:20:10.056400
Novidades já notificadas anteriormente. Sem envio...
Rodou em: 2026-03-02 22:30:03.946623
Novidades já notificadas anteriormente. Sem envio...
Rodou em: 2026-03-02 22:40:04.902993
Novidades já notificadas anteriormente. Sem envio...
Rodou em: 2026-03-02 22:50:03.907378
Novidades já notificadas anteriormente. Sem envio...
Rodou em: 2026-03-02 23:00:03.709969
Novidades já notificadas anteriormente. Sem envio...
Rodou em: 2026-03-02 23:10:03.594519
Novidades já notificadas anteriormente. Sem envio...
Rodou em: 2026-03-02 23:20:04.049828
Novidades já notificadas anteriormente. Sem envio...
Rodou em: 2026-03-03 01:50:07.255574
Novidades já notificadas anteriormente. Sem envio...
Rodou em: 2026-03-03 04:07:54.451014
Novidades já notificadas anteriormente. Sem envio...
Rodou em: 2026-03-03 05:20:05.900390
Novidades já notificadas anteriormente. Sem envio...
Rodou em: 2026-03-03 05:30:03.649078
Novidades já notificadas anteriormente. Sem envio...
Rodou em: 2026-03-03 05:40:04.158385
Novidades já notificadas anteriormente. Sem envio...
Rodou em: 2026-03-03 05:50:05.460766
Novidades já notificadas anteriormente. Sem envio...
Rodou em: 2026-03-03 06:00:06.021514
Novidades já notificadas anteriormente. Sem envio...
Rodou em: 2026-03-03 06:10:04.162739
Novidades já notificadas anteriormente. Sem envio...
Rodou em: 2026-03-03 06:20:04.268560
Novidades já notificadas anteriormente. Sem envio...
Rodou em: 2026-03-03 08:50:08.027808
Novidades já notificadas anteriormente. Sem envio...
Rodou em: 2026-03-03 10:20:06.530616
Novidades já notificadas anteriormente. Sem envio...
Rodou em: 2026-03-03 10:30:05.200493
Novidades já notificadas anteriormente. Sem envio...
Rodou em: 2026-03-03 10:40:03.445149
Novidades já notificadas anteriormente. Sem envio...
Rodou em: 2026-03-03 10:50:03.905162
Novidades já notificadas anteriormente. Sem envio...
Rodou em: 2026-03-03 11:00:27.682294
Novidades já notificadas anteriormente. Sem envio...
Rodou em: 2026-03-03 11:10:06.025764
Novidades já notificadas anteriormente. Sem envio...
Rodou em: 2026-03-03 11:20:04.686655
Novidades já notificadas anteriormente. Sem envio...
Rodou em: 2026-03-03 11:30:11.397529
Novidades já notificadas anteriormente. Sem envio...
Rodou em: 2026-03-03 11:40:03.747827
Novidades já notificadas anteriormente. Sem envio...
Rodou em: 2026-03-03 12:00:05.139397
Novidades já notificadas anteriormente. Sem envio...
Rodou em: 2026-03-03 15:19:29.960040
Novidades já notificadas anteriormente. Sem envio...
Rodou em: 2026-03-03 15:20:03.418255
Novidades já notificadas anteriormente. Sem envio...
Rodou em: 2026-03-03 16:50:06.004028
Novidades já notificadas anteriormente. Sem envio...
Rodou em: 2026-03-03 17:00:04.645767
Novidades já notificadas anteriormente. Sem envio...
Rodou em: 2026-03-03 17:10:05.725866
Novidades já notificadas anteriormente. Sem envio...
Rodou em: 2026-03-03 17:20:05.523186
Novidades já notificadas anteriormente. Sem envio...
Rodou em: 2026-03-03 17:30:07.745522
Novidades já notificadas anteriormente. Sem envio...
Rodou em: 2026-03-03 17:40:04.911355
Novidades já notificadas anteriormente. Sem envio...
Rodou em: 2026-03-03 17:50:04.112567
Novidades já notificadas anteriormente. Sem envio...
Rodou em: 2026-03-03 18:00:03.819182
Novidades já notificadas anteriormente. Sem envio...
Rodou em: 2026-03-03 18:10:03.676221
Novidades já notificadas anteriormente. Sem envio...
Rodou em: 2026-03-03 18:20:05.391823
Novidades já notificadas anteriormente. Sem envio...
Rodou em: 2026-03-03 18:30:04.130207
Novidades já notificadas anteriormente. Sem envio...
Rodou em: 2026-03-03 18:40:03.757471
Novidades já notificadas anteriormente. Sem envio...
Rodou em: 2026-03-03 18:50:04.336459
Novidades já notificadas anteriormente. Sem envio...
Rodou em: 2026-03-03 19:00:05.564384
Novidades já notificadas anteriormente. Sem envio...
Rodou em: 2026-03-03 19:10:06.060819
Novidades já notificadas anteriormente. Sem envio...
Rodou em: 2026-03-03 19:20:03.575807
Novidades já notificadas anteriormente. Sem envio...
Rodou em: 2026-03-03 19:30:05.151683
Novidades já notificadas anteriormente. Sem envio...
Rodou em: 2026-03-03 19:40:03.647061
Novidades já notificadas anteriormente. Sem envio...
Rodou em: 2026-03-03 19:50:05.399990
Novidades já notificadas anteriormente. Sem envio...
Rodou em: 2026-03-03 20:00:04.616407
Novidades já notificadas anteriormente. Sem envio...
Rodou em: 2026-03-03 20:10:06.202897
Novidades já notificadas anteriormente. Sem envio...
Rodou em: 2026-03-03 20:20:05.354109
Novidades já notificadas anteriormente. Sem envio...
Rodou em: 2026-03-03 20:30:03.796424
Novidades já notificadas anteriormente. Sem envio...
Rodou em: 2026-03-03 20:40:05.500257
Novidades já notificadas anteriormente. Sem envio...
Rodou em: 2026-03-03 20:50:04.858776
Novidades já notificadas anteriormente. Sem envio...
Rodou em: 2026-03-03 21:00:04.327849
Novidades já notificadas anteriormente. Sem envio...
Rodou em: 2026-03-03 21:10:05.728169
Novidades já notificadas anteriormente. Sem envio...
Rodou em: 2026-03-04 00:30:09.627941
Novidades já notificadas anteriormente. Sem envio...
Rodou em: 2026-03-04 00:40:04.053283
Novidades já notificadas anteriormente. Sem envio...
Rodou em: 2026-03-04 00:50:03.581177
Novidades já notificadas anteriormente. Sem envio...
Rodou em: 2026-03-04 01:00:04.610195
Novidades já notificadas anteriormente. Sem envio...
Rodou em: 2026-03-04 01:10:05.202849
Novidades já notificadas anteriormente. Sem envio...
Rodou em: 2026-03-04 01:20:04.826627
Novidades já notificadas anteriormente. Sem envio...
Rodou em: 2026-03-04 01:30:03.600067
Novidades já notificadas anteriormente. Sem envio...
Rodou em: 2026-03-04 02:20:05.963033
Novidades já notificadas anteriormente. Sem envio...
Rodou em: 2026-03-04 05:27:09.652048
Novidades já notificadas anteriormente. Sem envio...
Rodou em: 2026-03-04 07:50:08.098742
Novidades já notificadas anteriormente. Sem envio...
Rodou em: 2026-03-04 08:00:12.877062
Novidades já notificadas anteriormente. Sem envio...
Rodou em: 2026-03-04 08:10:06.044022
Novidades já notificadas anteriormente. Sem envio...
Rodou em: 2026-03-04 08:20:04.992417
Novidades já notificadas anteriormente. Sem envio...
Rodou em: 2026-03-04 08:30:08.309093
Novidades já notificadas anteriormente. Sem envio...
Rodou em: 2026-03-04 08:40:06.251882
Novidades já notificadas anteriormente. Sem envio...
Rodou em: 2026-03-04 08:50:05.299484
Novidades já notificadas anteriormente. Sem envio...
Rodou em: 2026-03-04 09:00:07.482301
Novidades já notificadas anteriormente. Sem envio...
Rodou em: 2026-03-04 09:10:04.382887
Novidades já notificadas anteriormente. Sem envio...
Rodou em: 2026-03-04 09:20:05.387956
Novidades já notificadas anteriormente. Sem envio...
Rodou em: 2026-03-04 09:30:05.306912
Novidades já notificadas anteriormente. Sem envio...
Rodou em: 2026-03-04 09:40:03.944385
Novidades já notificadas anteriormente. Sem envio...
Rodou em: 2026-03-04 09:50:04.725638
Novidades já notificadas anteriormente. Sem envio...
Rodou em: 2026-03-04 10:00:04.740511
Novidades já notificadas anteriormente. Sem envio...
Rodou em: 2026-03-04 10:10:04.406824
Novidades já notificadas anteriormente. Sem envio...
Rodou em: 2026-03-04 10:20:04.071587
Novidades já notificadas anteriormente. Sem envio...
Rodou em: 2026-03-04 10:30:09.328849
Novidades já notificadas anteriormente. Sem envio...
Rodou em: 2026-03-04 10:40:04.983055
Novidades já notificadas anteriormente. Sem envio...
Rodou em: 2026-03-04 10:50:04.793198
Novidades já notificadas anteriormente. Sem envio...
Rodou em: 2026-03-04 11:00:05.325331
Novidades já notificadas anteriormente. Sem envio...
Rodou em: 2026-03-04 11:10:07.146108
Novidades já notificadas anteriormente. Sem envio...
Rodou em: 2026-03-04 11:20:04.408863
Novidades já notificadas anteriormente. Sem envio...
Rodou em: 2026-03-04 11:30:05.317741
Novidades já notificadas anteriormente. Sem envio...
Rodou em: 2026-03-04 11:40:03.724035
Novidades já notificadas anteriormente. Sem envio...
Rodou em: 2026-03-04 11:50:13.642602
Novidades já notificadas anteriormente. Sem envio...
Rodou em: 2026-03-04 12:00:06.322120
Novidades já notificadas anteriormente. Sem envio...
Rodou em: 2026-03-04 12:10:05.554830
Novidades já notificadas anteriormente. Sem envio...
Rodou em: 2026-03-04 12:20:04.307470
Novidades já notificadas anteriormente. Sem envio...
Rodou em: 2026-03-04 12:30:04.245111
Novidades já notificadas anteriormente. Sem envio...
Rodou em: 2026-03-04 12:40:05.676498
Novidades já notificadas anteriormente. Sem envio...
Rodou em: 2026-03-04 12:50:04.212754
Novidades já notificadas anteriormente. Sem envio...
Rodou em: 2026-03-04 13:00:04.842758
Novidades já notificadas anteriormente. Sem envio...
Rodou em: 2026-03-04 13:10:05.041355
Novidades já notificadas anteriormente. Sem envio...
Rodou em: 2026-03-04 13:20:04.031272
Novidades já notificadas anteriormente. Sem envio...
Rodou em: 2026-03-04 13:30:04.033086
Novidades já notificadas anteriormente. Sem envio...
Rodou em: 2026-03-04 13:40:03.691746
Novidades já notificadas anteriormente. Sem envio...
Rodou em: 2026-03-04 13:50:04.225555
Novidades já notificadas anteriormente. Sem envio...
Rodou em: 2026-03-04 14:00:05.552646
Novidades já notificadas anteriormente. Sem envio...
Rodou em: 2026-03-04 14:10:06.314440
Novidades já notificadas anteriormente. Sem envio...
Rodou em: 2026-03-04 14:20:03.940490
Novidades já notificadas anteriormente. Sem envio...
Rodou em: 2026-03-04 14:30:05.642145
Novidades já notificadas anteriormente. Sem envio...
Rodou em: 2026-03-04 14:40:05.535053
Novidades já notificadas anteriormente. Sem envio...
Rodou em: 2026-03-04 14:50:05.928531
Novidades já notificadas anteriormente. Sem envio...
Rodou em: 2026-03-04 15:00:04.286377
Novidades já notificadas anteriormente. Sem envio...
Rodou em: 2026-03-04 15:10:03.742146
Novidades já notificadas anteriormente. Sem envio...
Rodou em: 2026-03-04 15:20:05.627894
Novidades já notificadas anteriormente. Sem envio...
Rodou em: 2026-03-04 15:30:04.878429
Novidades já notificadas anteriormente. Sem envio...
Rodou em: 2026-03-04 15:40:04.569065
Novidades já notificadas anteriormente. Sem envio...
Rodou em: 2026-03-04 15:50:05.289532
Novidades já notificadas anteriormente. Sem envio...
Rodou em: 2026-03-04 16:00:05.144879
Novidades já notificadas anteriormente. Sem envio...
Rodou em: 2026-03-04 16:10:05.597194
Novidades já notificadas anteriormente. Sem envio...
Rodou em: 2026-03-04 16:20:05.848396
Novidades já notificadas anteriormente. Sem envio...
Rodou em: 2026-03-04 16:30:04.729024
Novidades já notificadas anteriormente. Sem envio...
Rodou em: 2026-03-04 16:40:04.770157
Novidades já notificadas anteriormente. Sem envio...
Rodou em: 2026-03-04 16:50:04.506140
Novidades já notificadas anteriormente. Sem envio...
Rodou em: 2026-03-04 17:00:06.651613
Novidades já notificadas anteriormente. Sem envio...
Rodou em: 2026-03-04 17:10:07.758938
Novidades já notificadas anteriormente. Sem envio...
Rodou em: 2026-03-04 17:20:04.968087
Novidades já notificadas anteriormente. Sem envio...
Rodou em: 2026-03-04 17:30:04.169958
Novidades já notificadas anteriormente. Sem envio...
Rodou em: 2026-03-04 17:40:04.384831
Novidades já notificadas anteriormente. Sem envio...
Rodou em: 2026-03-04 17:50:04.051990
Novidades já notificadas anteriormente. Sem envio...
Rodou em: 2026-03-04 18:00:04.584696
Novidades já notificadas anteriormente. Sem envio...
Rodou em: 2026-03-04 18:10:04.367815
Novidades já notificadas anteriormente. Sem envio...
Rodou em: 2026-03-04 18:20:04.225980
Novidades já notificadas anteriormente. Sem envio...
Rodou em: 2026-03-04 18:30:05.928068
Novidades já notificadas anteriormente. Sem envio...
Rodou em: 2026-03-04 18:40:03.544443
Novidades já notificadas anteriormente. Sem envio...
Rodou em: 2026-03-04 18:50:04.439876
Novidades já notificadas anteriormente. Sem envio...
Rodou em: 2026-03-04 19:00:05.794205
Novidades já notificadas anteriormente. Sem envio...
Rodou em: 2026-03-04 19:10:05.000652
Novidades já notificadas anteriormente. Sem envio...
Rodou em: 2026-03-04 19:20:05.080915
Novidades já notificadas anteriormente. Sem envio...
Rodou em: 2026-03-04 19:30:05.083649
Novidades já notificadas anteriormente. Sem envio...
Rodou em: 2026-03-04 19:40:04.229757
Novidades já notificadas anteriormente. Sem envio...
Rodou em: 2026-03-04 19:55:13.659688
Novidades já notificadas anteriormente. Sem envio...
Rodou em: 2026-03-05 00:20:09.827744
Novidades já notificadas anteriormente. Sem envio...
Rodou em: 2026-03-05 06:10:10.468878
Novidades já notificadas anteriormente. Sem envio...
Rodou em: 2026-03-05 08:00:08.165135
Novidades já notificadas anteriormente. Sem envio...
Rodou em: 2026-03-05 08:10:04.735329
Novidades já notificadas anteriormente. Sem envio...
Rodou em: 2026-03-05 08:20:05.079616
Novidades já notificadas anteriormente. Sem envio...
Rodou em: 2026-03-05 08:30:03.868284
Novidades já notificadas anteriormente. Sem envio...
Rodou em: 2026-03-05 08:40:07.113631
Novidades já notificadas anteriormente. Sem envio...
Rodou em: 2026-03-05 08:50:05.005658
Novidades já notificadas anteriormente. Sem envio...
Rodou em: 2026-03-05 09:00:06.112314
Novidades já notificadas anteriormente. Sem envio...
Rodou em: 2026-03-05 09:10:07.288825
Novidades já notificadas anteriormente. Sem envio...
Rodou em: 2026-03-05 09:20:04.961850
Novidades já notificadas anteriormente. Sem envio...
Rodou em: 2026-03-05 09:30:06.369370
Novidades já notificadas anteriormente. Sem envio...
Rodou em: 2026-03-05 09:40:05.306968
Novidades já notificadas anteriormente. Sem envio...
Rodou em: 2026-03-05 09:50:04.109247
Novidades já notificadas anteriormente. Sem envio...
Rodou em: 2026-03-05 10:00:10.384904
Novidades já notificadas anteriormente. Sem envio...
Rodou em: 2026-03-05 10:10:12.337204
Novidades já notificadas anteriormente. Sem envio...
Rodou em: 2026-03-05 10:20:04.046895
Novidades já notificadas anteriormente. Sem envio...
Rodou em: 2026-03-05 10:30:04.729961
Novidades já notificadas anteriormente. Sem envio...
Rodou em: 2026-03-05 10:40:05.537677
Email enviado com sucesso!
Rodou em: 2026-03-05 10:50:05.165145
Novidades já notificadas anteriormente. Sem envio...
Rodou em: 2026-03-05 11:00:03.837132
Novidades já notificadas anteriormente. Sem envio...
Rodou em: 2026-03-05 11:10:04.345380
Novidades já notificadas anteriormente. Sem envio...
Rodou em: 2026-03-05 11:20:04.407613
Novidades já notificadas anteriormente. Sem envio...
Rodou em: 2026-03-05 11:30:06.460260
Novidades já notificadas anteriormente. Sem envio...
Rodou em: 2026-03-05 11:40:04.179574
Novidades já notificadas anteriormente. Sem envio...
Rodou em: 2026-03-05 11:50:04.466218
Novidades já notificadas anteriormente. Sem envio...
Rodou em: 2026-03-05 12:00:06.122196
Novidades já notificadas anteriormente. Sem envio...
Rodou em: 2026-03-05 12:10:04.119326
Novidades já notificadas anteriormente. Sem envio...
Rodou em: 2026-03-05 12:20:03.738215
Novidades já notificadas anteriormente. Sem envio...
Rodou em: 2026-03-05 12:30:06.125761
Novidades já notificadas anteriormente. Sem envio...
Rodou em: 2026-03-05 12:40:04.473600
Novidades já notificadas anteriormente. Sem envio...
Rodou em: 2026-03-05 12:50:05.413483
Novidades já notificadas anteriormente. Sem envio...
Rodou em: 2026-03-05 13:00:06.003967
Novidades já notificadas anteriormente. Sem envio...
Rodou em: 2026-03-05 13:10:06.243578
Novidades já notificadas anteriormente. Sem envio...
Rodou em: 2026-03-05 13:20:03.694604
Novidades já notificadas anteriormente. Sem envio...
Rodou em: 2026-03-05 13:30:06.473904
Novidades já notificadas anteriormente. Sem envio...
Rodou em: 2026-03-05 13:40:08.647141
Novidades já notificadas anteriormente. Sem envio...
Rodou em: 2026-03-05 13:50:05.791536
Novidades já notificadas anteriormente. Sem envio...
Rodou em: 2026-03-05 14:00:06.103398
Novidades já notificadas anteriormente. Sem envio...
Rodou em: 2026-03-05 14:10:04.508915
Novidades já notificadas anteriormente. Sem envio...
Rodou em: 2026-03-05 14:20:04.195342
Novidades já notificadas anteriormente. Sem envio...
Rodou em: 2026-03-05 14:30:04.241861
Novidades já notificadas anteriormente. Sem envio...
Rodou em: 2026-03-05 14:40:05.495648
Novidades já notificadas anteriormente. Sem envio...
Rodou em: 2026-03-05 14:50:03.661401
Novidades já notificadas anteriormente. Sem envio...
Rodou em: 2026-03-05 15:00:05.719336
Novidades já notificadas anteriormente. Sem envio...
Rodou em: 2026-03-05 15:10:08.231998
Novidades já notificadas anteriormente. Sem envio...
Rodou em: 2026-03-05 15:20:04.384010
Novidades já notificadas anteriormente. Sem envio...
Rodou em: 2026-03-05 15:30:06.022655
Novidades já notificadas anteriormente. Sem envio...
Rodou em: 2026-03-05 15:40:04.916249
Novidades já notificadas anteriormente. Sem envio...
Rodou em: 2026-03-05 15:50:04.414750
Novidades já notificadas anteriormente. Sem envio...
Rodou em: 2026-03-05 16:00:06.165745
Novidades já notificadas anteriormente. Sem envio...
Rodou em: 2026-03-05 16:10:03.780699
Novidades já notificadas anteriormente. Sem envio...
Rodou em: 2026-03-05 16:20:04.226543
Novidades já notificadas anteriormente. Sem envio...
Rodou em: 2026-03-05 16:30:05.476292
Novidades já notificadas anteriormente. Sem envio...
Rodou em: 2026-03-05 16:40:05.960742
Novidades já notificadas anteriormente. Sem envio...
Rodou em: 2026-03-05 16:50:04.449648
Novidades já notificadas anteriormente. Sem envio...
Rodou em: 2026-03-05 17:00:06.132176
Novidades já notificadas anteriormente. Sem envio...
Rodou em: 2026-03-05 17:10:05.671003
Novidades já notificadas anteriormente. Sem envio...
Rodou em: 2026-03-05 17:20:04.084851
Novidades já notificadas anteriormente. Sem envio...
Rodou em: 2026-03-05 17:30:04.430979
Novidades já notificadas anteriormente. Sem envio...
Rodou em: 2026-03-05 17:40:03.890371
Novidades já notificadas anteriormente. Sem envio...
Rodou em: 2026-03-05 17:50:05.699265
Novidades já notificadas anteriormente. Sem envio...
Rodou em: 2026-03-05 18:00:05.920616
Novidades já notificadas anteriormente. Sem envio...
Rodou em: 2026-03-05 18:10:03.835960
Novidades já notificadas anteriormente. Sem envio...
Rodou em: 2026-03-05 18:20:04.650785
Novidades já notificadas anteriormente. Sem envio...
Rodou em: 2026-03-05 18:30:07.730563
Novidades já notificadas anteriormente. Sem envio...
Rodou em: 2026-03-05 18:40:04.842682
Novidades já notificadas anteriormente. Sem envio...
Rodou em: 2026-03-05 18:50:04.287920
Novidades já notificadas anteriormente. Sem envio...
Rodou em: 2026-03-05 19:00:04.951892
Novidades já notificadas anteriormente. Sem envio...
Rodou em: 2026-03-05 19:10:03.647042
Novidades já notificadas anteriormente. Sem envio...
Rodou em: 2026-03-05 19:20:04.688551
Novidades já notificadas anteriormente. Sem envio...
Rodou em: 2026-03-05 19:30:06.130385
Novidades já notificadas anteriormente. Sem envio...
Rodou em: 2026-03-05 19:40:04.174140
Novidades já notificadas anteriormente. Sem envio...
Rodou em: 2026-03-05 19:50:03.913496
Novidades já notificadas anteriormente. Sem envio...
Rodou em: 2026-03-05 20:00:06.506287
Novidades já notificadas anteriormente. Sem envio...
Rodou em: 2026-03-05 20:10:04.142867
Novidades já notificadas anteriormente. Sem envio...
Rodou em: 2026-03-05 20:20:04.839276
Novidades já notificadas anteriormente. Sem envio...
Rodou em: 2026-03-05 20:30:33.668321
Novidades já notificadas anteriormente. Sem envio...
Rodou em: 2026-03-05 21:10:16.359582
Novidades já notificadas anteriormente. Sem envio...
Rodou em: 2026-03-05 21:30:04.275514
Novidades já notificadas anteriormente. Sem envio...
Rodou em: 2026-03-05 22:20:09.107027
Novidades já notificadas anteriormente. Sem envio...
Rodou em: 2026-03-05 22:30:07.765491
Novidades já notificadas anteriormente. Sem envio...
Rodou em: 2026-03-06 00:00:09.715122
Novidades já notificadas anteriormente. Sem envio...
Rodou em: 2026-03-06 01:20:04.178468
Novidades já notificadas anteriormente. Sem envio...
Rodou em: 2026-03-06 06:00:05.716099
Novidades já notificadas anteriormente. Sem envio...
Rodou em: 2026-03-06 08:00:10.821657
Novidades já notificadas anteriormente. Sem envio...
Rodou em: 2026-03-06 08:10:05.581547
Novidades já notificadas anteriormente. Sem envio...
Rodou em: 2026-03-06 08:20:08.840728
Novidades já notificadas anteriormente. Sem envio...
Rodou em: 2026-03-06 08:30:05.930267
Novidades já notificadas anteriormente. Sem envio...
Rodou em: 2026-03-06 08:40:04.800229
Novidades já notificadas anteriormente. Sem envio...
Rodou em: 2026-03-06 09:04:01.119997
Novidades já notificadas anteriormente. Sem envio...
Rodou em: 2026-03-06 09:10:07.757673
Novidades já notificadas anteriormente. Sem envio...
Rodou em: 2026-03-06 09:20:04.656486
Novidades já notificadas anteriormente. Sem envio...
Rodou em: 2026-03-06 09:30:03.928402
Novidades já notificadas anteriormente. Sem envio...
Rodou em: 2026-03-06 09:40:04.635478
Novidades já notificadas anteriormente. Sem envio...
Rodou em: 2026-03-06 09:50:04.447300
Novidades já notificadas anteriormente. Sem envio...
Rodou em: 2026-03-06 10:00:05.974604
Novidades já notificadas anteriormente. Sem envio...
Rodou em: 2026-03-06 10:10:04.019872
Novidades já notificadas anteriormente. Sem envio...
Rodou em: 2026-03-06 10:20:03.752380
Novidades já notificadas anteriormente. Sem envio...
Rodou em: 2026-03-06 10:30:05.716857
Novidades já notificadas anteriormente. Sem envio...
Rodou em: 2026-03-06 10:40:03.282197
Email enviado com sucesso!
Rodou em: 2026-03-06 10:50:05.318238
Novidades já notificadas anteriormente. Sem envio...
Rodou em: 2026-03-06 11:00:03.955687
Novidades já notificadas anteriormente. Sem envio...
Rodou em: 2026-03-06 11:10:04.480504
Novidades já notificadas anteriormente. Sem envio...
Rodou em: 2026-03-06 11:20:04.090077
Novidades já notificadas anteriormente. Sem envio...
Rodou em: 2026-03-06 11:30:03.824307
Novidades já notificadas anteriormente. Sem envio...
Rodou em: 2026-03-06 11:40:04.270421
Novidades já notificadas anteriormente. Sem envio...
Rodou em: 2026-03-06 11:50:04.377566
Novidades já notificadas anteriormente. Sem envio...
Rodou em: 2026-03-06 12:00:05.878308
Novidades já notificadas anteriormente. Sem envio...
Rodou em: 2026-03-06 12:10:05.842538
Novidades já notificadas anteriormente. Sem envio...
Rodou em: 2026-03-06 12:20:04.538407
Novidades já notificadas anteriormente. Sem envio...
Rodou em: 2026-03-06 12:30:04.387263
Novidades já notificadas anteriormente. Sem envio...
Rodou em: 2026-03-06 12:40:04.334944
Novidades já notificadas anteriormente. Sem envio...
Rodou em: 2026-03-06 12:50:03.887607
Novidades já notificadas anteriormente. Sem envio...
Rodou em: 2026-03-06 13:00:05.522996
Novidades já notificadas anteriormente. Sem envio...
Rodou em: 2026-03-06 13:10:04.548240
Novidades já notificadas anteriormente. Sem envio...
Rodou em: 2026-03-06 13:20:05.197182
Novidades já notificadas anteriormente. Sem envio...
Rodou em: 2026-03-06 13:30:17.596114
Novidades já notificadas anteriormente. Sem envio...
Rodou em: 2026-03-06 13:40:03.960025
Novidades já notificadas anteriormente. Sem envio...
Rodou em: 2026-03-06 13:50:04.307268
Novidades já notificadas anteriormente. Sem envio...
Rodou em: 2026-03-06 14:00:05.300177
Novidades já notificadas anteriormente. Sem envio...
Rodou em: 2026-03-06 14:10:03.505441
Novidades já notificadas anteriormente. Sem envio...
Rodou em: 2026-03-06 14:20:04.027946
Novidades já notificadas anteriormente. Sem envio...
Rodou em: 2026-03-06 14:30:03.891260
Novidades já notificadas anteriormente. Sem envio...
Rodou em: 2026-03-06 14:40:04.465099
Novidades já notificadas anteriormente. Sem envio...
Rodou em: 2026-03-06 14:50:03.562229
Novidades já notificadas anteriormente. Sem envio...
Rodou em: 2026-03-06 15:00:07.337944
Novidades já notificadas anteriormente. Sem envio...
Rodou em: 2026-03-06 15:10:05.654770
Novidades já notificadas anteriormente. Sem envio...
Rodou em: 2026-03-06 15:20:04.003338
Novidades já notificadas anteriormente. Sem envio...
Rodou em: 2026-03-06 15:30:05.185524
Novidades já notificadas anteriormente. Sem envio...
Rodou em: 2026-03-06 15:40:03.723612
Novidades já notificadas anteriormente. Sem envio...
Rodou em: 2026-03-06 15:50:04.216858
Novidades já notificadas anteriormente. Sem envio...
Rodou em: 2026-03-06 16:00:04.439300
Novidades já notificadas anteriormente. Sem envio...
Rodou em: 2026-03-06 16:10:04.272718
Novidades já notificadas anteriormente. Sem envio...
Rodou em: 2026-03-06 16:20:03.891296
Novidades já notificadas anteriormente. Sem envio...
Rodou em: 2026-03-06 16:30:05.366527
Novidades já notificadas anteriormente. Sem envio...
Rodou em: 2026-03-06 16:40:03.872204
Novidades já notificadas anteriormente. Sem envio...
Rodou em: 2026-03-06 16:50:04.022893
Novidades já notificadas anteriormente. Sem envio...
Rodou em: 2026-03-06 17:00:05.171340
Novidades já notificadas anteriormente. Sem envio...
Rodou em: 2026-03-06 17:10:05.160096
Novidades já notificadas anteriormente. Sem envio...
Rodou em: 2026-03-06 17:20:04.042122
Novidades já notificadas anteriormente. Sem envio...
Rodou em: 2026-03-06 17:30:04.285787
Novidades já notificadas anteriormente. Sem envio...
Rodou em: 2026-03-06 17:40:04.037521
Novidades já notificadas anteriormente. Sem envio...
Rodou em: 2026-03-06 17:50:03.732914
Novidades já notificadas anteriormente. Sem envio...
Rodou em: 2026-03-06 18:00:04.835891
Novidades já notificadas anteriormente. Sem envio...
Rodou em: 2026-03-06 18:10:04.279173
Novidades já notificadas anteriormente. Sem envio...
Rodou em: 2026-03-06 18:20:04.922351
Novidades já notificadas anteriormente. Sem envio...
Rodou em: 2026-03-06 18:30:05.584661
Novidades já notificadas anteriormente. Sem envio...
Rodou em: 2026-03-06 18:40:03.996812
Novidades já notificadas anteriormente. Sem envio...
Rodou em: 2026-03-06 18:50:03.878859
Novidades já notificadas anteriormente. Sem envio...
Rodou em: 2026-03-06 19:00:04.853862
Novidades já notificadas anteriormente. Sem envio...
Rodou em: 2026-03-06 19:10:03.417551
Novidades já notificadas anteriormente. Sem envio...
Rodou em: 2026-03-06 19:20:04.243996
Novidades já notificadas anteriormente. Sem envio...
Rodou em: 2026-03-06 19:30:04.184320
Novidades já notificadas anteriormente. Sem envio...
Rodou em: 2026-03-06 19:40:04.983411
Novidades já notificadas anteriormente. Sem envio...
Rodou em: 2026-03-06 19:50:03.763511
Novidades já notificadas anteriormente. Sem envio...
Rodou em: 2026-03-06 20:30:05.989632
Novidades já notificadas anteriormente. Sem envio...
Rodou em: 2026-03-06 22:20:06.125848
Novidades já notificadas anteriormente. Sem envio...
Rodou em: 2026-03-07 05:15:59.050200
Novidades já notificadas anteriormente. Sem envio...
Rodou em: 2026-03-07 05:20:03.876214
Novidades já notificadas anteriormente. Sem envio...
Rodou em: 2026-03-07 05:30:05.028468
Novidades já notificadas anteriormente. Sem envio...
Rodou em: 2026-03-07 05:40:03.887622
Novidades já notificadas anteriormente. Sem envio...
Rodou em: 2026-03-07 05:50:05.346656
Novidades já notificadas anteriormente. Sem envio...
Rodou em: 2026-03-07 06:00:04.194571
Novidades já notificadas anteriormente. Sem envio...
Rodou em: 2026-03-07 06:10:05.944146
Novidades já notificadas anteriormente. Sem envio...
Rodou em: 2026-03-07 07:16:49.017786
Novidades já notificadas anteriormente. Sem envio...
Rodou em: 2026-03-07 08:00:14.665399
Novidades já notificadas anteriormente. Sem envio...
Rodou em: 2026-03-07 08:25:06.612480
Novidades já notificadas anteriormente. Sem envio...
Rodou em: 2026-03-07 08:51:40.258532
Novidades já notificadas anteriormente. Sem envio...
Rodou em: 2026-03-07 09:10:06.000101
Novidades já notificadas anteriormente. Sem envio...
Rodou em: 2026-03-07 09:40:06.152285
Novidades já notificadas anteriormente. Sem envio...
Rodou em: 2026-03-07 10:22:59.479857
Novidades já notificadas anteriormente. Sem envio...
Rodou em: 2026-03-07 11:20:03.841866
Novidades já notificadas anteriormente. Sem envio...
Rodou em: 2026-03-07 13:10:05.849470
Novidades já notificadas anteriormente. Sem envio...
Rodou em: 2026-03-07 14:00:16.989035
Novidades já notificadas anteriormente. Sem envio...
Rodou em: 2026-03-07 14:10:20.256321
Novidades já notificadas anteriormente. Sem envio...
Rodou em: 2026-03-07 14:20:11.782602
Novidades já notificadas anteriormente. Sem envio...
Rodou em: 2026-03-07 14:49:28.982134
Novidades já notificadas anteriormente. Sem envio...
Rodou em: 2026-03-07 15:01:51.345074
Novidades já notificadas anteriormente. Sem envio...
Rodou em: 2026-03-07 15:22:54.263320
Novidades já notificadas anteriormente. Sem envio...
Erro ao acessar o site: HTTPSConnectionPool(host='sitepd.org.br', port=443): Read timed out. (read timeout=10)
Erro ao acessar o site: HTTPSConnectionPool(host='sitepd.org.br', port=443): Read timed out. (read timeout=10)
Rodou em: 2026-03-07 17:31:47.578445
Novidades já notificadas anteriormente. Sem envio...
Rodou em: 2026-03-07 17:40:14.875014
Novidades já notificadas anteriormente. Sem envio...
Rodou em: 2026-03-07 18:13:18.364381
Novidades já notificadas anteriormente. Sem envio...
Rodou em: 2026-03-07 20:00:08.044309
Novidades já notificadas anteriormente. Sem envio...
Rodou em: 2026-03-07 22:50:06.602674
Novidades já notificadas anteriormente. Sem envio...
Rodou em: 2026-03-08 04:50:06.091433
Novidades já notificadas anteriormente. Sem envio...
Rodou em: 2026-03-08 05:00:03.542653
Novidades já notificadas anteriormente. Sem envio...
Rodou em: 2026-03-08 05:10:04.984822
Novidades já notificadas anteriormente. Sem envio...
Rodou em: 2026-03-08 05:20:03.961417
Novidades já notificadas anteriormente. Sem envio...
Rodou em: 2026-03-08 05:30:03.973466
Novidades já notificadas anteriormente. Sem envio...
Rodou em: 2026-03-08 05:40:04.599043
Novidades já notificadas anteriormente. Sem envio...
Rodou em: 2026-03-08 05:50:04.503526
Novidades já notificadas anteriormente. Sem envio...
Rodou em: 2026-03-08 06:00:04.679734
Novidades já notificadas anteriormente. Sem envio...
Rodou em: 2026-03-08 06:30:06.320829
Novidades já notificadas anteriormente. Sem envio...
Rodou em: 2026-03-08 06:40:03.925764
Novidades já notificadas anteriormente. Sem envio...
Rodou em: 2026-03-08 06:50:03.711838
Novidades já notificadas anteriormente. Sem envio...
Rodou em: 2026-03-08 07:00:06.360762
Novidades já notificadas anteriormente. Sem envio...
Rodou em: 2026-03-08 07:10:04.953147
Novidades já notificadas anteriormente. Sem envio...
Rodou em: 2026-03-08 07:20:03.880664
Novidades já notificadas anteriormente. Sem envio...
Rodou em: 2026-03-08 07:51:54.659244
Novidades já notificadas anteriormente. Sem envio...
Erro ao acessar o site: HTTPSConnectionPool(host='sitepd.org.br', port=443): Read timed out. (read timeout=10)
Rodou em: 2026-03-08 09:40:05.586083
Novidades já notificadas anteriormente. Sem envio...
Rodou em: 2026-03-08 10:12:14.384403
Novidades já notificadas anteriormente. Sem envio...
Rodou em: 2026-03-08 13:21:16.428040
Novidades já notificadas anteriormente. Sem envio...
Rodou em: 2026-03-08 15:30:36.544027
Novidades já notificadas anteriormente. Sem envio...
Rodou em: 2026-03-08 16:40:06.253263
Novidades já notificadas anteriormente. Sem envio...
Rodou em: 2026-03-08 17:25:42.524844
Novidades já notificadas anteriormente. Sem envio...
Rodou em: 2026-03-08 17:44:01.277463
Novidades já notificadas anteriormente. Sem envio...
Rodou em: 2026-03-08 18:24:55.400398
Novidades já notificadas anteriormente. Sem envio...
Rodou em: 2026-03-08 21:00:05.882961
Novidades já notificadas anteriormente. Sem envio...
Rodou em: 2026-03-08 21:32:02.908709
Novidades já notificadas anteriormente. Sem envio...
Rodou em: 2026-03-08 22:00:05.558035
Novidades já notificadas anteriormente. Sem envio...
Rodou em: 2026-03-08 22:10:05.838022
Novidades já notificadas anteriormente. Sem envio...
Rodou em: 2026-03-08 22:20:10.562965
Novidades já notificadas anteriormente. Sem envio...
Rodou em: 2026-03-08 22:30:04.442904
Novidades já notificadas anteriormente. Sem envio...
Rodou em: 2026-03-08 22:40:07.123215
Novidades já notificadas anteriormente. Sem envio...
Rodou em: 2026-03-08 22:50:03.720445
Novidades já notificadas anteriormente. Sem envio...
Rodou em: 2026-03-08 23:00:05.414330
Novidades já notificadas anteriormente. Sem envio...
Rodou em: 2026-03-09 04:10:06.141593
Novidades já notificadas anteriormente. Sem envio...
Rodou em: 2026-03-09 04:30:04.228786
Novidades já notificadas anteriormente. Sem envio...
Rodou em: 2026-03-09 05:16:15.780764
Novidades já notificadas anteriormente. Sem envio...
Rodou em: 2026-03-09 07:16:46.790174
Novidades já notificadas anteriormente. Sem envio...
Rodou em: 2026-03-09 07:40:51.571177
Novidades já notificadas anteriormente. Sem envio...
Rodou em: 2026-03-09 07:50:05.955553
Novidades já notificadas anteriormente. Sem envio...
Rodou em: 2026-03-09 08:00:04.384375
Novidades já notificadas anteriormente. Sem envio...
Rodou em: 2026-03-09 08:10:03.811219
Novidades já notificadas anteriormente. Sem envio...
Rodou em: 2026-03-09 08:20:04.561556
Novidades já notificadas anteriormente. Sem envio...
Rodou em: 2026-03-09 08:30:05.012469
Novidades já notificadas anteriormente. Sem envio...
Rodou em: 2026-03-09 08:40:07.061932
Novidades já notificadas anteriormente. Sem envio...
Rodou em: 2026-03-09 08:50:05.138018
Novidades já notificadas anteriormente. Sem envio...
Rodou em: 2026-03-09 09:00:04.635364
Novidades já notificadas anteriormente. Sem envio...
Rodou em: 2026-03-09 09:10:06.069794
Novidades já notificadas anteriormente. Sem envio...
Rodou em: 2026-03-09 09:20:05.442690
Novidades já notificadas anteriormente. Sem envio...
Rodou em: 2026-03-09 09:30:04.450172
Novidades já notificadas anteriormente. Sem envio...
Rodou em: 2026-03-09 09:40:11.010771
Novidades já notificadas anteriormente. Sem envio...
Rodou em: 2026-03-09 09:50:05.019605
Novidades já notificadas anteriormente. Sem envio...
Rodou em: 2026-03-09 10:00:06.761241
Novidades já notificadas anteriormente. Sem envio...
Rodou em: 2026-03-09 10:10:04.269730
Novidades já notificadas anteriormente. Sem envio...
Rodou em: 2026-03-09 10:20:04.730002
Novidades já notificadas anteriormente. Sem envio...
Rodou em: 2026-03-09 10:30:04.366661
Novidades já notificadas anteriormente. Sem envio...
Rodou em: 2026-03-09 10:40:03.787037
Novidades já notificadas anteriormente. Sem envio...
Rodou em: 2026-03-09 10:50:03.909965
Novidades já notificadas anteriormente. Sem envio...
Rodou em: 2026-03-09 11:00:04.439355
Novidades já notificadas anteriormente. Sem envio...
Rodou em: 2026-03-09 11:10:04.285797
Novidades já notificadas anteriormente. Sem envio...
Rodou em: 2026-03-09 11:20:04.256941
Novidades já notificadas anteriormente. Sem envio...
Rodou em: 2026-03-09 11:30:05.465431
Novidades já notificadas anteriormente. Sem envio...
Rodou em: 2026-03-09 11:40:04.209563
Novidades já notificadas anteriormente. Sem envio...
Rodou em: 2026-03-09 11:50:04.858546
Novidades já notificadas anteriormente. Sem envio...
Rodou em: 2026-03-09 12:00:04.701999
Novidades já notificadas anteriormente. Sem envio...
Rodou em: 2026-03-09 12:10:05.838894
Novidades já notificadas anteriormente. Sem envio...
Rodou em: 2026-03-09 12:20:04.680268
Novidades já notificadas anteriormente. Sem envio...
Rodou em: 2026-03-09 12:30:04.431703
Novidades já notificadas anteriormente. Sem envio...
Rodou em: 2026-03-09 12:40:04.249828
Novidades já notificadas anteriormente. Sem envio...
Rodou em: 2026-03-09 12:50:05.867138
Novidades já notificadas anteriormente. Sem envio...
Rodou em: 2026-03-09 13:00:05.307020
Novidades já notificadas anteriormente. Sem envio...
Rodou em: 2026-03-09 13:10:04.090153
Novidades já notificadas anteriormente. Sem envio...
Rodou em: 2026-03-09 13:20:05.083608
Novidades já notificadas anteriormente. Sem envio...
Rodou em: 2026-03-09 13:30:06.271632
Novidades já notificadas anteriormente. Sem envio...
Rodou em: 2026-03-09 13:40:06.197053
Novidades já notificadas anteriormente. Sem envio...
Rodou em: 2026-03-09 13:50:05.886478
Novidades já notificadas anteriormente. Sem envio...
Rodou em: 2026-03-09 14:00:05.417282
Email enviado com sucesso!
Rodou em: 2026-03-09 14:10:09.707912
Novidades já notificadas anteriormente. Sem envio...
Rodou em: 2026-03-09 14:20:04.073923
Novidades já notificadas anteriormente. Sem envio...
Rodou em: 2026-03-09 14:30:05.698684
Novidades já notificadas anteriormente. Sem envio...
Rodou em: 2026-03-09 14:40:04.463177
Novidades já notificadas anteriormente. Sem envio...
Rodou em: 2026-03-09 14:50:05.559942
Novidades já notificadas anteriormente. Sem envio...
Rodou em: 2026-03-09 15:00:04.487746
Novidades já notificadas anteriormente. Sem envio...
Rodou em: 2026-03-09 15:10:04.458167
Novidades já notificadas anteriormente. Sem envio...
Rodou em: 2026-03-09 15:20:10.598220
Novidades já notificadas anteriormente. Sem envio...
Rodou em: 2026-03-09 15:30:04.721625
Novidades já notificadas anteriormente. Sem envio...
Rodou em: 2026-03-09 15:40:04.258121
Novidades já notificadas anteriormente. Sem envio...
Rodou em: 2026-03-09 15:50:07.491365
Novidades já notificadas anteriormente. Sem envio...
Rodou em: 2026-03-09 16:00:06.480799
Novidades já notificadas anteriormente. Sem envio...
Rodou em: 2026-03-09 16:10:05.403019
Novidades já notificadas anteriormente. Sem envio...
Rodou em: 2026-03-09 16:20:04.108245
Novidades já notificadas anteriormente. Sem envio...
Rodou em: 2026-03-09 16:30:03.968757
Novidades já notificadas anteriormente. Sem envio...
Rodou em: 2026-03-09 16:40:04.863766
Novidades já notificadas anteriormente. Sem envio...
Rodou em: 2026-03-09 16:50:04.217554
Novidades já notificadas anteriormente. Sem envio...
Rodou em: 2026-03-09 17:00:04.355843
Novidades já notificadas anteriormente. Sem envio...
Rodou em: 2026-03-09 17:10:05.685010
Novidades já notificadas anteriormente. Sem envio...
Rodou em: 2026-03-09 17:20:04.308928
Novidades já notificadas anteriormente. Sem envio...
Rodou em: 2026-03-09 17:30:04.437030
Novidades já notificadas anteriormente. Sem envio...
Rodou em: 2026-03-09 17:40:06.095301
Novidades já notificadas anteriormente. Sem envio...
Rodou em: 2026-03-09 17:50:04.043687
Novidades já notificadas anteriormente. Sem envio...
Rodou em: 2026-03-09 18:00:04.044960
Novidades já notificadas anteriormente. Sem envio...
Rodou em: 2026-03-09 18:10:04.780254
Novidades já notificadas anteriormente. Sem envio...
Rodou em: 2026-03-09 18:20:04.227361
Novidades já notificadas anteriormente. Sem envio...
Rodou em: 2026-03-09 18:30:05.725028
Novidades já notificadas anteriormente. Sem envio...
Rodou em: 2026-03-09 18:40:04.323064
Novidades já notificadas anteriormente. Sem envio...
Rodou em: 2026-03-09 18:50:05.641098
Novidades já notificadas anteriormente. Sem envio...
Rodou em: 2026-03-09 19:00:07.362221
Novidades já notificadas anteriormente. Sem envio...
Rodou em: 2026-03-09 19:10:07.531367
Novidades já notificadas anteriormente. Sem envio...
Rodou em: 2026-03-09 19:20:04.568339
Novidades já notificadas anteriormente. Sem envio...
Rodou em: 2026-03-09 19:30:06.493753
Novidades já notificadas anteriormente. Sem envio...
Rodou em: 2026-03-09 19:40:12.161658
Novidades já notificadas anteriormente. Sem envio...
Rodou em: 2026-03-09 19:50:04.996056
Novidades já notificadas anteriormente. Sem envio...
Rodou em: 2026-03-09 20:00:03.802825
Novidades já notificadas anteriormente. Sem envio...
Rodou em: 2026-03-09 20:10:05.510022
Novidades já notificadas anteriormente. Sem envio...
Rodou em: 2026-03-09 20:20:04.169860
Novidades já notificadas anteriormente. Sem envio...
Rodou em: 2026-03-09 20:30:03.911868
Novidades já notificadas anteriormente. Sem envio...
Rodou em: 2026-03-09 21:00:33.192541
Novidades já notificadas anteriormente. Sem envio...
Rodou em: 2026-03-09 21:15:02.263241
Novidades já notificadas anteriormente. Sem envio...
Rodou em: 2026-03-09 22:10:03.757704
Novidades já notificadas anteriormente. Sem envio...
Rodou em: 2026-03-10 04:40:08.018739
Novidades já notificadas anteriormente. Sem envio...
Rodou em: 2026-03-10 04:50:04.809015
Novidades já notificadas anteriormente. Sem envio...
Rodou em: 2026-03-10 05:00:06.006144
Novidades já notificadas anteriormente. Sem envio...
Rodou em: 2026-03-10 05:10:03.710106
Novidades já notificadas anteriormente. Sem envio...
Rodou em: 2026-03-10 05:20:05.687967
Novidades já notificadas anteriormente. Sem envio...
Rodou em: 2026-03-10 05:30:04.541953
Novidades já notificadas anteriormente. Sem envio...
Rodou em: 2026-03-10 05:40:05.838868
Novidades já notificadas anteriormente. Sem envio...
Rodou em: 2026-03-10 05:53:20.199577
Novidades já notificadas anteriormente. Sem envio...
Rodou em: 2026-03-10 06:10:04.036153
Novidades já notificadas anteriormente. Sem envio...
Rodou em: 2026-03-10 07:56:19.138628
Novidades já notificadas anteriormente. Sem envio...
Rodou em: 2026-03-10 08:00:05.049313
Novidades já notificadas anteriormente. Sem envio...
Rodou em: 2026-03-10 08:10:05.847311
Novidades já notificadas anteriormente. Sem envio...
Rodou em: 2026-03-10 08:20:05.737354
Novidades já notificadas anteriormente. Sem envio...
Rodou em: 2026-03-10 08:30:06.776175
Novidades já notificadas anteriormente. Sem envio...
Rodou em: 2026-03-10 08:40:05.495153
Novidades já notificadas anteriormente. Sem envio...
Rodou em: 2026-03-10 08:50:05.568762
Novidades já notificadas anteriormente. Sem envio...
Rodou em: 2026-03-10 09:00:12.493689
Novidades já notificadas anteriormente. Sem envio...
Rodou em: 2026-03-10 09:10:05.012009
Novidades já notificadas anteriormente. Sem envio...
Rodou em: 2026-03-10 09:20:05.327965
Novidades já notificadas anteriormente. Sem envio...
Rodou em: 2026-03-10 09:30:05.466386
Novidades já notificadas anteriormente. Sem envio...
Rodou em: 2026-03-10 09:40:04.579860
Novidades já notificadas anteriormente. Sem envio...
Rodou em: 2026-03-10 09:50:04.820965
Novidades já notificadas anteriormente. Sem envio...
Rodou em: 2026-03-10 10:00:04.611409
Novidades já notificadas anteriormente. Sem envio...
Rodou em: 2026-03-10 10:10:05.231526
Novidades já notificadas anteriormente. Sem envio...
Rodou em: 2026-03-10 10:20:04.627817
Novidades já notificadas anteriormente. Sem envio...
Rodou em: 2026-03-10 10:30:09.746646
Novidades já notificadas anteriormente. Sem envio...
Rodou em: 2026-03-10 10:40:09.240837
Novidades já notificadas anteriormente. Sem envio...
Rodou em: 2026-03-10 10:50:06.092831
Novidades já notificadas anteriormente. Sem envio...
Rodou em: 2026-03-10 11:00:04.446746
Novidades já notificadas anteriormente. Sem envio...
Rodou em: 2026-03-10 11:10:04.600049
Novidades já notificadas anteriormente. Sem envio...
Rodou em: 2026-03-10 11:20:05.905375
Novidades já notificadas anteriormente. Sem envio...
Rodou em: 2026-03-10 11:30:04.692357
Novidades já notificadas anteriormente. Sem envio...
Rodou em: 2026-03-10 11:40:04.000796
Novidades já notificadas anteriormente. Sem envio...
Rodou em: 2026-03-10 11:50:03.504001
Novidades já notificadas anteriormente. Sem envio...
Rodou em: 2026-03-10 12:00:04.837707
Email enviado com sucesso!
Rodou em: 2026-03-10 12:10:04.486130
Novidades já notificadas anteriormente. Sem envio...
Rodou em: 2026-03-10 12:20:05.457532
Novidades já notificadas anteriormente. Sem envio...
Rodou em: 2026-03-10 12:30:07.688283
Novidades já notificadas anteriormente. Sem envio...
Rodou em: 2026-03-10 12:40:04.514261
Novidades já notificadas anteriormente. Sem envio...
Rodou em: 2026-03-10 12:50:04.009298
Novidades já notificadas anteriormente. Sem envio...
Rodou em: 2026-03-10 13:00:05.243520
Novidades já notificadas anteriormente. Sem envio...
Rodou em: 2026-03-10 13:10:04.716824
Novidades já notificadas anteriormente. Sem envio...
Rodou em: 2026-03-10 13:20:04.407889
Novidades já notificadas anteriormente. Sem envio...
Rodou em: 2026-03-10 13:30:04.595869
Novidades já notificadas anteriormente. Sem envio...
Rodou em: 2026-03-10 13:40:05.990807
Novidades já notificadas anteriormente. Sem envio...
Rodou em: 2026-03-10 13:50:05.478760
Novidades já notificadas anteriormente. Sem envio...
Rodou em: 2026-03-10 14:00:04.199398
Novidades já notificadas anteriormente. Sem envio...
Rodou em: 2026-03-10 14:10:04.258755
Novidades já notificadas anteriormente. Sem envio...
Rodou em: 2026-03-10 14:20:04.990265
Novidades já notificadas anteriormente. Sem envio...
Rodou em: 2026-03-10 14:30:06.931662
Novidades já notificadas anteriormente. Sem envio...
Rodou em: 2026-03-10 14:40:04.061438
Novidades já notificadas anteriormente. Sem envio...
Rodou em: 2026-03-10 14:50:05.320307
Novidades já notificadas anteriormente. Sem envio...
Rodou em: 2026-03-10 15:00:04.038061
Novidades já notificadas anteriormente. Sem envio...
Rodou em: 2026-03-10 15:10:06.483390
Novidades já notificadas anteriormente. Sem envio...
Rodou em: 2026-03-10 15:20:04.299985
Novidades já notificadas anteriormente. Sem envio...
Rodou em: 2026-03-10 15:30:07.914389
Novidades já notificadas anteriormente. Sem envio...
Rodou em: 2026-03-10 15:40:07.325249
Novidades já notificadas anteriormente. Sem envio...
Rodou em: 2026-03-10 15:50:05.534694
Novidades já notificadas anteriormente. Sem envio...
Rodou em: 2026-03-10 16:00:11.337337
Novidades já notificadas anteriormente. Sem envio...
Rodou em: 2026-03-10 16:10:05.575847
Novidades já notificadas anteriormente. Sem envio...
Rodou em: 2026-03-10 16:20:04.911649
Novidades já notificadas anteriormente. Sem envio...
Rodou em: 2026-03-10 16:30:04.143218
Novidades já notificadas anteriormente. Sem envio...
Rodou em: 2026-03-10 16:40:04.293990
Novidades já notificadas anteriormente. Sem envio...
Rodou em: 2026-03-10 16:50:05.063620
Novidades já notificadas anteriormente. Sem envio...
Rodou em: 2026-03-10 17:00:06.888336
Novidades já notificadas anteriormente. Sem envio...
Rodou em: 2026-03-10 17:10:05.668635
Novidades já notificadas anteriormente. Sem envio...
Rodou em: 2026-03-10 17:20:04.317473
Novidades já notificadas anteriormente. Sem envio...
Rodou em: 2026-03-10 17:30:04.352591
Novidades já notificadas anteriormente. Sem envio...
Rodou em: 2026-03-10 17:40:04.545976
Novidades já notificadas anteriormente. Sem envio...
Rodou em: 2026-03-10 17:50:04.194031
Novidades já notificadas anteriormente. Sem envio...
Rodou em: 2026-03-10 18:00:06.369975
Novidades já notificadas anteriormente. Sem envio...
Rodou em: 2026-03-10 18:10:04.282686
Novidades já notificadas anteriormente. Sem envio...
Rodou em: 2026-03-10 18:20:04.090903
Novidades já notificadas anteriormente. Sem envio...
Rodou em: 2026-03-10 18:30:04.212544
Novidades já notificadas anteriormente. Sem envio...
Rodou em: 2026-03-10 18:40:04.580371
Novidades já notificadas anteriormente. Sem envio...
Rodou em: 2026-03-10 18:50:04.175068
Novidades já notificadas anteriormente. Sem envio...
Rodou em: 2026-03-10 19:00:05.916549
Novidades já notificadas anteriormente. Sem envio...
Rodou em: 2026-03-10 19:10:03.677302
Novidades já notificadas anteriormente. Sem envio...
Rodou em: 2026-03-10 19:20:04.587977
Novidades já notificadas anteriormente. Sem envio...
Rodou em: 2026-03-10 19:30:05.571171
Novidades já notificadas anteriormente. Sem envio...
Rodou em: 2026-03-10 19:40:04.221074
Novidades já notificadas anteriormente. Sem envio...
Rodou em: 2026-03-10 19:50:04.709919
Novidades já notificadas anteriormente. Sem envio...
Rodou em: 2026-03-10 20:00:07.786820
Novidades já notificadas anteriormente. Sem envio...
Rodou em: 2026-03-10 20:10:05.268550
Novidades já notificadas anteriormente. Sem envio...
Rodou em: 2026-03-10 20:20:04.038387
Novidades já notificadas anteriormente. Sem envio...
Rodou em: 2026-03-10 20:30:03.605022
Novidades já notificadas anteriormente. Sem envio...
Rodou em: 2026-03-10 20:40:05.090210
Novidades já notificadas anteriormente. Sem envio...
Rodou em: 2026-03-10 20:50:03.725061
Novidades já notificadas anteriormente. Sem envio...
Rodou em: 2026-03-10 21:00:07.122894
Novidades já notificadas anteriormente. Sem envio...
Rodou em: 2026-03-10 21:10:05.160147
Novidades já notificadas anteriormente. Sem envio...
Rodou em: 2026-03-10 21:20:05.013499
Novidades já notificadas anteriormente. Sem envio...
Rodou em: 2026-03-10 21:30:03.818741
Novidades já notificadas anteriormente. Sem envio...
Rodou em: 2026-03-11 03:40:05.364487
Novidades já notificadas anteriormente. Sem envio...
Rodou em: 2026-03-11 04:50:06.388735
Novidades já notificadas anteriormente. Sem envio...
Rodou em: 2026-03-11 05:00:05.863081
Novidades já notificadas anteriormente. Sem envio...
Rodou em: 2026-03-11 05:10:03.902680
Novidades já notificadas anteriormente. Sem envio...
Rodou em: 2026-03-11 05:20:04.766792
Novidades já notificadas anteriormente. Sem envio...
Rodou em: 2026-03-11 05:30:04.017330
Novidades já notificadas anteriormente. Sem envio...
Rodou em: 2026-03-11 05:40:03.668336
Novidades já notificadas anteriormente. Sem envio...
Rodou em: 2026-03-11 05:50:07.289094
Novidades já notificadas anteriormente. Sem envio...
Rodou em: 2026-03-11 06:00:04.631568
Novidades já notificadas anteriormente. Sem envio...
Rodou em: 2026-03-11 07:10:05.075931
Novidades já notificadas anteriormente. Sem envio...
Rodou em: 2026-03-11 07:32:06.087959
Novidades já notificadas anteriormente. Sem envio...
Rodou em: 2026-03-11 07:40:27.986661
Novidades já notificadas anteriormente. Sem envio...
Rodou em: 2026-03-11 08:00:12.599330
Novidades já notificadas anteriormente. Sem envio...
Rodou em: 2026-03-11 08:10:04.531132
Novidades já notificadas anteriormente. Sem envio...
Rodou em: 2026-03-11 08:20:05.175994
Novidades já notificadas anteriormente. Sem envio...
Rodou em: 2026-03-11 08:30:06.956903
Novidades já notificadas anteriormente. Sem envio...
Rodou em: 2026-03-11 08:40:04.007799
Novidades já notificadas anteriormente. Sem envio...
Rodou em: 2026-03-11 08:50:03.901851
Novidades já notificadas anteriormente. Sem envio...
Rodou em: 2026-03-11 09:00:05.148942
Novidades já notificadas anteriormente. Sem envio...
Rodou em: 2026-03-11 09:10:07.865059
Novidades já notificadas anteriormente. Sem envio...
Rodou em: 2026-03-11 09:20:05.649759
Novidades já notificadas anteriormente. Sem envio...
Rodou em: 2026-03-11 09:30:05.840504
Novidades já notificadas anteriormente. Sem envio...
Rodou em: 2026-03-11 09:40:04.178722
Novidades já notificadas anteriormente. Sem envio...
Rodou em: 2026-03-11 09:50:04.865409
Novidades já notificadas anteriormente. Sem envio...
Rodou em: 2026-03-11 10:00:08.852475
Novidades já notificadas anteriormente. Sem envio...
Rodou em: 2026-03-11 10:10:03.617975
Novidades já notificadas anteriormente. Sem envio...
Rodou em: 2026-03-11 10:20:04.984257
Novidades já notificadas anteriormente. Sem envio...
Rodou em: 2026-03-11 10:30:04.629582
Novidades já notificadas anteriormente. Sem envio...
Rodou em: 2026-03-11 10:40:04.368638
Novidades já notificadas anteriormente. Sem envio...
Rodou em: 2026-03-11 10:50:04.330710
Novidades já notificadas anteriormente. Sem envio...
Rodou em: 2026-03-11 11:00:06.542560
Novidades já notificadas anteriormente. Sem envio...
Rodou em: 2026-03-11 11:10:04.303961
Novidades já notificadas anteriormente. Sem envio...
Rodou em: 2026-03-11 11:20:04.770636
Novidades já notificadas anteriormente. Sem envio...
Rodou em: 2026-03-11 11:30:06.492308
Novidades já notificadas anteriormente. Sem envio...
Rodou em: 2026-03-11 11:40:03.782404
Novidades já notificadas anteriormente. Sem envio...
Rodou em: 2026-03-11 11:50:05.960841
Novidades já notificadas anteriormente. Sem envio...
Rodou em: 2026-03-11 12:00:04.767872
Novidades já notificadas anteriormente. Sem envio...
Rodou em: 2026-03-11 12:10:03.756300
Novidades já notificadas anteriormente. Sem envio...
Rodou em: 2026-03-11 12:20:03.937703
Novidades já notificadas anteriormente. Sem envio...
Rodou em: 2026-03-11 12:30:04.675122
Novidades já notificadas anteriormente. Sem envio...
Rodou em: 2026-03-11 12:40:05.262953
Novidades já notificadas anteriormente. Sem envio...
Rodou em: 2026-03-11 13:20:06.174827
Novidades já notificadas anteriormente. Sem envio...
Rodou em: 2026-03-11 13:30:04.841712
Novidades já notificadas anteriormente. Sem envio...
Rodou em: 2026-03-11 13:40:04.072037
Novidades já notificadas anteriormente. Sem envio...
Rodou em: 2026-03-11 13:50:24.571100
Novidades já notificadas anteriormente. Sem envio...
Rodou em: 2026-03-11 14:00:03.981758
Novidades já notificadas anteriormente. Sem envio...
Rodou em: 2026-03-11 14:10:08.032324
Novidades já notificadas anteriormente. Sem envio...
Rodou em: 2026-03-11 14:20:03.847201
Novidades já notificadas anteriormente. Sem envio...
Rodou em: 2026-03-11 14:30:05.226674
Novidades já notificadas anteriormente. Sem envio...
Rodou em: 2026-03-11 14:40:04.339821
Novidades já notificadas anteriormente. Sem envio...
Rodou em: 2026-03-11 14:50:04.249160
Novidades já notificadas anteriormente. Sem envio...
Rodou em: 2026-03-11 15:00:23.177067
Novidades já notificadas anteriormente. Sem envio...
Rodou em: 2026-03-11 15:10:04.668186
Email enviado com sucesso!
Rodou em: 2026-03-11 15:20:05.319232
Novidades já notificadas anteriormente. Sem envio...
Rodou em: 2026-03-11 15:30:03.793713
Novidades já notificadas anteriormente. Sem envio...
Rodou em: 2026-03-11 15:40:04.799010
Novidades já notificadas anteriormente. Sem envio...
Rodou em: 2026-03-11 15:50:06.161650
Novidades já notificadas anteriormente. Sem envio...
Rodou em: 2026-03-11 16:00:06.829914
Novidades já notificadas anteriormente. Sem envio...
Rodou em: 2026-03-11 16:10:04.595944
Novidades já notificadas anteriormente. Sem envio...
Rodou em: 2026-03-11 16:20:08.462426
Novidades já notificadas anteriormente. Sem envio...
Rodou em: 2026-03-11 16:30:05.638129
Novidades já notificadas anteriormente. Sem envio...
Rodou em: 2026-03-11 16:40:06.941059
Novidades já notificadas anteriormente. Sem envio...
Rodou em: 2026-03-11 16:50:04.921822
Novidades já notificadas anteriormente. Sem envio...
Rodou em: 2026-03-11 17:00:05.766108
Novidades já notificadas anteriormente. Sem envio...
Rodou em: 2026-03-11 17:10:08.810568
Novidades já notificadas anteriormente. Sem envio...
Rodou em: 2026-03-11 17:20:06.171685
Novidades já notificadas anteriormente. Sem envio...
Rodou em: 2026-03-11 17:30:03.902090
Novidades já notificadas anteriormente. Sem envio...
Rodou em: 2026-03-11 17:40:03.931589
Novidades já notificadas anteriormente. Sem envio...
Rodou em: 2026-03-11 17:50:04.598040
Novidades já notificadas anteriormente. Sem envio...
Rodou em: 2026-03-11 18:00:05.546576
Novidades já notificadas anteriormente. Sem envio...
Rodou em: 2026-03-11 18:10:04.564145
Novidades já notificadas anteriormente. Sem envio...
Rodou em: 2026-03-11 18:20:07.053003
Novidades já notificadas anteriormente. Sem envio...
Rodou em: 2026-03-11 18:30:04.796186
Novidades já notificadas anteriormente. Sem envio...
Rodou em: 2026-03-11 18:40:04.567458
Novidades já notificadas anteriormente. Sem envio...
Rodou em: 2026-03-11 18:50:07.510271
Novidades já notificadas anteriormente. Sem envio...
Rodou em: 2026-03-11 19:00:05.923162
Novidades já notificadas anteriormente. Sem envio...
Rodou em: 2026-03-11 19:10:04.610440
Novidades já notificadas anteriormente. Sem envio...
Rodou em: 2026-03-11 19:21:27.779924
Novidades já notificadas anteriormente. Sem envio...
Rodou em: 2026-03-11 19:30:06.961031
Novidades já notificadas anteriormente. Sem envio...
Rodou em: 2026-03-11 20:42:24.603304
Novidades já notificadas anteriormente. Sem envio...
Rodou em: 2026-03-11 20:50:04.482907
Novidades já notificadas anteriormente. Sem envio...
Rodou em: 2026-03-11 21:00:05.739541
Novidades já notificadas anteriormente. Sem envio...
Rodou em: 2026-03-11 21:22:03.315231
Novidades já notificadas anteriormente. Sem envio...
Rodou em: 2026-03-11 21:30:18.753832
Novidades já notificadas anteriormente. Sem envio...
Rodou em: 2026-03-11 21:40:29.132292
Novidades já notificadas anteriormente. Sem envio...
Rodou em: 2026-03-11 21:50:20.687635
Novidades já notificadas anteriormente. Sem envio...
Rodou em: 2026-03-11 22:00:11.158418
Novidades já notificadas anteriormente. Sem envio...
Rodou em: 2026-03-11 22:16:14.779735
Novidades já notificadas anteriormente. Sem envio...
Rodou em: 2026-03-11 22:20:24.244634
Novidades já notificadas anteriormente. Sem envio...
Rodou em: 2026-03-12 03:32:02.485024
Novidades já notificadas anteriormente. Sem envio...
Rodou em: 2026-03-12 05:00:48.627552
Novidades já notificadas anteriormente. Sem envio...
Rodou em: 2026-03-12 06:10:05.833925
Novidades já notificadas anteriormente. Sem envio...
Rodou em: 2026-03-12 06:30:06.737373
Novidades já notificadas anteriormente. Sem envio...
Rodou em: 2026-03-12 06:40:05.955621
Novidades já notificadas anteriormente. Sem envio...
Rodou em: 2026-03-12 06:50:04.664911
Novidades já notificadas anteriormente. Sem envio...
Rodou em: 2026-03-12 07:00:06.642769
Novidades já notificadas anteriormente. Sem envio...
Rodou em: 2026-03-12 07:10:04.513006
Novidades já notificadas anteriormente. Sem envio...
Rodou em: 2026-03-12 07:20:04.223632
Novidades já notificadas anteriormente. Sem envio...
Rodou em: 2026-03-12 07:30:07.472125
Novidades já notificadas anteriormente. Sem envio...
Rodou em: 2026-03-12 07:40:04.343585
Novidades já notificadas anteriormente. Sem envio...
Rodou em: 2026-03-12 07:50:04.620578
Novidades já notificadas anteriormente. Sem envio...
Rodou em: 2026-03-12 08:00:09.694203
Novidades já notificadas anteriormente. Sem envio...
Rodou em: 2026-03-12 08:10:04.819899
Novidades já notificadas anteriormente. Sem envio...
Rodou em: 2026-03-12 08:20:04.186292
Novidades já notificadas anteriormente. Sem envio...
Rodou em: 2026-03-12 08:30:06.790488
Novidades já notificadas anteriormente. Sem envio...
Rodou em: 2026-03-12 08:40:06.019420
Novidades já notificadas anteriormente. Sem envio...
Rodou em: 2026-03-12 08:50:06.453701
Novidades já notificadas anteriormente. Sem envio...
Rodou em: 2026-03-12 09:00:10.540282
Novidades já notificadas anteriormente. Sem envio...
Rodou em: 2026-03-12 09:10:05.686104
Novidades já notificadas anteriormente. Sem envio...
Rodou em: 2026-03-12 09:20:05.490229
Novidades já notificadas anteriormente. Sem envio...
Rodou em: 2026-03-12 09:30:04.872442
Novidades já notificadas anteriormente. Sem envio...
Rodou em: 2026-03-12 09:40:06.199100
Email enviado com sucesso!
Rodou em: 2026-03-12 09:50:04.357377
Novidades já notificadas anteriormente. Sem envio...
Rodou em: 2026-03-12 10:00:08.673135
Novidades já notificadas anteriormente. Sem envio...
Rodou em: 2026-03-12 10:10:04.499704
Novidades já notificadas anteriormente. Sem envio...
Rodou em: 2026-03-12 10:20:04.082727
Novidades já notificadas anteriormente. Sem envio...
Rodou em: 2026-03-12 10:30:07.570018
Novidades já notificadas anteriormente. Sem envio...
Rodou em: 2026-03-12 10:40:07.187327
Novidades já notificadas anteriormente. Sem envio...
Rodou em: 2026-03-12 10:50:06.719980
Novidades já notificadas anteriormente. Sem envio...
Rodou em: 2026-03-12 11:00:04.840827
Novidades já notificadas anteriormente. Sem envio...
Rodou em: 2026-03-12 11:10:06.464506
Novidades já notificadas anteriormente. Sem envio...
Rodou em: 2026-03-12 11:20:04.843028
Novidades já notificadas anteriormente. Sem envio...
Rodou em: 2026-03-12 11:30:07.496875
Novidades já notificadas anteriormente. Sem envio...
Rodou em: 2026-03-12 11:40:04.466984
Novidades já notificadas anteriormente. Sem envio...
Rodou em: 2026-03-12 11:50:03.945735
Novidades já notificadas anteriormente. Sem envio...
Rodou em: 2026-03-12 12:00:04.912173
Novidades já notificadas anteriormente. Sem envio...
Rodou em: 2026-03-12 12:10:07.016007
Novidades já notificadas anteriormente. Sem envio...
Rodou em: 2026-03-12 12:20:06.435033
Novidades já notificadas anteriormente. Sem envio...
Erro ao acessar o site: HTTPSConnectionPool(host='sitepd.org.br', port=443): Read timed out. (read timeout=10)
Rodou em: 2026-03-12 13:00:04.643199
Novidades já notificadas anteriormente. Sem envio...
Rodou em: 2026-03-12 13:11:41.702566
Novidades já notificadas anteriormente. Sem envio...
Rodou em: 2026-03-12 13:20:03.736080
Novidades já notificadas anteriormente. Sem envio...
Rodou em: 2026-03-12 13:30:07.344980
Novidades já notificadas anteriormente. Sem envio...
Rodou em: 2026-03-12 13:40:03.932675
Novidades já notificadas anteriormente. Sem envio...
Rodou em: 2026-03-12 13:50:05.812390
Novidades já notificadas anteriormente. Sem envio...
Rodou em: 2026-03-12 14:00:06.830158
Novidades já notificadas anteriormente. Sem envio...
Rodou em: 2026-03-12 14:10:05.405655
Novidades já notificadas anteriormente. Sem envio...
Rodou em: 2026-03-12 14:20:04.902284
Novidades já notificadas anteriormente. Sem envio...
Rodou em: 2026-03-12 14:30:07.349115
Novidades já notificadas anteriormente. Sem envio...
Rodou em: 2026-03-12 14:40:06.520832
Novidades já notificadas anteriormente. Sem envio...
Rodou em: 2026-03-12 14:50:06.261475
Novidades já notificadas anteriormente. Sem envio...
Rodou em: 2026-03-12 15:00:07.931898
Novidades já notificadas anteriormente. Sem envio...
Rodou em: 2026-03-12 15:10:06.710424
Novidades já notificadas anteriormente. Sem envio...
Rodou em: 2026-03-12 15:20:04.684918
Novidades já notificadas anteriormente. Sem envio...
Rodou em: 2026-03-12 15:30:04.351288
Novidades já notificadas anteriormente. Sem envio...
Rodou em: 2026-03-12 15:40:04.258180
Novidades já notificadas anteriormente. Sem envio...
Rodou em: 2026-03-12 15:50:05.485767
Novidades já notificadas anteriormente. Sem envio...
Rodou em: 2026-03-12 16:00:04.556426
Novidades já notificadas anteriormente. Sem envio...
Rodou em: 2026-03-12 16:10:07.692253
Novidades já notificadas anteriormente. Sem envio...
Rodou em: 2026-03-12 16:20:04.860572
Novidades já notificadas anteriormente. Sem envio...
Rodou em: 2026-03-12 16:30:04.163249
Novidades já notificadas anteriormente. Sem envio...
Rodou em: 2026-03-12 16:40:04.135721
Novidades já notificadas anteriormente. Sem envio...
Rodou em: 2026-03-12 16:50:06.322791
Novidades já notificadas anteriormente. Sem envio...
Rodou em: 2026-03-12 17:00:06.339850
Novidades já notificadas anteriormente. Sem envio...
Rodou em: 2026-03-12 17:10:04.606720
Novidades já notificadas anteriormente. Sem envio...
Rodou em: 2026-03-12 17:20:04.795931
Novidades já notificadas anteriormente. Sem envio...
Rodou em: 2026-03-12 17:30:03.624224
Novidades já notificadas anteriormente. Sem envio...
Rodou em: 2026-03-12 17:40:04.234203
Novidades já notificadas anteriormente. Sem envio...
Rodou em: 2026-03-12 17:50:04.186528
Novidades já notificadas anteriormente. Sem envio...
Rodou em: 2026-03-12 18:00:06.368249
Novidades já notificadas anteriormente. Sem envio...
Rodou em: 2026-03-12 18:10:06.766583
Novidades já notificadas anteriormente. Sem envio...
Rodou em: 2026-03-12 18:20:05.831306
Novidades já notificadas anteriormente. Sem envio...
Rodou em: 2026-03-12 18:30:06.261810
Novidades já notificadas anteriormente. Sem envio...
Rodou em: 2026-03-12 18:42:03.727647
Novidades já notificadas anteriormente. Sem envio...
Rodou em: 2026-03-12 19:20:04.444063
Novidades já notificadas anteriormente. Sem envio...
Rodou em: 2026-03-12 21:10:05.884841
Novidades já notificadas anteriormente. Sem envio...
Rodou em: 2026-03-13 00:50:06.640664
Novidades já notificadas anteriormente. Sem envio...
Rodou em: 2026-03-13 04:40:05.886935
Novidades já notificadas anteriormente. Sem envio...
Rodou em: 2026-03-13 05:23:28.236777
Novidades já notificadas anteriormente. Sem envio...
Rodou em: 2026-03-13 07:39:48.025031
Novidades já notificadas anteriormente. Sem envio...
Rodou em: 2026-03-13 07:40:04.330561
Novidades já notificadas anteriormente. Sem envio...
Rodou em: 2026-03-13 08:00:06.560299
Novidades já notificadas anteriormente. Sem envio...
Rodou em: 2026-03-13 08:10:04.264277
Novidades já notificadas anteriormente. Sem envio...
Rodou em: 2026-03-13 08:20:05.621633
Novidades já notificadas anteriormente. Sem envio...
Rodou em: 2026-03-13 08:30:04.456843
Novidades já notificadas anteriormente. Sem envio...
Rodou em: 2026-03-13 08:40:03.721014
Novidades já notificadas anteriormente. Sem envio...
Rodou em: 2026-03-13 08:50:05.201058
Novidades já notificadas anteriormente. Sem envio...
Rodou em: 2026-03-13 09:00:08.364490
Novidades já notificadas anteriormente. Sem envio...
Rodou em: 2026-03-13 09:10:05.103773
Novidades já notificadas anteriormente. Sem envio...
Rodou em: 2026-03-13 09:20:04.235737
Novidades já notificadas anteriormente. Sem envio...
Rodou em: 2026-03-13 09:30:04.791541
Novidades já notificadas anteriormente. Sem envio...
Rodou em: 2026-03-13 09:40:03.758677
Novidades já notificadas anteriormente. Sem envio...
Rodou em: 2026-03-13 09:50:09.457254
Email enviado com sucesso!
Rodou em: 2026-03-13 10:00:13.557997
Novidades já notificadas anteriormente. Sem envio...
Rodou em: 2026-03-13 10:10:04.637999
Novidades já notificadas anteriormente. Sem envio...
Rodou em: 2026-03-13 10:20:06.706123
Novidades já notificadas anteriormente. Sem envio...
Rodou em: 2026-03-13 10:30:05.479396
Novidades já notificadas anteriormente. Sem envio...
Rodou em: 2026-03-13 10:40:04.033126
Novidades já notificadas anteriormente. Sem envio...
Rodou em: 2026-03-13 10:50:07.503473
Novidades já notificadas anteriormente. Sem envio...
Rodou em: 2026-03-13 11:00:04.253898
Novidades já notificadas anteriormente. Sem envio...
Rodou em: 2026-03-13 11:10:04.648543
Novidades já notificadas anteriormente. Sem envio...
Rodou em: 2026-03-13 11:20:05.098840
Novidades já notificadas anteriormente. Sem envio...
Rodou em: 2026-03-13 11:30:09.030639
Novidades já notificadas anteriormente. Sem envio...
Rodou em: 2026-03-13 11:40:12.098436
Novidades já notificadas anteriormente. Sem envio...
Rodou em: 2026-03-13 11:50:04.465028
Novidades já notificadas anteriormente. Sem envio...
Rodou em: 2026-03-13 12:00:05.174939
Novidades já notificadas anteriormente. Sem envio...
Rodou em: 2026-03-13 12:10:05.093863
Novidades já notificadas anteriormente. Sem envio...
Rodou em: 2026-03-13 12:20:04.776440
Novidades já notificadas anteriormente. Sem envio...
Rodou em: 2026-03-13 12:30:05.921952
Novidades já notificadas anteriormente. Sem envio...
Rodou em: 2026-03-13 13:10:05.939055
Novidades já notificadas anteriormente. Sem envio...
Rodou em: 2026-03-13 13:24:23.611307
Novidades já notificadas anteriormente. Sem envio...
Rodou em: 2026-03-13 13:30:09.150278
Novidades já notificadas anteriormente. Sem envio...
Rodou em: 2026-03-13 13:40:05.897967
Novidades já notificadas anteriormente. Sem envio...
Rodou em: 2026-03-13 13:50:04.200664
Novidades já notificadas anteriormente. Sem envio...
Rodou em: 2026-03-13 14:00:05.062890
Novidades já notificadas anteriormente. Sem envio...
Rodou em: 2026-03-13 14:10:04.576092
Novidades já notificadas anteriormente. Sem envio...
Rodou em: 2026-03-13 14:20:07.433084
Novidades já notificadas anteriormente. Sem envio...
Rodou em: 2026-03-13 14:30:04.157104
Novidades já notificadas anteriormente. Sem envio...
Rodou em: 2026-03-13 14:40:05.325917
Novidades já notificadas anteriormente. Sem envio...
Rodou em: 2026-03-13 14:50:08.053414
Novidades já notificadas anteriormente. Sem envio...
Rodou em: 2026-03-13 15:00:26.432415
Novidades já notificadas anteriormente. Sem envio...
Rodou em: 2026-03-13 15:10:05.670741
Novidades já notificadas anteriormente. Sem envio...
Rodou em: 2026-03-13 15:20:04.798268
Novidades já notificadas anteriormente. Sem envio...
Rodou em: 2026-03-13 15:30:04.225431
Novidades já notificadas anteriormente. Sem envio...
Rodou em: 2026-03-13 15:40:05.508740
Novidades já notificadas anteriormente. Sem envio...
Rodou em: 2026-03-13 15:50:06.346336
Novidades já notificadas anteriormente. Sem envio...
Rodou em: 2026-03-13 16:00:04.974399
Novidades já notificadas anteriormente. Sem envio...
Rodou em: 2026-03-13 16:10:04.120090
Novidades já notificadas anteriormente. Sem envio...
Rodou em: 2026-03-13 16:20:07.861348
Novidades já notificadas anteriormente. Sem envio...
Rodou em: 2026-03-13 16:30:05.723005
Novidades já notificadas anteriormente. Sem envio...
Rodou em: 2026-03-13 16:40:03.849031
Novidades já notificadas anteriormente. Sem envio...
Rodou em: 2026-03-13 16:50:04.789345
Novidades já notificadas anteriormente. Sem envio...
Rodou em: 2026-03-13 17:00:04.830085
Novidades já notificadas anteriormente. Sem envio...
Rodou em: 2026-03-13 17:10:09.055944
Novidades já notificadas anteriormente. Sem envio...
Rodou em: 2026-03-13 17:20:04.826990
Novidades já notificadas anteriormente. Sem envio...
Rodou em: 2026-03-13 17:30:04.331923
Novidades já notificadas anteriormente. Sem envio...
Rodou em: 2026-03-13 17:40:04.535893
Novidades já notificadas anteriormente. Sem envio...
Rodou em: 2026-03-13 17:50:04.656141
Novidades já notificadas anteriormente. Sem envio...
Rodou em: 2026-03-13 18:00:05.086101
Novidades já notificadas anteriormente. Sem envio...
Rodou em: 2026-03-13 18:10:03.978996
Novidades já notificadas anteriormente. Sem envio...
Rodou em: 2026-03-13 18:20:05.842200
Novidades já notificadas anteriormente. Sem envio...
Rodou em: 2026-03-13 18:30:05.017932
Novidades já notificadas anteriormente. Sem envio...
Rodou em: 2026-03-13 18:40:03.872899
Novidades já notificadas anteriormente. Sem envio...
Rodou em: 2026-03-13 18:50:06.913930
Novidades já notificadas anteriormente. Sem envio...
Rodou em: 2026-03-13 19:00:03.639438
Novidades já notificadas anteriormente. Sem envio...
Rodou em: 2026-03-13 19:10:05.203744
Novidades já notificadas anteriormente. Sem envio...
Rodou em: 2026-03-13 19:20:05.180349
Novidades já notificadas anteriormente. Sem envio...
Rodou em: 2026-03-13 19:32:18.627846
Novidades já notificadas anteriormente. Sem envio...
Rodou em: 2026-03-13 19:40:56.643460
Novidades já notificadas anteriormente. Sem envio...
Rodou em: 2026-03-13 19:55:32.670651
Novidades já notificadas anteriormente. Sem envio...
Rodou em: 2026-03-13 21:00:05.417112
Novidades já notificadas anteriormente. Sem envio...
Rodou em: 2026-03-13 21:11:48.999550
Novidades já notificadas anteriormente. Sem envio...
Rodou em: 2026-03-14 03:17:13.921751
Novidades já notificadas anteriormente. Sem envio...
Rodou em: 2026-03-14 04:10:05.646444
Novidades já notificadas anteriormente. Sem envio...
Rodou em: 2026-03-14 04:20:05.540570
Novidades já notificadas anteriormente. Sem envio...
Rodou em: 2026-03-14 04:30:04.306159
Novidades já notificadas anteriormente. Sem envio...
Rodou em: 2026-03-14 04:40:04.373605
Novidades já notificadas anteriormente. Sem envio...
Rodou em: 2026-03-14 04:50:06.577211
Novidades já notificadas anteriormente. Sem envio...
Rodou em: 2026-03-14 05:00:06.129558
Novidades já notificadas anteriormente. Sem envio...
Rodou em: 2026-03-14 05:10:04.576592
Novidades já notificadas anteriormente. Sem envio...
Rodou em: 2026-03-14 05:30:06.456328
Novidades já notificadas anteriormente. Sem envio...
Rodou em: 2026-03-14 05:40:06.383725
Novidades já notificadas anteriormente. Sem envio...
Rodou em: 2026-03-14 05:50:05.353762
Novidades já notificadas anteriormente. Sem envio...
Rodou em: 2026-03-14 06:00:04.661303
Novidades já notificadas anteriormente. Sem envio...
Rodou em: 2026-03-14 06:10:06.085119
Novidades já notificadas anteriormente. Sem envio...
Rodou em: 2026-03-14 06:20:05.248132
Novidades já notificadas anteriormente. Sem envio...
Rodou em: 2026-03-14 08:00:47.586864
Novidades já notificadas anteriormente. Sem envio...
Rodou em: 2026-03-14 08:22:49.069946
Novidades já notificadas anteriormente. Sem envio...
Rodou em: 2026-03-14 08:40:13.881781
Novidades já notificadas anteriormente. Sem envio...
Rodou em: 2026-03-14 08:50:04.225354
Novidades já notificadas anteriormente. Sem envio...
Rodou em: 2026-03-14 09:00:14.541288
Novidades já notificadas anteriormente. Sem envio...
Rodou em: 2026-03-14 10:00:09.845243
Novidades já notificadas anteriormente. Sem envio...
Rodou em: 2026-03-14 10:20:09.887409
Novidades já notificadas anteriormente. Sem envio...
Rodou em: 2026-03-14 13:20:06.736266
Novidades já notificadas anteriormente. Sem envio...
Rodou em: 2026-03-14 14:20:04.187956
Novidades já notificadas anteriormente. Sem envio...
Rodou em: 2026-03-14 16:50:02.827881
Novidades já notificadas anteriormente. Sem envio...
Rodou em: 2026-03-14 16:50:03.788871
Novidades já notificadas anteriormente. Sem envio...
Rodou em: 2026-03-14 17:00:37.127813
Novidades já notificadas anteriormente. Sem envio...
Rodou em: 2026-03-14 20:10:06.618245
Novidades já notificadas anteriormente. Sem envio...
Rodou em: 2026-03-14 20:20:32.632412
Novidades já notificadas anteriormente. Sem envio...
Rodou em: 2026-03-14 20:50:03.951103
Novidades já notificadas anteriormente. Sem envio...
Rodou em: 2026-03-14 21:10:05.247339
Novidades já notificadas anteriormente. Sem envio...
Rodou em: 2026-03-14 22:20:06.133157
Novidades já notificadas anteriormente. Sem envio...
Rodou em: 2026-03-14 23:10:04.579986
Novidades já notificadas anteriormente. Sem envio...
Rodou em: 2026-03-15 01:07:02.356114
Novidades já notificadas anteriormente. Sem envio...
Rodou em: 2026-03-15 02:50:03.919037
Novidades já notificadas anteriormente. Sem envio...
Rodou em: 2026-03-15 05:10:08.133772
Novidades já notificadas anteriormente. Sem envio...
Rodou em: 2026-03-15 05:20:05.692002
Novidades já notificadas anteriormente. Sem envio...
Rodou em: 2026-03-15 05:30:04.720214
Novidades já notificadas anteriormente. Sem envio...
Rodou em: 2026-03-15 05:40:04.769992
Novidades já notificadas anteriormente. Sem envio...
Rodou em: 2026-03-15 05:50:05.014067
Novidades já notificadas anteriormente. Sem envio...
Rodou em: 2026-03-15 06:00:04.152877
Novidades já notificadas anteriormente. Sem envio...
Rodou em: 2026-03-15 08:00:34.442968
Novidades já notificadas anteriormente. Sem envio...
Rodou em: 2026-03-15 08:50:14.642096
Novidades já notificadas anteriormente. Sem envio...
Rodou em: 2026-03-15 09:00:16.188332
Novidades já notificadas anteriormente. Sem envio...
Rodou em: 2026-03-15 10:56:24.109802
Novidades já notificadas anteriormente. Sem envio...
Rodou em: 2026-03-15 11:00:06.805649
Novidades já notificadas anteriormente. Sem envio...
Rodou em: 2026-03-15 17:00:27.420683
Novidades já notificadas anteriormente. Sem envio...
Erro ao acessar o site: HTTPSConnectionPool(host='sitepd.org.br', port=443): Read timed out. (read timeout=10)
Rodou em: 2026-03-16 07:00:04.809059
Novidades já notificadas anteriormente. Sem envio...
Rodou em: 2026-03-16 07:55:04.148434
Novidades já notificadas anteriormente. Sem envio...
Rodou em: 2026-03-16 08:00:41.266034
Novidades já notificadas anteriormente. Sem envio...
Rodou em: 2026-03-16 08:10:09.729983
Novidades já notificadas anteriormente. Sem envio...
Rodou em: 2026-03-16 08:20:04.848788
Novidades já notificadas anteriormente. Sem envio...
Rodou em: 2026-03-16 08:30:04.664253
Novidades já notificadas anteriormente. Sem envio...
Rodou em: 2026-03-16 08:40:07.154809
Novidades já notificadas anteriormente. Sem envio...
Rodou em: 2026-03-16 08:50:04.741161
Novidades já notificadas anteriormente. Sem envio...
Rodou em: 2026-03-16 09:00:06.415600
Novidades já notificadas anteriormente. Sem envio...
Rodou em: 2026-03-16 09:10:05.605249
Novidades já notificadas anteriormente. Sem envio...
Rodou em: 2026-03-16 09:20:05.442395
Novidades já notificadas anteriormente. Sem envio...
Rodou em: 2026-03-16 09:30:04.097221
Novidades já notificadas anteriormente. Sem envio...
Rodou em: 2026-03-16 09:40:04.031550
Novidades já notificadas anteriormente. Sem envio...
Rodou em: 2026-03-16 09:50:05.421424
Novidades já notificadas anteriormente. Sem envio...
Rodou em: 2026-03-16 10:00:09.564546
Novidades já notificadas anteriormente. Sem envio...
Rodou em: 2026-03-16 10:10:04.493438
Novidades já notificadas anteriormente. Sem envio...
Rodou em: 2026-03-16 10:20:04.119106
Novidades já notificadas anteriormente. Sem envio...
Rodou em: 2026-03-16 10:30:19.733861
Novidades já notificadas anteriormente. Sem envio...
Rodou em: 2026-03-16 10:40:16.819178
Novidades já notificadas anteriormente. Sem envio...
Rodou em: 2026-03-16 10:50:06.355073
Novidades já notificadas anteriormente. Sem envio...
Rodou em: 2026-03-16 11:00:05.803531
Novidades já notificadas anteriormente. Sem envio...
Rodou em: 2026-03-16 11:10:03.556346
Novidades já notificadas anteriormente. Sem envio...
Rodou em: 2026-03-16 11:20:04.475350
Novidades já notificadas anteriormente. Sem envio...
Erro ao acessar o site: HTTPSConnectionPool(host='sitepd.org.br', port=443): Read timed out. (read timeout=10)
Rodou em: 2026-03-16 11:40:04.201861
Novidades já notificadas anteriormente. Sem envio...
Rodou em: 2026-03-16 11:50:04.886471
Novidades já notificadas anteriormente. Sem envio...
Erro ao acessar o site: HTTPSConnectionPool(host='sitepd.org.br', port=443): Max retries exceeded with url: / (Caused by NameResolutionError("<urllib3.connection.HTTPSConnection object at 0x10951a510>: Failed to resolve 'sitepd.org.br' ([Errno 8] nodename nor servname provided, or not known)"))
Rodou em: 2026-03-16 12:10:05.700650
Novidades já notificadas anteriormente. Sem envio...
Rodou em: 2026-03-16 12:20:04.471910
Novidades já notificadas anteriormente. Sem envio...
Rodou em: 2026-03-16 12:30:03.939870
Novidades já notificadas anteriormente. Sem envio...
Rodou em: 2026-03-16 12:40:04.902832
Novidades já notificadas anteriormente. Sem envio...
Rodou em: 2026-03-16 12:50:04.218100
Novidades já notificadas anteriormente. Sem envio...
Rodou em: 2026-03-16 13:00:03.873770
Novidades já notificadas anteriormente. Sem envio...
Rodou em: 2026-03-16 13:10:05.142744
Novidades já notificadas anteriormente. Sem envio...
Rodou em: 2026-03-16 13:20:04.495112
Novidades já notificadas anteriormente. Sem envio...
Rodou em: 2026-03-16 13:30:07.364010
Novidades já notificadas anteriormente. Sem envio...
Rodou em: 2026-03-16 13:40:03.964251
Novidades já notificadas anteriormente. Sem envio...
Rodou em: 2026-03-16 13:50:04.395719
Novidades já notificadas anteriormente. Sem envio...
Rodou em: 2026-03-16 14:00:10.925274
Novidades já notificadas anteriormente. Sem envio...
Rodou em: 2026-03-16 14:10:04.722172
Novidades já notificadas anteriormente. Sem envio...
Rodou em: 2026-03-16 14:20:05.920783
Novidades já notificadas anteriormente. Sem envio...
Rodou em: 2026-03-16 14:30:04.648042
Novidades já notificadas anteriormente. Sem envio...
Rodou em: 2026-03-16 14:40:03.722302
Novidades já notificadas anteriormente. Sem envio...
Rodou em: 2026-03-16 14:50:06.062243
Novidades já notificadas anteriormente. Sem envio...
Rodou em: 2026-03-16 15:00:07.040723
Novidades já notificadas anteriormente. Sem envio...
Rodou em: 2026-03-16 15:10:06.252326
Novidades já notificadas anteriormente. Sem envio...
Rodou em: 2026-03-16 15:20:05.060005
Novidades já notificadas anteriormente. Sem envio...
Rodou em: 2026-03-16 15:30:16.274906
Novidades já notificadas anteriormente. Sem envio...
Rodou em: 2026-03-16 15:40:05.890008
Novidades já notificadas anteriormente. Sem envio...
Rodou em: 2026-03-16 15:50:05.412528
Novidades já notificadas anteriormente. Sem envio...
Rodou em: 2026-03-16 16:00:06.713480
Novidades já notificadas anteriormente. Sem envio...
Rodou em: 2026-03-16 16:10:06.142037
Novidades já notificadas anteriormente. Sem envio...
Rodou em: 2026-03-16 16:20:04.793727
Novidades já notificadas anteriormente. Sem envio...
Rodou em: 2026-03-16 16:30:04.256888
Novidades já notificadas anteriormente. Sem envio...
Rodou em: 2026-03-16 16:40:05.184891
Novidades já notificadas anteriormente. Sem envio...
Rodou em: 2026-03-16 16:50:06.651710
Novidades já notificadas anteriormente. Sem envio...
Rodou em: 2026-03-16 17:00:07.036535
Novidades já notificadas anteriormente. Sem envio...
Rodou em: 2026-03-16 17:10:05.252971
Novidades já notificadas anteriormente. Sem envio...
Rodou em: 2026-03-16 17:20:06.204651
Novidades já notificadas anteriormente. Sem envio...
Rodou em: 2026-03-16 17:30:05.375773
Email enviado com sucesso!
Rodou em: 2026-03-16 17:40:05.662540
Novidades já notificadas anteriormente. Sem envio...
Rodou em: 2026-03-16 17:50:05.496136
Novidades já notificadas anteriormente. Sem envio...
Rodou em: 2026-03-16 19:26:17.097317
Novidades já notificadas anteriormente. Sem envio...
Rodou em: 2026-03-16 21:10:07.099183
Novidades já notificadas anteriormente. Sem envio...
Rodou em: 2026-03-16 21:50:18.568344
Novidades já notificadas anteriormente. Sem envio...
Rodou em: 2026-03-16 23:10:14.331987
Novidades já notificadas anteriormente. Sem envio...
Rodou em: 2026-03-17 02:00:31.150310
Novidades já notificadas anteriormente. Sem envio...
Rodou em: 2026-03-17 05:00:07.845484
Novidades já notificadas anteriormente. Sem envio...
Rodou em: 2026-03-17 05:10:03.720862
Novidades já notificadas anteriormente. Sem envio...
Rodou em: 2026-03-17 05:20:04.508792
Novidades já notificadas anteriormente. Sem envio...
Rodou em: 2026-03-17 05:30:04.069868
Novidades já notificadas anteriormente. Sem envio...
Rodou em: 2026-03-17 05:40:04.142830
Novidades já notificadas anteriormente. Sem envio...
Rodou em: 2026-03-17 05:50:04.278646
Novidades já notificadas anteriormente. Sem envio...
Rodou em: 2026-03-17 06:00:04.597389
Novidades já notificadas anteriormente. Sem envio...
Rodou em: 2026-03-17 06:10:04.661839
Novidades já notificadas anteriormente. Sem envio...
Rodou em: 2026-03-17 06:20:04.307761
Novidades já notificadas anteriormente. Sem envio...
Rodou em: 2026-03-17 07:44:04.872153
Novidades já notificadas anteriormente. Sem envio...
Rodou em: 2026-03-17 07:50:05.669557
Novidades já notificadas anteriormente. Sem envio...
Rodou em: 2026-03-17 08:00:13.545188
Novidades já notificadas anteriormente. Sem envio...
Rodou em: 2026-03-17 08:10:06.142102
Novidades já notificadas anteriormente. Sem envio...
Rodou em: 2026-03-17 08:20:04.838981
Novidades já notificadas anteriormente. Sem envio...
Rodou em: 2026-03-17 08:30:05.810759
Novidades já notificadas anteriormente. Sem envio...
Rodou em: 2026-03-17 08:40:04.329303
Novidades já notificadas anteriormente. Sem envio...
Rodou em: 2026-03-17 08:50:04.136469
Novidades já notificadas anteriormente. Sem envio...
Rodou em: 2026-03-17 09:00:06.262398
Novidades já notificadas anteriormente. Sem envio...
Rodou em: 2026-03-17 09:10:07.276004
Novidades já notificadas anteriormente. Sem envio...
Rodou em: 2026-03-17 09:20:04.527093
Novidades já notificadas anteriormente. Sem envio...
Rodou em: 2026-03-17 09:30:07.505370
Novidades já notificadas anteriormente. Sem envio...
Rodou em: 2026-03-17 09:40:05.801454
Novidades já notificadas anteriormente. Sem envio...
Rodou em: 2026-03-17 09:50:06.440014
Novidades já notificadas anteriormente. Sem envio...
Rodou em: 2026-03-17 10:00:09.347297
Novidades já notificadas anteriormente. Sem envio...
Rodou em: 2026-03-17 10:10:09.086335
Novidades já notificadas anteriormente. Sem envio...
Rodou em: 2026-03-17 10:20:03.859402
Novidades já notificadas anteriormente. Sem envio...
Rodou em: 2026-03-17 10:30:04.059949
Novidades já notificadas anteriormente. Sem envio...
Rodou em: 2026-03-17 10:40:05.606518
Novidades já notificadas anteriormente. Sem envio...
Rodou em: 2026-03-17 10:50:05.026661
Novidades já notificadas anteriormente. Sem envio...
Rodou em: 2026-03-17 11:00:03.916477
Novidades já notificadas anteriormente. Sem envio...
Rodou em: 2026-03-17 11:10:03.916662
Novidades já notificadas anteriormente. Sem envio...
Rodou em: 2026-03-17 11:20:06.380161
Novidades já notificadas anteriormente. Sem envio...
Rodou em: 2026-03-17 11:30:04.827759
Novidades já notificadas anteriormente. Sem envio...
Rodou em: 2026-03-17 11:40:04.938755
Novidades já notificadas anteriormente. Sem envio...
Rodou em: 2026-03-17 11:50:07.693459
Novidades já notificadas anteriormente. Sem envio...
Rodou em: 2026-03-17 12:00:04.797084
Novidades já notificadas anteriormente. Sem envio...
Rodou em: 2026-03-17 12:10:04.519520
Novidades já notificadas anteriormente. Sem envio...
Rodou em: 2026-03-17 12:20:09.159164
Novidades já notificadas anteriormente. Sem envio...
Rodou em: 2026-03-17 12:30:03.877062
Novidades já notificadas anteriormente. Sem envio...
Rodou em: 2026-03-17 12:40:03.965145
Novidades já notificadas anteriormente. Sem envio...
Rodou em: 2026-03-17 12:50:04.040336
Novidades já notificadas anteriormente. Sem envio...
Rodou em: 2026-03-17 13:00:04.121979
Novidades já notificadas anteriormente. Sem envio...
Rodou em: 2026-03-17 13:10:03.622670
Novidades já notificadas anteriormente. Sem envio...
Rodou em: 2026-03-17 13:20:04.391081
Novidades já notificadas anteriormente. Sem envio...
Rodou em: 2026-03-17 13:30:06.074976
Novidades já notificadas anteriormente. Sem envio...
Rodou em: 2026-03-17 13:40:04.498526
Novidades já notificadas anteriormente. Sem envio...
Rodou em: 2026-03-17 13:50:03.816593
Novidades já notificadas anteriormente. Sem envio...
Rodou em: 2026-03-17 14:00:07.074345
Novidades já notificadas anteriormente. Sem envio...
Rodou em: 2026-03-17 14:10:04.667634
Novidades já notificadas anteriormente. Sem envio...
Rodou em: 2026-03-17 14:20:06.058312
Novidades já notificadas anteriormente. Sem envio...
Rodou em: 2026-03-17 14:30:05.107623
Novidades já notificadas anteriormente. Sem envio...
Rodou em: 2026-03-17 14:40:05.928533
Novidades já notificadas anteriormente. Sem envio...
Rodou em: 2026-03-17 14:50:04.967010
Novidades já notificadas anteriormente. Sem envio...
Rodou em: 2026-03-17 15:00:05.342045
Novidades já notificadas anteriormente. Sem envio...
Rodou em: 2026-03-17 15:10:09.191176
Novidades já notificadas anteriormente. Sem envio...
Rodou em: 2026-03-17 15:20:04.200679
Novidades já notificadas anteriormente. Sem envio...
Rodou em: 2026-03-17 15:30:04.107845
Novidades já notificadas anteriormente. Sem envio...
Rodou em: 2026-03-17 15:40:06.041784
Novidades já notificadas anteriormente. Sem envio...
Rodou em: 2026-03-17 15:50:33.914144
Novidades já notificadas anteriormente. Sem envio...
Rodou em: 2026-03-17 16:00:15.779884
Novidades já notificadas anteriormente. Sem envio...
Rodou em: 2026-03-17 16:10:05.591715
Novidades já notificadas anteriormente. Sem envio...
Rodou em: 2026-03-17 16:20:04.450963
Novidades já notificadas anteriormente. Sem envio...
Rodou em: 2026-03-17 16:30:05.737509
Novidades já notificadas anteriormente. Sem envio...
Rodou em: 2026-03-17 16:40:04.338750
Novidades já notificadas anteriormente. Sem envio...
Rodou em: 2026-03-17 16:50:05.846905
Novidades já notificadas anteriormente. Sem envio...
Rodou em: 2026-03-17 17:00:08.633628
Novidades já notificadas anteriormente. Sem envio...
Rodou em: 2026-03-17 17:10:11.323986
Novidades já notificadas anteriormente. Sem envio...
Rodou em: 2026-03-17 17:20:04.977392
Novidades já notificadas anteriormente. Sem envio...
Rodou em: 2026-03-17 17:30:03.886807
Novidades já notificadas anteriormente. Sem envio...
Rodou em: 2026-03-17 17:40:04.343416
Novidades já notificadas anteriormente. Sem envio...
Rodou em: 2026-03-17 17:50:04.518304
Novidades já notificadas anteriormente. Sem envio...
Rodou em: 2026-03-17 18:00:07.877555
Novidades já notificadas anteriormente. Sem envio...
Rodou em: 2026-03-17 18:10:04.245797
Novidades já notificadas anteriormente. Sem envio...
Rodou em: 2026-03-17 18:20:04.242993
Novidades já notificadas anteriormente. Sem envio...
Rodou em: 2026-03-17 18:30:04.428624
Novidades já notificadas anteriormente. Sem envio...
Rodou em: 2026-03-17 18:40:04.969005
Novidades já notificadas anteriormente. Sem envio...
Rodou em: 2026-03-17 18:50:06.483079
Novidades já notificadas anteriormente. Sem envio...
Rodou em: 2026-03-17 19:00:07.022138
Novidades já notificadas anteriormente. Sem envio...
Rodou em: 2026-03-17 19:10:05.115548
Novidades já notificadas anteriormente. Sem envio...
Rodou em: 2026-03-17 19:20:03.951560
Novidades já notificadas anteriormente. Sem envio...
Rodou em: 2026-03-17 19:30:06.131008
Novidades já notificadas anteriormente. Sem envio...
Rodou em: 2026-03-17 19:40:05.437897
Novidades já notificadas anteriormente. Sem envio...
Rodou em: 2026-03-17 19:50:05.866369
Novidades já notificadas anteriormente. Sem envio...
Rodou em: 2026-03-17 21:00:14.602334
Novidades já notificadas anteriormente. Sem envio...
Rodou em: 2026-03-17 21:10:07.339717
Novidades já notificadas anteriormente. Sem envio...
Rodou em: 2026-03-17 21:20:06.062137
Novidades já notificadas anteriormente. Sem envio...
Rodou em: 2026-03-17 21:30:07.578239
Novidades já notificadas anteriormente. Sem envio...
Rodou em: 2026-03-17 21:40:04.278317
Novidades já notificadas anteriormente. Sem envio...
Rodou em: 2026-03-17 21:50:05.464339
Novidades já notificadas anteriormente. Sem envio...
Rodou em: 2026-03-17 22:00:04.476260
Novidades já notificadas anteriormente. Sem envio...
Rodou em: 2026-03-17 22:20:28.276888
Novidades já notificadas anteriormente. Sem envio...
Rodou em: 2026-03-18 03:11:42.089849
Novidades já notificadas anteriormente. Sem envio...
Rodou em: 2026-03-18 04:30:06.938208
Novidades já notificadas anteriormente. Sem envio...
Rodou em: 2026-03-18 04:40:03.856742
Novidades já notificadas anteriormente. Sem envio...
Rodou em: 2026-03-18 04:50:04.999420
Novidades já notificadas anteriormente. Sem envio...
Rodou em: 2026-03-18 05:00:04.302163
Novidades já notificadas anteriormente. Sem envio...
Rodou em: 2026-03-18 05:10:04.460325
Novidades já notificadas anteriormente. Sem envio...
Rodou em: 2026-03-18 05:20:04.608813
Novidades já notificadas anteriormente. Sem envio...
Rodou em: 2026-03-18 06:11:58.155502
Novidades já notificadas anteriormente. Sem envio...
Rodou em: 2026-03-18 07:50:18.034197
Novidades já notificadas anteriormente. Sem envio...
Rodou em: 2026-03-18 08:01:56.881691
Novidades já notificadas anteriormente. Sem envio...
Rodou em: 2026-03-18 08:10:05.772722
Novidades já notificadas anteriormente. Sem envio...
Rodou em: 2026-03-18 08:20:04.367326
Novidades já notificadas anteriormente. Sem envio...
Rodou em: 2026-03-18 08:30:04.200666
Novidades já notificadas anteriormente. Sem envio...
Rodou em: 2026-03-18 08:41:51.693728
Novidades já notificadas anteriormente. Sem envio...
Rodou em: 2026-03-18 08:50:05.591735
Novidades já notificadas anteriormente. Sem envio...
Rodou em: 2026-03-18 09:00:08.766110
Novidades já notificadas anteriormente. Sem envio...
Rodou em: 2026-03-18 09:10:12.649912
Novidades já notificadas anteriormente. Sem envio...
Rodou em: 2026-03-18 09:20:05.216105
Novidades já notificadas anteriormente. Sem envio...
Rodou em: 2026-03-18 09:30:08.133681
Novidades já notificadas anteriormente. Sem envio...
Rodou em: 2026-03-18 09:40:04.933429
Novidades já notificadas anteriormente. Sem envio...
Rodou em: 2026-03-18 09:50:05.936276
Novidades já notificadas anteriormente. Sem envio...
Rodou em: 2026-03-18 10:00:11.653458
Novidades já notificadas anteriormente. Sem envio...
Rodou em: 2026-03-18 10:10:04.217371
Novidades já notificadas anteriormente. Sem envio...
Rodou em: 2026-03-18 10:20:04.656912
Novidades já notificadas anteriormente. Sem envio...
Rodou em: 2026-03-18 10:30:05.158347
Novidades já notificadas anteriormente. Sem envio...
Rodou em: 2026-03-18 10:40:04.488824
Novidades já notificadas anteriormente. Sem envio...
Rodou em: 2026-03-18 10:50:04.466776
Novidades já notificadas anteriormente. Sem envio...
Rodou em: 2026-03-18 11:00:04.628022
Novidades já notificadas anteriormente. Sem envio...
Rodou em: 2026-03-18 11:10:04.692157
Novidades já notificadas anteriormente. Sem envio...
Rodou em: 2026-03-18 11:20:04.536048
Novidades já notificadas anteriormente. Sem envio...
Rodou em: 2026-03-18 11:30:07.533342
Novidades já notificadas anteriormente. Sem envio...
Rodou em: 2026-03-18 11:40:04.334641
Novidades já notificadas anteriormente. Sem envio...
Rodou em: 2026-03-18 11:50:04.164654
Novidades já notificadas anteriormente. Sem envio...
Rodou em: 2026-03-18 12:00:06.025349
Novidades já notificadas anteriormente. Sem envio...
Rodou em: 2026-03-18 12:10:06.134879
Novidades já notificadas anteriormente. Sem envio...
Rodou em: 2026-03-18 12:20:07.603592
Novidades já notificadas anteriormente. Sem envio...
Rodou em: 2026-03-18 12:30:07.834511
Novidades já notificadas anteriormente. Sem envio...
Rodou em: 2026-03-18 12:40:04.456620
Novidades já notificadas anteriormente. Sem envio...
Rodou em: 2026-03-18 12:50:04.604914
Novidades já notificadas anteriormente. Sem envio...
Rodou em: 2026-03-18 13:00:05.070070
Novidades já notificadas anteriormente. Sem envio...
Rodou em: 2026-03-18 13:10:05.637590
Novidades já notificadas anteriormente. Sem envio...
Rodou em: 2026-03-18 13:20:08.649947
Novidades já notificadas anteriormente. Sem envio...
Rodou em: 2026-03-18 13:30:08.470736
Novidades já notificadas anteriormente. Sem envio...
Rodou em: 2026-03-18 13:40:06.203547
Novidades já notificadas anteriormente. Sem envio...
Rodou em: 2026-03-18 13:50:10.195641
Novidades já notificadas anteriormente. Sem envio...
Rodou em: 2026-03-18 14:00:32.442661
Novidades já notificadas anteriormente. Sem envio...
Rodou em: 2026-03-18 14:10:07.465638
Novidades já notificadas anteriormente. Sem envio...
Rodou em: 2026-03-18 14:20:05.637861
Novidades já notificadas anteriormente. Sem envio...
Rodou em: 2026-03-18 14:30:18.113832
Novidades já notificadas anteriormente. Sem envio...
Rodou em: 2026-03-18 14:40:05.007391
Novidades já notificadas anteriormente. Sem envio...
Rodou em: 2026-03-18 14:50:08.282371
Novidades já notificadas anteriormente. Sem envio...
Rodou em: 2026-03-18 15:00:08.899451
Novidades já notificadas anteriormente. Sem envio...
Rodou em: 2026-03-18 15:10:05.416650
Novidades já notificadas anteriormente. Sem envio...
Rodou em: 2026-03-18 15:20:05.818813
Novidades já notificadas anteriormente. Sem envio...
Rodou em: 2026-03-18 15:30:05.811172
Novidades já notificadas anteriormente. Sem envio...
Rodou em: 2026-03-18 15:40:04.948948
Novidades já notificadas anteriormente. Sem envio...
Rodou em: 2026-03-18 15:50:19.408546
Novidades já notificadas anteriormente. Sem envio...
Rodou em: 2026-03-18 16:00:08.296564
Novidades já notificadas anteriormente. Sem envio...
Rodou em: 2026-03-18 16:10:06.324697
Novidades já notificadas anteriormente. Sem envio...
Rodou em: 2026-03-18 16:20:12.128965
Novidades já notificadas anteriormente. Sem envio...
Rodou em: 2026-03-18 16:31:01.876807
Novidades já notificadas anteriormente. Sem envio...
Rodou em: 2026-03-18 16:40:11.010130
Novidades já notificadas anteriormente. Sem envio...
Rodou em: 2026-03-18 16:50:09.074411
Novidades já notificadas anteriormente. Sem envio...
Rodou em: 2026-03-18 17:00:06.502850
Novidades já notificadas anteriormente. Sem envio...
Rodou em: 2026-03-18 17:10:04.810149
Email enviado com sucesso!
Rodou em: 2026-03-18 17:20:07.846260
Novidades já notificadas anteriormente. Sem envio...
Rodou em: 2026-03-18 17:30:05.980412
Novidades já notificadas anteriormente. Sem envio...
Rodou em: 2026-03-18 17:40:09.388493
Novidades já notificadas anteriormente. Sem envio...
Rodou em: 2026-03-18 17:50:04.056937
Novidades já notificadas anteriormente. Sem envio...
Rodou em: 2026-03-18 18:00:06.234240
Novidades já notificadas anteriormente. Sem envio...
Rodou em: 2026-03-18 18:10:06.789419
Novidades já notificadas anteriormente. Sem envio...
Rodou em: 2026-03-18 20:09:52.207705
Novidades já notificadas anteriormente. Sem envio...
Rodou em: 2026-03-18 20:10:04.611803
Novidades já notificadas anteriormente. Sem envio...
Rodou em: 2026-03-18 21:00:08.663520
Novidades já notificadas anteriormente. Sem envio...
Rodou em: 2026-03-18 21:10:04.828573
Novidades já notificadas anteriormente. Sem envio...
Rodou em: 2026-03-19 00:11:24.415988
Novidades já notificadas anteriormente. Sem envio...
Rodou em: 2026-03-19 05:10:07.690977
Novidades já notificadas anteriormente. Sem envio...
Rodou em: 2026-03-19 05:20:10.432681
Novidades já notificadas anteriormente. Sem envio...
Rodou em: 2026-03-19 05:31:30.709472
Novidades já notificadas anteriormente. Sem envio...
Rodou em: 2026-03-19 06:30:13.711149
Novidades já notificadas anteriormente. Sem envio...
Rodou em: 2026-03-19 06:40:16.550489
Novidades já notificadas anteriormente. Sem envio...
Rodou em: 2026-03-19 06:50:12.765172
Novidades já notificadas anteriormente. Sem envio...
Rodou em: 2026-03-19 07:00:12.438176
Novidades já notificadas anteriormente. Sem envio...
Rodou em: 2026-03-19 07:20:16.137002
Novidades já notificadas anteriormente. Sem envio...
Rodou em: 2026-03-19 07:30:16.695035
Novidades já notificadas anteriormente. Sem envio...
Rodou em: 2026-03-19 07:50:15.656519
Novidades já notificadas anteriormente. Sem envio...
Rodou em: 2026-03-19 08:00:22.962451
Novidades já notificadas anteriormente. Sem envio...
Rodou em: 2026-03-19 08:10:05.513307
Novidades já notificadas anteriormente. Sem envio...
Rodou em: 2026-03-19 08:20:04.497553
Novidades já notificadas anteriormente. Sem envio...
Rodou em: 2026-03-19 08:30:06.058289
Novidades já notificadas anteriormente. Sem envio...
Rodou em: 2026-03-19 08:40:04.233189
Novidades já notificadas anteriormente. Sem envio...
Rodou em: 2026-03-19 08:50:11.480143
Novidades já notificadas anteriormente. Sem envio...
Rodou em: 2026-03-19 09:00:04.906783
Novidades já notificadas anteriormente. Sem envio...
Rodou em: 2026-03-19 09:10:12.548736
Novidades já notificadas anteriormente. Sem envio...
Rodou em: 2026-03-19 09:20:23.350150
Novidades já notificadas anteriormente. Sem envio...
Erro ao acessar o site: HTTPSConnectionPool(host='sitepd.org.br', port=443): Max retries exceeded with url: / (Caused by SSLError(SSLEOFError(8, '[SSL: UNEXPECTED_EOF_WHILE_READING] EOF occurred in violation of protocol (_ssl.c:1020)')))
Rodou em: 2026-03-19 09:40:04.270227
Novidades já notificadas anteriormente. Sem envio...
Erro ao acessar o site: HTTPSConnectionPool(host='sitepd.org.br', port=443): Read timed out. (read timeout=10)
Rodou em: 2026-03-19 10:00:06.616413
Novidades já notificadas anteriormente. Sem envio...
Rodou em: 2026-03-19 10:10:09.448634
Novidades já notificadas anteriormente. Sem envio...
Rodou em: 2026-03-19 10:20:04.667670
Novidades já notificadas anteriormente. Sem envio...
Rodou em: 2026-03-19 10:30:05.314087
Novidades já notificadas anteriormente. Sem envio...
Rodou em: 2026-03-19 10:40:05.141776
Novidades já notificadas anteriormente. Sem envio...
Rodou em: 2026-03-19 10:50:04.763534
Novidades já notificadas anteriormente. Sem envio...
Rodou em: 2026-03-19 11:00:04.761498
Novidades já notificadas anteriormente. Sem envio...
Rodou em: 2026-03-19 11:10:05.468667
Novidades já notificadas anteriormente. Sem envio...
Rodou em: 2026-03-19 11:20:06.503158
Novidades já notificadas anteriormente. Sem envio...
Rodou em: 2026-03-19 11:30:03.961536
Novidades já notificadas anteriormente. Sem envio...
Rodou em: 2026-03-19 11:40:03.754245
Novidades já notificadas anteriormente. Sem envio...
Rodou em: 2026-03-19 11:50:05.067895
Novidades já notificadas anteriormente. Sem envio...
Rodou em: 2026-03-19 12:00:04.191502
Novidades já notificadas anteriormente. Sem envio...
Rodou em: 2026-03-19 12:10:05.651970
Novidades já notificadas anteriormente. Sem envio...
Rodou em: 2026-03-19 12:20:03.999036
Novidades já notificadas anteriormente. Sem envio...
Rodou em: 2026-03-19 12:30:04.676251
Novidades já notificadas anteriormente. Sem envio...
Rodou em: 2026-03-19 12:40:05.880271
Novidades já notificadas anteriormente. Sem envio...
Rodou em: 2026-03-19 12:50:04.092845
Novidades já notificadas anteriormente. Sem envio...
Rodou em: 2026-03-19 13:00:05.493663
Novidades já notificadas anteriormente. Sem envio...
Rodou em: 2026-03-19 13:10:03.941665
Novidades já notificadas anteriormente. Sem envio...
Rodou em: 2026-03-19 13:20:04.298588
Novidades já notificadas anteriormente. Sem envio...
Rodou em: 2026-03-19 13:30:05.234042
Novidades já notificadas anteriormente. Sem envio...
Rodou em: 2026-03-19 13:40:04.999565
Novidades já notificadas anteriormente. Sem envio...
Rodou em: 2026-03-19 13:50:05.905514
Novidades já notificadas anteriormente. Sem envio...
Rodou em: 2026-03-19 14:00:08.368577
Novidades já notificadas anteriormente. Sem envio...
Rodou em: 2026-03-19 14:10:05.792802
Novidades já notificadas anteriormente. Sem envio...
Rodou em: 2026-03-19 14:20:04.415127
Novidades já notificadas anteriormente. Sem envio...
Rodou em: 2026-03-19 14:30:04.016072
Novidades já notificadas anteriormente. Sem envio...
Rodou em: 2026-03-19 14:40:07.268341
Novidades já notificadas anteriormente. Sem envio...
Rodou em: 2026-03-19 14:50:03.904380
Novidades já notificadas anteriormente. Sem envio...
Rodou em: 2026-03-19 15:00:05.037090
Novidades já notificadas anteriormente. Sem envio...
Rodou em: 2026-03-19 15:10:03.856889
Novidades já notificadas anteriormente. Sem envio...
Rodou em: 2026-03-19 15:20:04.365982
Novidades já notificadas anteriormente. Sem envio...
Rodou em: 2026-03-19 15:30:04.169980
Novidades já notificadas anteriormente. Sem envio...
Rodou em: 2026-03-19 15:40:06.612201
Novidades já notificadas anteriormente. Sem envio...
Rodou em: 2026-03-19 15:50:05.086425
Novidades já notificadas anteriormente. Sem envio...
Rodou em: 2026-03-19 16:00:04.527393
Novidades já notificadas anteriormente. Sem envio...
Rodou em: 2026-03-19 16:10:03.770235
Novidades já notificadas anteriormente. Sem envio...
Rodou em: 2026-03-19 16:20:04.071586
Novidades já notificadas anteriormente. Sem envio...
Rodou em: 2026-03-19 16:30:10.051967
Novidades já notificadas anteriormente. Sem envio...
Rodou em: 2026-03-19 16:40:04.499722
Novidades já notificadas anteriormente. Sem envio...
Rodou em: 2026-03-19 16:50:03.952352
Novidades já notificadas anteriormente. Sem envio...
Rodou em: 2026-03-19 17:00:04.699608
Novidades já notificadas anteriormente. Sem envio...
Rodou em: 2026-03-19 17:10:04.352272
Novidades já notificadas anteriormente. Sem envio...
Rodou em: 2026-03-19 17:20:05.915083
Novidades já notificadas anteriormente. Sem envio...
Rodou em: 2026-03-19 17:30:05.953016
Novidades já notificadas anteriormente. Sem envio...
Rodou em: 2026-03-19 17:40:06.823892
Novidades já notificadas anteriormente. Sem envio...
Rodou em: 2026-03-19 17:50:05.216033
Novidades já notificadas anteriormente. Sem envio...
Rodou em: 2026-03-19 18:00:05.081447
Novidades já notificadas anteriormente. Sem envio...
Rodou em: 2026-03-19 18:10:03.571852
Novidades já notificadas anteriormente. Sem envio...
Rodou em: 2026-03-19 18:20:04.309154
Novidades já notificadas anteriormente. Sem envio...
Rodou em: 2026-03-19 18:30:04.109485
Novidades já notificadas anteriormente. Sem envio...
Rodou em: 2026-03-19 18:40:05.747960
Novidades já notificadas anteriormente. Sem envio...
Rodou em: 2026-03-19 18:50:05.223175
Novidades já notificadas anteriormente. Sem envio...
Rodou em: 2026-03-19 19:00:04.072966
Novidades já notificadas anteriormente. Sem envio...
Rodou em: 2026-03-19 19:10:03.747754
Novidades já notificadas anteriormente. Sem envio...
Rodou em: 2026-03-19 19:20:04.473019
Novidades já notificadas anteriormente. Sem envio...
Rodou em: 2026-03-19 19:30:04.722121
Novidades já notificadas anteriormente. Sem envio...
Rodou em: 2026-03-19 19:40:06.420535
Novidades já notificadas anteriormente. Sem envio...
Rodou em: 2026-03-19 19:50:03.873568
Novidades já notificadas anteriormente. Sem envio...
Rodou em: 2026-03-19 20:00:06.271267
Novidades já notificadas anteriormente. Sem envio...
Rodou em: 2026-03-19 20:10:04.048186
Novidades já notificadas anteriormente. Sem envio...
Rodou em: 2026-03-19 20:20:03.387877
Novidades já notificadas anteriormente. Sem envio...
Rodou em: 2026-03-19 20:30:03.783113
Novidades já notificadas anteriormente. Sem envio...
Rodou em: 2026-03-19 20:40:05.221829
Novidades já notificadas anteriormente. Sem envio...
Rodou em: 2026-03-19 20:50:03.797216
Novidades já notificadas anteriormente. Sem envio...
Rodou em: 2026-03-19 21:00:05.270284
Novidades já notificadas anteriormente. Sem envio...
Rodou em: 2026-03-19 21:10:03.933319
Novidades já notificadas anteriormente. Sem envio...
Rodou em: 2026-03-19 21:20:05.114252
Novidades já notificadas anteriormente. Sem envio...
Rodou em: 2026-03-19 21:30:05.277070
Novidades já notificadas anteriormente. Sem envio...
Rodou em: 2026-03-19 21:40:05.380484
Novidades já notificadas anteriormente. Sem envio...
Rodou em: 2026-03-19 21:50:05.297436
Novidades já notificadas anteriormente. Sem envio...
Rodou em: 2026-03-19 22:00:04.220047
Novidades já notificadas anteriormente. Sem envio...
Rodou em: 2026-03-19 22:10:05.253860
Novidades já notificadas anteriormente. Sem envio...
Rodou em: 2026-03-19 22:20:03.636447
Novidades já notificadas anteriormente. Sem envio...
Rodou em: 2026-03-19 22:30:04.213833
Novidades já notificadas anteriormente. Sem envio...
Rodou em: 2026-03-20 00:20:03.957921
Novidades já notificadas anteriormente. Sem envio...
Rodou em: 2026-03-20 00:20:04.376283
Novidades já notificadas anteriormente. Sem envio...
Rodou em: 2026-03-20 04:10:07.107035
Novidades já notificadas anteriormente. Sem envio...
Rodou em: 2026-03-20 04:20:04.609017
Novidades já notificadas anteriormente. Sem envio...
Rodou em: 2026-03-20 04:30:03.929938
Novidades já notificadas anteriormente. Sem envio...
Rodou em: 2026-03-20 04:40:05.623179
Novidades já notificadas anteriormente. Sem envio...
Rodou em: 2026-03-20 04:50:05.663233
Novidades já notificadas anteriormente. Sem envio...
Rodou em: 2026-03-20 05:00:04.582138
Novidades já notificadas anteriormente. Sem envio...
Rodou em: 2026-03-20 05:10:05.682517
Novidades já notificadas anteriormente. Sem envio...
Rodou em: 2026-03-20 07:20:20.033408
Novidades já notificadas anteriormente. Sem envio...
Rodou em: 2026-03-20 07:30:05.693550
Novidades já notificadas anteriormente. Sem envio...
Rodou em: 2026-03-20 07:40:04.493342
Novidades já notificadas anteriormente. Sem envio...
Rodou em: 2026-03-20 07:50:05.046095
Novidades já notificadas anteriormente. Sem envio...
Rodou em: 2026-03-20 08:00:04.643484
Novidades já notificadas anteriormente. Sem envio...
Rodou em: 2026-03-20 08:10:07.845366
Novidades já notificadas anteriormente. Sem envio...
Rodou em: 2026-03-20 08:20:04.351015
Novidades já notificadas anteriormente. Sem envio...
Rodou em: 2026-03-20 08:30:04.210277
Novidades já notificadas anteriormente. Sem envio...
Rodou em: 2026-03-20 08:40:03.725988
Novidades já notificadas anteriormente. Sem envio...
Rodou em: 2026-03-20 08:50:07.179956
Novidades já notificadas anteriormente. Sem envio...
Rodou em: 2026-03-20 09:00:04.695372
Novidades já notificadas anteriormente. Sem envio...
Rodou em: 2026-03-20 09:10:04.040303
Novidades já notificadas anteriormente. Sem envio...
Rodou em: 2026-03-20 09:20:13.052332
Novidades já notificadas anteriormente. Sem envio...
Rodou em: 2026-03-20 09:30:08.003858
Novidades já notificadas anteriormente. Sem envio...
Rodou em: 2026-03-20 09:40:07.263964
Novidades já notificadas anteriormente. Sem envio...
Rodou em: 2026-03-20 09:50:04.304666
Novidades já notificadas anteriormente. Sem envio...
Rodou em: 2026-03-20 10:00:10.223968
Novidades já notificadas anteriormente. Sem envio...
Rodou em: 2026-03-20 10:10:04.459562
Novidades já notificadas anteriormente. Sem envio...
Rodou em: 2026-03-20 10:20:04.223732
Novidades já notificadas anteriormente. Sem envio...
Rodou em: 2026-03-20 10:30:05.388818
Novidades já notificadas anteriormente. Sem envio...
Rodou em: 2026-03-20 10:40:03.947384
Novidades já notificadas anteriormente. Sem envio...
Rodou em: 2026-03-20 10:50:04.629350
Novidades já notificadas anteriormente. Sem envio...
Rodou em: 2026-03-20 11:00:04.284769
Novidades já notificadas anteriormente. Sem envio...
Rodou em: 2026-03-20 11:10:03.715519
Novidades já notificadas anteriormente. Sem envio...
Rodou em: 2026-03-20 11:20:03.961288
Novidades já notificadas anteriormente. Sem envio...
Rodou em: 2026-03-20 11:30:06.331462
Novidades já notificadas anteriormente. Sem envio...
Rodou em: 2026-03-20 11:40:03.947521
Novidades já notificadas anteriormente. Sem envio...
Rodou em: 2026-03-20 11:50:04.417236
Novidades já notificadas anteriormente. Sem envio...
Rodou em: 2026-03-20 12:00:04.332286
Novidades já notificadas anteriormente. Sem envio...
Rodou em: 2026-03-20 12:10:06.562682
Novidades já notificadas anteriormente. Sem envio...
Rodou em: 2026-03-20 12:20:04.918058
Novidades já notificadas anteriormente. Sem envio...
Rodou em: 2026-03-20 12:30:04.190530
Novidades já notificadas anteriormente. Sem envio...
Rodou em: 2026-03-20 12:40:04.080613
Novidades já notificadas anteriormente. Sem envio...
Rodou em: 2026-03-20 12:50:07.584054
Novidades já notificadas anteriormente. Sem envio...
Rodou em: 2026-03-20 13:00:04.015133
Novidades já notificadas anteriormente. Sem envio...
Rodou em: 2026-03-20 13:10:03.729968
Novidades já notificadas anteriormente. Sem envio...
Rodou em: 2026-03-20 13:20:04.565348
Novidades já notificadas anteriormente. Sem envio...
Rodou em: 2026-03-20 13:30:04.243060
Novidades já notificadas anteriormente. Sem envio...
Rodou em: 2026-03-20 13:40:03.411039
Novidades já notificadas anteriormente. Sem envio...
Rodou em: 2026-03-20 13:50:04.346650
Novidades já notificadas anteriormente. Sem envio...
Rodou em: 2026-03-20 14:00:05.618899
Novidades já notificadas anteriormente. Sem envio...
Rodou em: 2026-03-20 14:10:06.849397
Novidades já notificadas anteriormente. Sem envio...
Rodou em: 2026-03-20 14:20:04.250372
Novidades já notificadas anteriormente. Sem envio...
Rodou em: 2026-03-20 14:30:05.325161
Novidades já notificadas anteriormente. Sem envio...
Rodou em: 2026-03-20 14:40:05.196757
Novidades já notificadas anteriormente. Sem envio...
Rodou em: 2026-03-20 14:50:03.765755
Novidades já notificadas anteriormente. Sem envio...
Rodou em: 2026-03-20 15:00:04.268844
Novidades já notificadas anteriormente. Sem envio...
Rodou em: 2026-03-20 15:10:04.288527
Novidades já notificadas anteriormente. Sem envio...
Rodou em: 2026-03-20 15:20:04.538164
Novidades já notificadas anteriormente. Sem envio...
Rodou em: 2026-03-20 15:30:03.990290
Novidades já notificadas anteriormente. Sem envio...
Rodou em: 2026-03-20 15:40:04.239469
Novidades já notificadas anteriormente. Sem envio...
Rodou em: 2026-03-20 15:50:04.210754
Novidades já notificadas anteriormente. Sem envio...
Rodou em: 2026-03-20 16:00:06.117244
Novidades já notificadas anteriormente. Sem envio...
Rodou em: 2026-03-20 16:10:03.421085
Novidades já notificadas anteriormente. Sem envio...
Rodou em: 2026-03-20 16:20:04.155683
Novidades já notificadas anteriormente. Sem envio...
Rodou em: 2026-03-20 16:30:11.825524
Novidades já notificadas anteriormente. Sem envio...
Rodou em: 2026-03-20 16:40:04.326821
Novidades já notificadas anteriormente. Sem envio...
Rodou em: 2026-03-20 16:50:03.765959
Novidades já notificadas anteriormente. Sem envio...
Rodou em: 2026-03-20 17:00:10.813725
Novidades já notificadas anteriormente. Sem envio...
Rodou em: 2026-03-20 17:10:36.393901
Novidades já notificadas anteriormente. Sem envio...
Rodou em: 2026-03-20 17:20:13.248897
Novidades já notificadas anteriormente. Sem envio...
Rodou em: 2026-03-20 17:30:55.281139
Novidades já notificadas anteriormente. Sem envio...
Rodou em: 2026-03-20 17:40:10.155379
Novidades já notificadas anteriormente. Sem envio...
Rodou em: 2026-03-20 17:50:14.366572
Novidades já notificadas anteriormente. Sem envio...
Rodou em: 2026-03-20 18:00:55.546400
Novidades já notificadas anteriormente. Sem envio...
Rodou em: 2026-03-20 18:10:04.763117
Novidades já notificadas anteriormente. Sem envio...
Rodou em: 2026-03-20 18:20:04.246905
Novidades já notificadas anteriormente. Sem envio...
Rodou em: 2026-03-20 18:30:03.572416
Novidades já notificadas anteriormente. Sem envio...
Rodou em: 2026-03-20 18:40:04.258167
Novidades já notificadas anteriormente. Sem envio...
Rodou em: 2026-03-20 18:50:04.747276
Novidades já notificadas anteriormente. Sem envio...
Rodou em: 2026-03-20 19:00:04.958179
Novidades já notificadas anteriormente. Sem envio...
Rodou em: 2026-03-20 19:10:04.153053
Novidades já notificadas anteriormente. Sem envio...
Rodou em: 2026-03-20 19:20:03.438662
Novidades já notificadas anteriormente. Sem envio...
Rodou em: 2026-03-20 19:30:04.329880
Novidades já notificadas anteriormente. Sem envio...
Rodou em: 2026-03-20 19:40:04.127607
Novidades já notificadas anteriormente. Sem envio...
Rodou em: 2026-03-20 19:50:03.641127
Novidades já notificadas anteriormente. Sem envio...
Rodou em: 2026-03-20 20:00:04.996352
Novidades já notificadas anteriormente. Sem envio...
Erro ao acessar o site: ('Connection aborted.', ConnectionResetError(54, 'Connection reset by peer'))
Rodou em: 2026-03-21 00:40:05.900889
Novidades já notificadas anteriormente. Sem envio...
Rodou em: 2026-03-21 00:50:05.958718
Novidades já notificadas anteriormente. Sem envio...
Rodou em: 2026-03-21 01:00:04.576339
Novidades já notificadas anteriormente. Sem envio...
Rodou em: 2026-03-21 01:10:03.979889
Novidades já notificadas anteriormente. Sem envio...
Rodou em: 2026-03-21 01:20:05.081493
Novidades já notificadas anteriormente. Sem envio...
Rodou em: 2026-03-21 01:30:03.740654
Novidades já notificadas anteriormente. Sem envio...
Erro ao acessar o site: HTTPSConnectionPool(host='sitepd.org.br', port=443): Read timed out. (read timeout=10)
Rodou em: 2026-03-21 05:34:04.515465
Novidades já notificadas anteriormente. Sem envio...
Rodou em: 2026-03-21 05:45:00.621360
Novidades já notificadas anteriormente. Sem envio...
Rodou em: 2026-03-21 08:30:05.112356
Novidades já notificadas anteriormente. Sem envio...
Rodou em: 2026-03-21 13:35:08.768389
Novidades já notificadas anteriormente. Sem envio...
Rodou em: 2026-03-21 15:54:01.017261
Novidades já notificadas anteriormente. Sem envio...
Rodou em: 2026-03-21 17:00:38.634427
Novidades já notificadas anteriormente. Sem envio...
Rodou em: 2026-03-21 18:02:47.678100
Novidades já notificadas anteriormente. Sem envio...
Rodou em: 2026-03-21 21:10:06.277030
Novidades já notificadas anteriormente. Sem envio...
Rodou em: 2026-03-21 23:44:03.121011
Novidades já notificadas anteriormente. Sem envio...
Rodou em: 2026-03-21 23:50:05.383483
Novidades já notificadas anteriormente. Sem envio...
Rodou em: 2026-03-22 02:15:50.740426
Novidades já notificadas anteriormente. Sem envio...
Rodou em: 2026-03-22 02:50:44.896048
Novidades já notificadas anteriormente. Sem envio...
Rodou em: 2026-03-22 03:40:10.475891
Novidades já notificadas anteriormente. Sem envio...
Rodou em: 2026-03-22 03:50:10.287639
Novidades já notificadas anteriormente. Sem envio...
Rodou em: 2026-03-22 04:30:05.930987
Novidades já notificadas anteriormente. Sem envio...
Rodou em: 2026-03-22 04:40:04.174334
Novidades já notificadas anteriormente. Sem envio...
Rodou em: 2026-03-22 04:50:04.668647
Novidades já notificadas anteriormente. Sem envio...
Rodou em: 2026-03-22 05:00:05.552084
Novidades já notificadas anteriormente. Sem envio...
Rodou em: 2026-03-22 05:10:04.226254
Novidades já notificadas anteriormente. Sem envio...
Rodou em: 2026-03-22 05:20:03.603589
Novidades já notificadas anteriormente. Sem envio...
Rodou em: 2026-03-22 05:30:10.842422
Novidades já notificadas anteriormente. Sem envio...
Rodou em: 2026-03-22 05:40:10.462230
Novidades já notificadas anteriormente. Sem envio...
Rodou em: 2026-03-22 05:50:11.083315
Novidades já notificadas anteriormente. Sem envio...
Rodou em: 2026-03-22 06:10:10.785755
Novidades já notificadas anteriormente. Sem envio...
Rodou em: 2026-03-22 06:20:11.147880
Novidades já notificadas anteriormente. Sem envio...
Rodou em: 2026-03-22 06:30:12.329304
Novidades já notificadas anteriormente. Sem envio...
Rodou em: 2026-03-22 06:40:10.628010
Novidades já notificadas anteriormente. Sem envio...
Rodou em: 2026-03-22 06:50:10.545691
Novidades já notificadas anteriormente. Sem envio...
Erro ao acessar o site: ('Connection aborted.', ConnectionResetError(54, 'Connection reset by peer'))
Rodou em: 2026-03-22 08:10:17.590887
Novidades já notificadas anteriormente. Sem envio...
Rodou em: 2026-03-22 15:42:07.303484
Novidades já notificadas anteriormente. Sem envio...
Rodou em: 2026-03-22 15:54:03.577592
Novidades já notificadas anteriormente. Sem envio...
Rodou em: 2026-03-22 17:00:13.313215
Novidades já notificadas anteriormente. Sem envio...
Rodou em: 2026-03-22 18:04:51.690760
Novidades já notificadas anteriormente. Sem envio...
Rodou em: 2026-03-22 18:14:41.252038
Novidades já notificadas anteriormente. Sem envio...
Rodou em: 2026-03-22 18:41:52.816181
Novidades já notificadas anteriormente. Sem envio...
Rodou em: 2026-03-22 21:00:08.761013
Novidades já notificadas anteriormente. Sem envio...
Rodou em: 2026-03-23 01:10:06.090538
Novidades já notificadas anteriormente. Sem envio...
Rodou em: 2026-03-23 01:20:10.863194
Novidades já notificadas anteriormente. Sem envio...
Rodou em: 2026-03-23 01:30:05.160935
Novidades já notificadas anteriormente. Sem envio...
Rodou em: 2026-03-23 01:40:05.193181
Novidades já notificadas anteriormente. Sem envio...
Rodou em: 2026-03-23 01:50:03.546175
Novidades já notificadas anteriormente. Sem envio...
Rodou em: 2026-03-23 02:00:04.013684
Novidades já notificadas anteriormente. Sem envio...
Rodou em: 2026-03-23 02:54:56.423948
Novidades já notificadas anteriormente. Sem envio...
Rodou em: 2026-03-23 04:20:06.189801
Novidades já notificadas anteriormente. Sem envio...
Rodou em: 2026-03-23 08:00:06.418578
Novidades já notificadas anteriormente. Sem envio...
Rodou em: 2026-03-23 08:10:05.442529
Novidades já notificadas anteriormente. Sem envio...
Rodou em: 2026-03-23 08:20:06.181351
Novidades já notificadas anteriormente. Sem envio...
Rodou em: 2026-03-23 08:30:04.818594
Novidades já notificadas anteriormente. Sem envio...
Rodou em: 2026-03-23 08:40:05.626995
Novidades já notificadas anteriormente. Sem envio...
Rodou em: 2026-03-23 08:50:06.018608
Novidades já notificadas anteriormente. Sem envio...
Rodou em: 2026-03-23 09:00:07.351781
Novidades já notificadas anteriormente. Sem envio...
Rodou em: 2026-03-23 09:10:04.653173
Novidades já notificadas anteriormente. Sem envio...
Rodou em: 2026-03-23 09:20:05.131410
Novidades já notificadas anteriormente. Sem envio...
Rodou em: 2026-03-23 09:30:04.278699
Novidades já notificadas anteriormente. Sem envio...
Rodou em: 2026-03-23 09:40:05.182612
Novidades já notificadas anteriormente. Sem envio...
Rodou em: 2026-03-23 09:50:03.329561
Novidades já notificadas anteriormente. Sem envio...
Rodou em: 2026-03-23 10:00:04.047769
Novidades já notificadas anteriormente. Sem envio...
Rodou em: 2026-03-23 10:10:07.647136
Novidades já notificadas anteriormente. Sem envio...
Rodou em: 2026-03-23 10:20:04.522638
Novidades já notificadas anteriormente. Sem envio...
Rodou em: 2026-03-23 10:30:04.818773
Novidades já notificadas anteriormente. Sem envio...
Rodou em: 2026-03-23 10:40:04.484044
Novidades já notificadas anteriormente. Sem envio...
Rodou em: 2026-03-23 10:50:04.160426
Novidades já notificadas anteriormente. Sem envio...
Rodou em: 2026-03-23 11:00:07.031767
Novidades já notificadas anteriormente. Sem envio...
Rodou em: 2026-03-23 11:10:04.559091
Novidades já notificadas anteriormente. Sem envio...
Rodou em: 2026-03-23 11:20:05.192730
Novidades já notificadas anteriormente. Sem envio...
Rodou em: 2026-03-23 11:30:04.150386
Novidades já notificadas anteriormente. Sem envio...
Rodou em: 2026-03-23 11:40:05.423188
Novidades já notificadas anteriormente. Sem envio...
Rodou em: 2026-03-23 11:50:04.171913
Novidades já notificadas anteriormente. Sem envio...
Rodou em: 2026-03-23 12:00:04.794465
Novidades já notificadas anteriormente. Sem envio...
Rodou em: 2026-03-23 12:10:04.286519
Novidades já notificadas anteriormente. Sem envio...
Rodou em: 2026-03-23 12:20:05.944224
Novidades já notificadas anteriormente. Sem envio...
Rodou em: 2026-03-23 12:30:04.796915
Novidades já notificadas anteriormente. Sem envio...
Rodou em: 2026-03-23 12:40:03.467348
Novidades já notificadas anteriormente. Sem envio...
Rodou em: 2026-03-23 12:50:06.039784
Novidades já notificadas anteriormente. Sem envio...
Rodou em: 2026-03-23 13:00:06.239724
Novidades já notificadas anteriormente. Sem envio...
Rodou em: 2026-03-23 13:10:04.021315
Novidades já notificadas anteriormente. Sem envio...
Rodou em: 2026-03-23 13:20:04.720738
Novidades já notificadas anteriormente. Sem envio...
Rodou em: 2026-03-23 13:30:04.413362
Novidades já notificadas anteriormente. Sem envio...
Rodou em: 2026-03-23 13:40:04.047779
Novidades já notificadas anteriormente. Sem envio...
Rodou em: 2026-03-23 13:50:05.501772
Novidades já notificadas anteriormente. Sem envio...
Rodou em: 2026-03-23 14:00:04.483001
Novidades já notificadas anteriormente. Sem envio...
Rodou em: 2026-03-23 14:10:04.133375
Novidades já notificadas anteriormente. Sem envio...
Rodou em: 2026-03-23 14:20:05.522610
Novidades já notificadas anteriormente. Sem envio...
Rodou em: 2026-03-23 14:30:03.985140
Novidades já notificadas anteriormente. Sem envio...
Rodou em: 2026-03-23 14:40:05.387692
Novidades já notificadas anteriormente. Sem envio...
Rodou em: 2026-03-23 14:50:07.591731
Novidades já notificadas anteriormente. Sem envio...
Rodou em: 2026-03-23 15:00:04.518429
Novidades já notificadas anteriormente. Sem envio...
Rodou em: 2026-03-23 15:10:11.622892
Novidades já notificadas anteriormente. Sem envio...
Rodou em: 2026-03-23 15:20:05.691311
Novidades já notificadas anteriormente. Sem envio...
Rodou em: 2026-03-23 15:30:05.566086
Novidades já notificadas anteriormente. Sem envio...
Rodou em: 2026-03-23 15:40:03.882053
Novidades já notificadas anteriormente. Sem envio...
Rodou em: 2026-03-23 15:50:03.744264
Novidades já notificadas anteriormente. Sem envio...
Rodou em: 2026-03-23 16:00:04.222798
Novidades já notificadas anteriormente. Sem envio...
Rodou em: 2026-03-23 16:10:05.555756
Novidades já notificadas anteriormente. Sem envio...
Rodou em: 2026-03-23 16:20:03.882665
Novidades já notificadas anteriormente. Sem envio...
Rodou em: 2026-03-23 16:30:07.157528
Novidades já notificadas anteriormente. Sem envio...
Rodou em: 2026-03-23 16:40:04.679134
Novidades já notificadas anteriormente. Sem envio...
Rodou em: 2026-03-23 16:50:04.159256
Novidades já notificadas anteriormente. Sem envio...
Rodou em: 2026-03-23 17:00:06.483959
Novidades já notificadas anteriormente. Sem envio...
Rodou em: 2026-03-23 17:10:06.116942
Novidades já notificadas anteriormente. Sem envio...
Rodou em: 2026-03-23 17:20:04.186563
Novidades já notificadas anteriormente. Sem envio...
Rodou em: 2026-03-23 17:30:03.586672
Novidades já notificadas anteriormente. Sem envio...
Rodou em: 2026-03-23 17:40:05.427424
Novidades já notificadas anteriormente. Sem envio...
Rodou em: 2026-03-23 17:50:05.152012
Novidades já notificadas anteriormente. Sem envio...
Rodou em: 2026-03-23 18:00:04.014894
Novidades já notificadas anteriormente. Sem envio...
Rodou em: 2026-03-23 18:10:04.390184
Novidades já notificadas anteriormente. Sem envio...
Rodou em: 2026-03-23 18:20:05.861099
Novidades já notificadas anteriormente. Sem envio...
Rodou em: 2026-03-23 18:30:03.613240
Novidades já notificadas anteriormente. Sem envio...
Rodou em: 2026-03-23 18:40:04.346151
Novidades já notificadas anteriormente. Sem envio...
Rodou em: 2026-03-23 18:50:06.973389
Novidades já notificadas anteriormente. Sem envio...
Rodou em: 2026-03-23 19:00:04.539785
Novidades já notificadas anteriormente. Sem envio...
Rodou em: 2026-03-23 19:10:09.599091
Novidades já notificadas anteriormente. Sem envio...
Rodou em: 2026-03-23 19:20:04.777467
Novidades já notificadas anteriormente. Sem envio...
Rodou em: 2026-03-23 19:30:05.504224
Novidades já notificadas anteriormente. Sem envio...
Rodou em: 2026-03-23 19:40:03.600558
Novidades já notificadas anteriormente. Sem envio...
Rodou em: 2026-03-23 19:50:04.355821
Novidades já notificadas anteriormente. Sem envio...
Rodou em: 2026-03-23 20:00:05.395351
Novidades já notificadas anteriormente. Sem envio...
Rodou em: 2026-03-23 21:00:06.303382
Novidades já notificadas anteriormente. Sem envio...
Rodou em: 2026-03-23 21:50:05.062857
Novidades já notificadas anteriormente. Sem envio...
Rodou em: 2026-03-24 01:04:38.090051
Novidades já notificadas anteriormente. Sem envio...
Rodou em: 2026-03-24 03:04:43.562555
Novidades já notificadas anteriormente. Sem envio...
Rodou em: 2026-03-24 04:50:06.053494
Novidades já notificadas anteriormente. Sem envio...
Rodou em: 2026-03-24 05:00:03.694328
Novidades já notificadas anteriormente. Sem envio...
Rodou em: 2026-03-24 05:10:04.091910
Novidades já notificadas anteriormente. Sem envio...
Rodou em: 2026-03-24 05:20:05.473441
Novidades já notificadas anteriormente. Sem envio...
Rodou em: 2026-03-24 05:30:04.139227
Novidades já notificadas anteriormente. Sem envio...
Rodou em: 2026-03-24 05:40:03.530117
Novidades já notificadas anteriormente. Sem envio...
Rodou em: 2026-03-24 05:50:06.136133
Novidades já notificadas anteriormente. Sem envio...
Rodou em: 2026-03-24 06:00:05.120017
Novidades já notificadas anteriormente. Sem envio...
Rodou em: 2026-03-24 06:11:18.609253
Novidades já notificadas anteriormente. Sem envio...
Rodou em: 2026-03-24 07:06:45.474253
Novidades já notificadas anteriormente. Sem envio...
Rodou em: 2026-03-24 07:34:39.855675
Novidades já notificadas anteriormente. Sem envio...
Rodou em: 2026-03-24 07:40:04.117957
Novidades já notificadas anteriormente. Sem envio...
Rodou em: 2026-03-24 07:50:04.693367
Novidades já notificadas anteriormente. Sem envio...
Rodou em: 2026-03-24 08:00:22.607078
Novidades já notificadas anteriormente. Sem envio...
Rodou em: 2026-03-24 08:10:03.679827
Novidades já notificadas anteriormente. Sem envio...
Rodou em: 2026-03-24 08:20:07.563174
Novidades já notificadas anteriormente. Sem envio...
Rodou em: 2026-03-24 08:30:06.867266
Novidades já notificadas anteriormente. Sem envio...
Rodou em: 2026-03-24 08:40:04.520574
Novidades já notificadas anteriormente. Sem envio...
Rodou em: 2026-03-24 08:50:06.927751
Novidades já notificadas anteriormente. Sem envio...
Rodou em: 2026-03-24 09:00:05.450705
Novidades já notificadas anteriormente. Sem envio...
Rodou em: 2026-03-24 09:10:05.457341
Novidades já notificadas anteriormente. Sem envio...
Rodou em: 2026-03-24 09:20:04.214952
Novidades já notificadas anteriormente. Sem envio...
Rodou em: 2026-03-24 09:30:03.759389
Novidades já notificadas anteriormente. Sem envio...
Rodou em: 2026-03-24 09:40:05.561839
Novidades já notificadas anteriormente. Sem envio...
Rodou em: 2026-03-24 09:50:04.096802
Novidades já notificadas anteriormente. Sem envio...
Rodou em: 2026-03-24 10:00:06.488209
Novidades já notificadas anteriormente. Sem envio...
Rodou em: 2026-03-24 10:10:04.588872
Novidades já notificadas anteriormente. Sem envio...
Rodou em: 2026-03-24 10:20:05.534398
Novidades já notificadas anteriormente. Sem envio...
Rodou em: 2026-03-24 10:30:04.892331
Novidades já notificadas anteriormente. Sem envio...
Rodou em: 2026-03-24 10:40:04.315032
Novidades já notificadas anteriormente. Sem envio...
Rodou em: 2026-03-24 10:50:04.023826
Novidades já notificadas anteriormente. Sem envio...
Rodou em: 2026-03-24 11:00:06.415525
Novidades já notificadas anteriormente. Sem envio...
Rodou em: 2026-03-24 11:10:06.584061
Novidades já notificadas anteriormente. Sem envio...
Rodou em: 2026-03-24 11:20:04.466765
Novidades já notificadas anteriormente. Sem envio...
Rodou em: 2026-03-24 11:30:04.608192
Novidades já notificadas anteriormente. Sem envio...
Rodou em: 2026-03-24 11:40:04.961438
Novidades já notificadas anteriormente. Sem envio...
Rodou em: 2026-03-24 11:50:06.194795
Novidades já notificadas anteriormente. Sem envio...
Rodou em: 2026-03-24 12:00:05.772793
Novidades já notificadas anteriormente. Sem envio...
Rodou em: 2026-03-24 12:10:04.236626
Novidades já notificadas anteriormente. Sem envio...
Rodou em: 2026-03-24 12:20:05.169388
Novidades já notificadas anteriormente. Sem envio...
Rodou em: 2026-03-24 12:30:07.231731
Novidades já notificadas anteriormente. Sem envio...
Rodou em: 2026-03-24 12:40:04.162275
Novidades já notificadas anteriormente. Sem envio...
Rodou em: 2026-03-24 12:50:05.000856
Novidades já notificadas anteriormente. Sem envio...
Rodou em: 2026-03-24 13:00:05.727602
Novidades já notificadas anteriormente. Sem envio...
Rodou em: 2026-03-24 13:10:04.670473
Novidades já notificadas anteriormente. Sem envio...
Rodou em: 2026-03-24 13:20:05.739940
Novidades já notificadas anteriormente. Sem envio...
Rodou em: 2026-03-24 13:30:06.937515
Novidades já notificadas anteriormente. Sem envio...
Rodou em: 2026-03-24 13:40:04.975304
Novidades já notificadas anteriormente. Sem envio...
Rodou em: 2026-03-24 13:50:04.542150
Novidades já notificadas anteriormente. Sem envio...
Rodou em: 2026-03-24 14:00:08.482604
Novidades já notificadas anteriormente. Sem envio...
Rodou em: 2026-03-24 14:10:05.337941
Novidades já notificadas anteriormente. Sem envio...
Rodou em: 2026-03-24 14:20:04.150937
Novidades já notificadas anteriormente. Sem envio...
Rodou em: 2026-03-24 14:30:06.485099
Novidades já notificadas anteriormente. Sem envio...
Rodou em: 2026-03-24 14:40:05.811481
Novidades já notificadas anteriormente. Sem envio...
Erro ao acessar o site: HTTPSConnectionPool(host='sitepd.org.br', port=443): Read timed out. (read timeout=10)
Rodou em: 2026-03-24 15:00:11.408383
Novidades já notificadas anteriormente. Sem envio...
Rodou em: 2026-03-24 15:10:05.386243
Novidades já notificadas anteriormente. Sem envio...
Rodou em: 2026-03-24 15:20:06.384876
Novidades já notificadas anteriormente. Sem envio...
Rodou em: 2026-03-24 15:30:03.766003
Novidades já notificadas anteriormente. Sem envio...
Rodou em: 2026-03-24 15:40:04.426183
Novidades já notificadas anteriormente. Sem envio...
Rodou em: 2026-03-24 15:50:04.405540
Novidades já notificadas anteriormente. Sem envio...
Rodou em: 2026-03-24 16:00:05.152003
Novidades já notificadas anteriormente. Sem envio...
Rodou em: 2026-03-24 16:10:06.275993
Novidades já notificadas anteriormente. Sem envio...
Rodou em: 2026-03-24 16:20:06.450098
Novidades já notificadas anteriormente. Sem envio...
Rodou em: 2026-03-24 16:30:03.487064
Novidades já notificadas anteriormente. Sem envio...
Rodou em: 2026-03-24 16:40:06.272949
Novidades já notificadas anteriormente. Sem envio...
Rodou em: 2026-03-24 16:50:04.567835
Novidades já notificadas anteriormente. Sem envio...
Rodou em: 2026-03-24 17:00:04.150934
Novidades já notificadas anteriormente. Sem envio...
Rodou em: 2026-03-24 17:10:04.797098
Novidades já notificadas anteriormente. Sem envio...
Rodou em: 2026-03-24 17:20:05.539965
Novidades já notificadas anteriormente. Sem envio...
Rodou em: 2026-03-24 17:30:05.770632
Novidades já notificadas anteriormente. Sem envio...
Rodou em: 2026-03-24 17:40:04.988547
Novidades já notificadas anteriormente. Sem envio...
Rodou em: 2026-03-24 17:50:04.149190
Novidades já notificadas anteriormente. Sem envio...
Rodou em: 2026-03-24 18:00:04.587419
Novidades já notificadas anteriormente. Sem envio...
Rodou em: 2026-03-24 18:10:04.304629
Novidades já notificadas anteriormente. Sem envio...
Rodou em: 2026-03-24 18:20:04.947633
Novidades já notificadas anteriormente. Sem envio...
Rodou em: 2026-03-24 18:30:06.576306
Novidades já notificadas anteriormente. Sem envio...
Rodou em: 2026-03-24 18:40:03.968673
Novidades já notificadas anteriormente. Sem envio...
Rodou em: 2026-03-24 18:50:04.386023
Novidades já notificadas anteriormente. Sem envio...
Rodou em: 2026-03-24 19:00:05.734074
Novidades já notificadas anteriormente. Sem envio...
Rodou em: 2026-03-24 19:10:04.272926
Novidades já notificadas anteriormente. Sem envio...
Rodou em: 2026-03-24 19:20:04.193754
Novidades já notificadas anteriormente. Sem envio...
Rodou em: 2026-03-24 19:31:42.052459
Novidades já notificadas anteriormente. Sem envio...
Rodou em: 2026-03-24 21:10:07.202720
Novidades já notificadas anteriormente. Sem envio...
Rodou em: 2026-03-25 03:04:05.698863
Novidades já notificadas anteriormente. Sem envio...
Rodou em: 2026-03-25 03:20:05.411250
Novidades já notificadas anteriormente. Sem envio...
Rodou em: 2026-03-25 04:10:05.263663
Novidades já notificadas anteriormente. Sem envio...
Rodou em: 2026-03-25 04:30:04.914032
Novidades já notificadas anteriormente. Sem envio...
Rodou em: 2026-03-25 04:40:05.554743
Novidades já notificadas anteriormente. Sem envio...
Rodou em: 2026-03-25 04:50:04.029984
Novidades já notificadas anteriormente. Sem envio...
Rodou em: 2026-03-25 05:00:04.709472
Novidades já notificadas anteriormente. Sem envio...
Rodou em: 2026-03-25 05:10:04.800930
Novidades já notificadas anteriormente. Sem envio...
Rodou em: 2026-03-25 05:20:06.418847
Novidades já notificadas anteriormente. Sem envio...
Erro ao acessar o site: HTTPSConnectionPool(host='sitepd.org.br', port=443): Read timed out. (read timeout=10)
Rodou em: 2026-03-25 06:20:45.200976
Novidades já notificadas anteriormente. Sem envio...
Rodou em: 2026-03-25 08:05:15.479019
Novidades já notificadas anteriormente. Sem envio...
Rodou em: 2026-03-25 08:10:06.160038
Novidades já notificadas anteriormente. Sem envio...
Rodou em: 2026-03-25 08:20:05.519850
Novidades já notificadas anteriormente. Sem envio...
Rodou em: 2026-03-25 08:30:04.460715
Novidades já notificadas anteriormente. Sem envio...
Rodou em: 2026-03-25 08:40:03.809396
Novidades já notificadas anteriormente. Sem envio...
Rodou em: 2026-03-25 08:50:04.301485
Novidades já notificadas anteriormente. Sem envio...
Rodou em: 2026-03-25 09:00:04.260186
Novidades já notificadas anteriormente. Sem envio...
Rodou em: 2026-03-25 09:10:03.949106
Novidades já notificadas anteriormente. Sem envio...
Rodou em: 2026-03-25 09:20:06.085947
Novidades já notificadas anteriormente. Sem envio...
Rodou em: 2026-03-25 09:30:04.909929
Novidades já notificadas anteriormente. Sem envio...
Rodou em: 2026-03-25 09:40:05.272618
Novidades já notificadas anteriormente. Sem envio...
Rodou em: 2026-03-25 09:50:03.787787
Novidades já notificadas anteriormente. Sem envio...
Rodou em: 2026-03-25 10:00:14.014719
Novidades já notificadas anteriormente. Sem envio...
Rodou em: 2026-03-25 10:10:07.672073
Email enviado com sucesso!
Rodou em: 2026-03-25 10:20:04.577682
Novidades já notificadas anteriormente. Sem envio...
Rodou em: 2026-03-25 10:30:04.034623
Novidades já notificadas anteriormente. Sem envio...
Rodou em: 2026-03-25 10:40:09.510903
Novidades já notificadas anteriormente. Sem envio...
Rodou em: 2026-03-25 10:50:04.097852
Novidades já notificadas anteriormente. Sem envio...
Rodou em: 2026-03-25 11:00:04.404799
Novidades já notificadas anteriormente. Sem envio...
Rodou em: 2026-03-25 11:10:04.012656
Novidades já notificadas anteriormente. Sem envio...
Rodou em: 2026-03-25 11:20:04.707169
Novidades já notificadas anteriormente. Sem envio...
Rodou em: 2026-03-25 11:30:04.068191
Novidades já notificadas anteriormente. Sem envio...
Rodou em: 2026-03-25 11:40:05.587861
Novidades já notificadas anteriormente. Sem envio...
Rodou em: 2026-03-25 11:50:06.643913
Novidades já notificadas anteriormente. Sem envio...
Rodou em: 2026-03-25 12:00:04.341321
Novidades já notificadas anteriormente. Sem envio...
Rodou em: 2026-03-25 12:10:04.971636
Novidades já notificadas anteriormente. Sem envio...
Rodou em: 2026-03-25 12:20:04.459231
Novidades já notificadas anteriormente. Sem envio...
Rodou em: 2026-03-25 12:30:04.504462
Novidades já notificadas anteriormente. Sem envio...
Rodou em: 2026-03-25 12:40:06.121289
Novidades já notificadas anteriormente. Sem envio...
Rodou em: 2026-03-25 12:50:03.697171
Novidades já notificadas anteriormente. Sem envio...
Rodou em: 2026-03-25 13:00:04.943980
Novidades já notificadas anteriormente. Sem envio...
Rodou em: 2026-03-25 13:10:03.656989
Novidades já notificadas anteriormente. Sem envio...
Rodou em: 2026-03-25 13:20:06.707346
Novidades já notificadas anteriormente. Sem envio...
Rodou em: 2026-03-25 13:30:06.574242
Novidades já notificadas anteriormente. Sem envio...
Rodou em: 2026-03-25 13:40:04.399421
Novidades já notificadas anteriormente. Sem envio...
Rodou em: 2026-03-25 13:50:05.556097
Novidades já notificadas anteriormente. Sem envio...
Rodou em: 2026-03-25 14:00:06.541396
Novidades já notificadas anteriormente. Sem envio...
Rodou em: 2026-03-25 14:10:05.216811
Novidades já notificadas anteriormente. Sem envio...
Rodou em: 2026-03-25 14:20:05.397835
Novidades já notificadas anteriormente. Sem envio...
Rodou em: 2026-03-25 14:30:05.128731
Novidades já notificadas anteriormente. Sem envio...
Rodou em: 2026-03-25 14:40:04.726336
Novidades já notificadas anteriormente. Sem envio...
Rodou em: 2026-03-25 14:50:06.262324
Novidades já notificadas anteriormente. Sem envio...
Rodou em: 2026-03-25 15:00:03.923906
Novidades já notificadas anteriormente. Sem envio...
Rodou em: 2026-03-25 15:10:03.479626
Novidades já notificadas anteriormente. Sem envio...
Rodou em: 2026-03-25 15:20:03.793427
Novidades já notificadas anteriormente. Sem envio...
Rodou em: 2026-03-25 15:30:07.397776
Novidades já notificadas anteriormente. Sem envio...
Rodou em: 2026-03-25 15:40:06.186110
Novidades já notificadas anteriormente. Sem envio...
Rodou em: 2026-03-25 15:50:06.882755
Novidades já notificadas anteriormente. Sem envio...
Rodou em: 2026-03-25 16:00:05.190812
Novidades já notificadas anteriormente. Sem envio...
Rodou em: 2026-03-25 16:10:05.938867
Novidades já notificadas anteriormente. Sem envio...
Rodou em: 2026-03-25 16:20:04.312034
Novidades já notificadas anteriormente. Sem envio...
Rodou em: 2026-03-25 16:30:03.741206
Novidades já notificadas anteriormente. Sem envio...
Rodou em: 2026-03-25 16:40:04.146153
Novidades já notificadas anteriormente. Sem envio...
Rodou em: 2026-03-25 16:50:06.723324
Novidades já notificadas anteriormente. Sem envio...
Rodou em: 2026-03-25 17:00:05.010839
Novidades já notificadas anteriormente. Sem envio...
Rodou em: 2026-03-25 17:10:06.965101
Novidades já notificadas anteriormente. Sem envio...
Rodou em: 2026-03-25 17:20:03.883540
Novidades já notificadas anteriormente. Sem envio...
Rodou em: 2026-03-25 17:30:06.156296
Novidades já notificadas anteriormente. Sem envio...
Rodou em: 2026-03-25 17:40:07.564611
Novidades já notificadas anteriormente. Sem envio...
Rodou em: 2026-03-25 17:50:04.102219
Novidades já notificadas anteriormente. Sem envio...
Rodou em: 2026-03-25 18:00:03.979297
Novidades já notificadas anteriormente. Sem envio...
Rodou em: 2026-03-25 18:10:05.122323
Novidades já notificadas anteriormente. Sem envio...
Rodou em: 2026-03-25 18:20:03.437268
Novidades já notificadas anteriormente. Sem envio...
Rodou em: 2026-03-25 18:30:06.240538
Novidades já notificadas anteriormente. Sem envio...
Rodou em: 2026-03-25 18:40:04.870216
Novidades já notificadas anteriormente. Sem envio...
Rodou em: 2026-03-25 18:50:04.172452
Novidades já notificadas anteriormente. Sem envio...
Rodou em: 2026-03-25 19:00:03.657435
Novidades já notificadas anteriormente. Sem envio...
Rodou em: 2026-03-25 19:10:04.289480
Novidades já notificadas anteriormente. Sem envio...
Rodou em: 2026-03-25 19:20:05.021839
Novidades já notificadas anteriormente. Sem envio...
Rodou em: 2026-03-25 19:30:06.472010
Novidades já notificadas anteriormente. Sem envio...
Rodou em: 2026-03-25 19:40:05.689490
Novidades já notificadas anteriormente. Sem envio...
Rodou em: 2026-03-25 19:50:03.929766
Novidades já notificadas anteriormente. Sem envio...
Rodou em: 2026-03-25 20:00:05.115908
Novidades já notificadas anteriormente. Sem envio...
Rodou em: 2026-03-25 20:10:03.528335
Novidades já notificadas anteriormente. Sem envio...
Rodou em: 2026-03-25 20:20:05.108003
Novidades já notificadas anteriormente. Sem envio...
Rodou em: 2026-03-25 20:30:16.869234
Novidades já notificadas anteriormente. Sem envio...
Rodou em: 2026-03-25 20:40:05.141676
Novidades já notificadas anteriormente. Sem envio...
Rodou em: 2026-03-25 20:50:04.889072
Novidades já notificadas anteriormente. Sem envio...
Rodou em: 2026-03-25 21:00:05.806198
Novidades já notificadas anteriormente. Sem envio...
Rodou em: 2026-03-25 21:10:05.438977
Novidades já notificadas anteriormente. Sem envio...
Rodou em: 2026-03-25 21:20:03.982855
Novidades já notificadas anteriormente. Sem envio...
Rodou em: 2026-03-25 21:30:05.939904
Novidades já notificadas anteriormente. Sem envio...
Rodou em: 2026-03-25 23:20:28.119897
Novidades já notificadas anteriormente. Sem envio...
Rodou em: 2026-03-26 04:30:08.152318
Novidades já notificadas anteriormente. Sem envio...
Rodou em: 2026-03-26 07:30:10.423670
Novidades já notificadas anteriormente. Sem envio...
Rodou em: 2026-03-26 07:40:05.650018
Novidades já notificadas anteriormente. Sem envio...
Rodou em: 2026-03-26 07:50:06.036472
Novidades já notificadas anteriormente. Sem envio...
Rodou em: 2026-03-26 08:00:06.982541
Novidades já notificadas anteriormente. Sem envio...
Rodou em: 2026-03-26 08:10:06.266822
Novidades já notificadas anteriormente. Sem envio...
Rodou em: 2026-03-26 08:20:06.056144
Novidades já notificadas anteriormente. Sem envio...
Rodou em: 2026-03-26 08:30:04.584552
Novidades já notificadas anteriormente. Sem envio...
Rodou em: 2026-03-26 08:40:04.148237
Novidades já notificadas anteriormente. Sem envio...
Rodou em: 2026-03-26 08:50:09.203701
Novidades já notificadas anteriormente. Sem envio...
Rodou em: 2026-03-26 09:00:05.210840
Novidades já notificadas anteriormente. Sem envio...
Rodou em: 2026-03-26 09:10:05.048052
Novidades já notificadas anteriormente. Sem envio...
Rodou em: 2026-03-26 09:20:05.871554
Novidades já notificadas anteriormente. Sem envio...
Rodou em: 2026-03-26 09:30:06.632679
Novidades já notificadas anteriormente. Sem envio...
Rodou em: 2026-03-26 09:40:05.015451
Novidades já notificadas anteriormente. Sem envio...
Rodou em: 2026-03-26 09:50:07.475668
Novidades já notificadas anteriormente. Sem envio...
Rodou em: 2026-03-26 10:00:07.855001
Novidades já notificadas anteriormente. Sem envio...
Rodou em: 2026-03-26 10:10:05.003643
Novidades já notificadas anteriormente. Sem envio...
Rodou em: 2026-03-26 10:20:05.203675
Novidades já notificadas anteriormente. Sem envio...
Rodou em: 2026-03-26 10:30:04.376800
Novidades já notificadas anteriormente. Sem envio...
Rodou em: 2026-03-26 10:40:04.014283
Novidades já notificadas anteriormente. Sem envio...
Rodou em: 2026-03-26 10:50:06.239774
Novidades já notificadas anteriormente. Sem envio...
Rodou em: 2026-03-26 11:00:06.964173
Novidades já notificadas anteriormente. Sem envio...
Rodou em: 2026-03-26 11:10:04.276088
Novidades já notificadas anteriormente. Sem envio...
Rodou em: 2026-03-26 11:20:04.047968
Novidades já notificadas anteriormente. Sem envio...
Rodou em: 2026-03-26 11:30:04.736014
Novidades já notificadas anteriormente. Sem envio...
Rodou em: 2026-03-26 11:40:04.146438
Novidades já notificadas anteriormente. Sem envio...
Rodou em: 2026-03-26 11:50:07.587783
Novidades já notificadas anteriormente. Sem envio...
Rodou em: 2026-03-26 12:00:05.637366
Novidades já notificadas anteriormente. Sem envio...
Rodou em: 2026-03-26 12:10:04.252588
Novidades já notificadas anteriormente. Sem envio...
Rodou em: 2026-03-26 12:20:03.956926
Novidades já notificadas anteriormente. Sem envio...
Rodou em: 2026-03-26 12:30:04.412286
Novidades já notificadas anteriormente. Sem envio...
Rodou em: 2026-03-26 12:40:05.944011
Novidades já notificadas anteriormente. Sem envio...
Rodou em: 2026-03-26 12:50:04.679672
Novidades já notificadas anteriormente. Sem envio...
Rodou em: 2026-03-26 13:00:04.655426
Novidades já notificadas anteriormente. Sem envio...
Rodou em: 2026-03-26 13:10:07.487431
Novidades já notificadas anteriormente. Sem envio...
Rodou em: 2026-03-26 13:20:04.235907
Novidades já notificadas anteriormente. Sem envio...
Rodou em: 2026-03-26 13:30:03.892903
Novidades já notificadas anteriormente. Sem envio...
Rodou em: 2026-03-26 13:40:04.569306
Novidades já notificadas anteriormente. Sem envio...
Rodou em: 2026-03-26 13:50:03.895832
Novidades já notificadas anteriormente. Sem envio...
Rodou em: 2026-03-26 14:00:06.793665
Novidades já notificadas anteriormente. Sem envio...
Rodou em: 2026-03-26 14:10:06.735542
Novidades já notificadas anteriormente. Sem envio...
Rodou em: 2026-03-26 14:20:04.928844
Novidades já notificadas anteriormente. Sem envio...
Rodou em: 2026-03-26 14:30:05.522620
Novidades já notificadas anteriormente. Sem envio...
Rodou em: 2026-03-26 14:40:03.777378
Novidades já notificadas anteriormente. Sem envio...
Rodou em: 2026-03-26 14:50:06.028085
Novidades já notificadas anteriormente. Sem envio...
Rodou em: 2026-03-26 15:00:04.969610
Novidades já notificadas anteriormente. Sem envio...
Rodou em: 2026-03-26 15:10:04.611891
Novidades já notificadas anteriormente. Sem envio...
Rodou em: 2026-03-26 15:20:05.168049
Novidades já notificadas anteriormente. Sem envio...
Rodou em: 2026-03-26 15:30:03.585461
Novidades já notificadas anteriormente. Sem envio...
Rodou em: 2026-03-26 15:40:04.350762
Novidades já notificadas anteriormente. Sem envio...
Rodou em: 2026-03-26 15:50:03.820866
Email enviado com sucesso!
Rodou em: 2026-03-26 16:00:04.263506
Novidades já notificadas anteriormente. Sem envio...
Rodou em: 2026-03-26 16:10:06.014777
Novidades já notificadas anteriormente. Sem envio...
Rodou em: 2026-03-26 16:20:05.753196
Novidades já notificadas anteriormente. Sem envio...
Rodou em: 2026-03-26 16:30:08.195451
Novidades já notificadas anteriormente. Sem envio...
Erro ao acessar o site: HTTPSConnectionPool(host='sitepd.org.br', port=443): Read timed out. (read timeout=10)
Rodou em: 2026-03-26 16:50:05.511208
Novidades já notificadas anteriormente. Sem envio...
Rodou em: 2026-03-26 17:00:04.471756
Novidades já notificadas anteriormente. Sem envio...
Rodou em: 2026-03-26 17:10:06.750506
Novidades já notificadas anteriormente. Sem envio...
Rodou em: 2026-03-26 17:20:05.073150
Novidades já notificadas anteriormente. Sem envio...
Rodou em: 2026-03-26 17:30:04.119646
Novidades já notificadas anteriormente. Sem envio...
Rodou em: 2026-03-26 17:40:05.384904
Novidades já notificadas anteriormente. Sem envio...
Rodou em: 2026-03-26 21:00:06.415812
Novidades já notificadas anteriormente. Sem envio...
Rodou em: 2026-03-27 04:20:06.509902
Novidades já notificadas anteriormente. Sem envio...
Rodou em: 2026-03-27 04:30:04.094477
Novidades já notificadas anteriormente. Sem envio...
Rodou em: 2026-03-27 04:40:05.047838
Novidades já notificadas anteriormente. Sem envio...
Rodou em: 2026-03-27 04:50:05.319272
Novidades já notificadas anteriormente. Sem envio...
Rodou em: 2026-03-27 05:00:03.827982
Novidades já notificadas anteriormente. Sem envio...
Rodou em: 2026-03-27 05:10:04.473881
Novidades já notificadas anteriormente. Sem envio...
Rodou em: 2026-03-27 05:20:04.070496
Novidades já notificadas anteriormente. Sem envio...
Rodou em: 2026-03-27 07:41:03.878101
Novidades já notificadas anteriormente. Sem envio...
Rodou em: 2026-03-27 07:50:04.567188
Novidades já notificadas anteriormente. Sem envio...
Rodou em: 2026-03-27 08:00:07.245015
Novidades já notificadas anteriormente. Sem envio...
Rodou em: 2026-03-27 08:10:06.249266
Novidades já notificadas anteriormente. Sem envio...
Rodou em: 2026-03-27 08:20:03.885952
Novidades já notificadas anteriormente. Sem envio...
Rodou em: 2026-03-27 08:30:04.371291
Novidades já notificadas anteriormente. Sem envio...
Rodou em: 2026-03-27 08:40:03.595632
Novidades já notificadas anteriormente. Sem envio...
Rodou em: 2026-03-27 08:50:05.522179
Novidades já notificadas anteriormente. Sem envio...
Rodou em: 2026-03-27 09:00:33.018065
Novidades já notificadas anteriormente. Sem envio...
Rodou em: 2026-03-27 09:10:05.239251
Novidades já notificadas anteriormente. Sem envio...
Rodou em: 2026-03-27 09:20:04.194615
Novidades já notificadas anteriormente. Sem envio...
Rodou em: 2026-03-27 09:30:05.901837
Novidades já notificadas anteriormente. Sem envio...
Rodou em: 2026-03-27 09:40:13.759648
Novidades já notificadas anteriormente. Sem envio...
Rodou em: 2026-03-27 09:50:05.811480
Novidades já notificadas anteriormente. Sem envio...
Rodou em: 2026-03-27 10:00:04.396394
Novidades já notificadas anteriormente. Sem envio...
Rodou em: 2026-03-27 10:10:03.959622
Novidades já notificadas anteriormente. Sem envio...
Rodou em: 2026-03-27 10:20:04.571077
Novidades já notificadas anteriormente. Sem envio...
Rodou em: 2026-03-27 10:30:06.430847
Novidades já notificadas anteriormente. Sem envio...
Rodou em: 2026-03-27 10:40:06.390654
Novidades já notificadas anteriormente. Sem envio...
Rodou em: 2026-03-27 10:50:07.450577
Novidades já notificadas anteriormente. Sem envio...
Rodou em: 2026-03-27 11:00:05.979646
Novidades já notificadas anteriormente. Sem envio...
Rodou em: 2026-03-27 11:10:04.785311
Novidades já notificadas anteriormente. Sem envio...
Rodou em: 2026-03-27 11:20:05.844166
Novidades já notificadas anteriormente. Sem envio...
Rodou em: 2026-03-27 11:30:03.846419
Novidades já notificadas anteriormente. Sem envio...
Rodou em: 2026-03-27 11:40:03.553144
Novidades já notificadas anteriormente. Sem envio...
Rodou em: 2026-03-27 11:50:04.572595
Novidades já notificadas anteriormente. Sem envio...
Rodou em: 2026-03-27 12:00:05.376386
Novidades já notificadas anteriormente. Sem envio...
Rodou em: 2026-03-27 12:10:03.626934
Novidades já notificadas anteriormente. Sem envio...
Rodou em: 2026-03-27 12:20:04.085966
Novidades já notificadas anteriormente. Sem envio...
Rodou em: 2026-03-27 12:30:04.633292
Novidades já notificadas anteriormente. Sem envio...
Rodou em: 2026-03-27 12:40:05.106391
Novidades já notificadas anteriormente. Sem envio...
Rodou em: 2026-03-27 12:50:04.949655
Novidades já notificadas anteriormente. Sem envio...
Rodou em: 2026-03-27 13:00:04.095840
Novidades já notificadas anteriormente. Sem envio...
Rodou em: 2026-03-27 13:10:03.587273
Novidades já notificadas anteriormente. Sem envio...
Rodou em: 2026-03-27 13:20:03.858289
Novidades já notificadas anteriormente. Sem envio...
Rodou em: 2026-03-27 13:30:07.321866
Novidades já notificadas anteriormente. Sem envio...
Rodou em: 2026-03-27 13:40:03.463596
Novidades já notificadas anteriormente. Sem envio...
Rodou em: 2026-03-27 13:50:03.734925
Novidades já notificadas anteriormente. Sem envio...
Rodou em: 2026-03-27 14:00:04.209369
Novidades já notificadas anteriormente. Sem envio...
Rodou em: 2026-03-27 14:10:04.583708
Novidades já notificadas anteriormente. Sem envio...
Rodou em: 2026-03-27 14:20:05.959063
Novidades já notificadas anteriormente. Sem envio...
Rodou em: 2026-03-27 14:30:15.589111
Novidades já notificadas anteriormente. Sem envio...
Rodou em: 2026-03-27 14:40:03.773733
Novidades já notificadas anteriormente. Sem envio...
Rodou em: 2026-03-27 14:50:04.207762
Novidades já notificadas anteriormente. Sem envio...
Rodou em: 2026-03-27 15:00:04.772438
Novidades já notificadas anteriormente. Sem envio...
Rodou em: 2026-03-27 15:10:06.147346
Novidades já notificadas anteriormente. Sem envio...
Rodou em: 2026-03-27 15:20:04.420687
Novidades já notificadas anteriormente. Sem envio...
Rodou em: 2026-03-27 15:30:03.673299
Novidades já notificadas anteriormente. Sem envio...
Rodou em: 2026-03-27 15:40:04.869029
Novidades já notificadas anteriormente. Sem envio...
Rodou em: 2026-03-27 15:50:05.682136
Novidades já notificadas anteriormente. Sem envio...
Rodou em: 2026-03-27 16:00:06.616550
Novidades já notificadas anteriormente. Sem envio...
Rodou em: 2026-03-27 16:10:08.450434
Novidades já notificadas anteriormente. Sem envio...
Rodou em: 2026-03-27 16:20:05.538842
Novidades já notificadas anteriormente. Sem envio...
Rodou em: 2026-03-27 16:30:07.176496
Novidades já notificadas anteriormente. Sem envio...
Rodou em: 2026-03-27 16:40:03.899030
Novidades já notificadas anteriormente. Sem envio...
Rodou em: 2026-03-27 16:50:03.704411
Novidades já notificadas anteriormente. Sem envio...
Rodou em: 2026-03-27 17:00:03.537423
Novidades já notificadas anteriormente. Sem envio...
Rodou em: 2026-03-27 17:10:04.573696
Novidades já notificadas anteriormente. Sem envio...
Rodou em: 2026-03-27 17:20:06.214992
Novidades já notificadas anteriormente. Sem envio...
Rodou em: 2026-03-27 17:30:05.731085
Novidades já notificadas anteriormente. Sem envio...
Rodou em: 2026-03-27 18:50:06.035151
Novidades já notificadas anteriormente. Sem envio...
Erro ao acessar o site: HTTPSConnectionPool(host='sitepd.org.br', port=443): Read timed out. (read timeout=10)
Rodou em: 2026-03-27 23:40:06.276260
Novidades já notificadas anteriormente. Sem envio...
Rodou em: 2026-03-28 00:01:07.384785
Novidades já notificadas anteriormente. Sem envio...
Rodou em: 2026-03-28 03:40:06.114680
Novidades já notificadas anteriormente. Sem envio...
Rodou em: 2026-03-28 04:30:05.537601
Novidades já notificadas anteriormente. Sem envio...
Rodou em: 2026-03-28 07:59:01.070573
Novidades já notificadas anteriormente. Sem envio...
Rodou em: 2026-03-28 08:00:20.353748
Novidades já notificadas anteriormente. Sem envio...
Rodou em: 2026-03-28 13:15:04.773532
Novidades já notificadas anteriormente. Sem envio...
Rodou em: 2026-03-28 16:16:10.299283
Novidades já notificadas anteriormente. Sem envio...
Rodou em: 2026-03-28 16:26:40.536176
Novidades já notificadas anteriormente. Sem envio...
Rodou em: 2026-03-28 17:00:08.139764
Novidades já notificadas anteriormente. Sem envio...
Rodou em: 2026-03-28 17:13:15.996949
Novidades já notificadas anteriormente. Sem envio...
Rodou em: 2026-03-29 00:55:11.259607
Novidades já notificadas anteriormente. Sem envio...
Rodou em: 2026-03-29 01:05:20.241269
Novidades já notificadas anteriormente. Sem envio...
Rodou em: 2026-03-29 04:50:06.551813
Novidades já notificadas anteriormente. Sem envio...
Rodou em: 2026-03-29 05:00:04.521517
Novidades já notificadas anteriormente. Sem envio...
Rodou em: 2026-03-29 05:10:05.880796
Novidades já notificadas anteriormente. Sem envio...
Rodou em: 2026-03-29 05:20:05.371886
Novidades já notificadas anteriormente. Sem envio...
Rodou em: 2026-03-29 05:30:04.193089
Novidades já notificadas anteriormente. Sem envio...
Rodou em: 2026-03-29 05:40:03.864944
Novidades já notificadas anteriormente. Sem envio...
Rodou em: 2026-03-29 07:44:27.909053
Novidades já notificadas anteriormente. Sem envio...
Rodou em: 2026-03-29 09:04:50.166074
Novidades já notificadas anteriormente. Sem envio...
Rodou em: 2026-03-29 09:58:33.013742
Novidades já notificadas anteriormente. Sem envio...
Rodou em: 2026-03-29 10:05:55.552614
Novidades já notificadas anteriormente. Sem envio...
Rodou em: 2026-03-29 11:02:41.899237
Novidades já notificadas anteriormente. Sem envio...
Erro ao acessar o site: HTTPSConnectionPool(host='sitepd.org.br', port=443): Read timed out. (read timeout=10)
Rodou em: 2026-03-29 16:00:14.418368
Novidades já notificadas anteriormente. Sem envio...
Rodou em: 2026-03-29 21:10:08.373035
Novidades já notificadas anteriormente. Sem envio...
Rodou em: 2026-03-30 01:16:01.738230
Novidades já notificadas anteriormente. Sem envio...
Rodou em: 2026-03-30 03:01:57.576071
Novidades já notificadas anteriormente. Sem envio...
Rodou em: 2026-03-30 07:33:04.308415
Novidades já notificadas anteriormente. Sem envio...
Rodou em: 2026-03-30 07:40:05.973491
Novidades já notificadas anteriormente. Sem envio...
Rodou em: 2026-03-30 07:50:06.420843
Novidades já notificadas anteriormente. Sem envio...
Rodou em: 2026-03-30 08:00:04.256779
Novidades já notificadas anteriormente. Sem envio...
Rodou em: 2026-03-30 08:10:04.025118
Novidades já notificadas anteriormente. Sem envio...
Rodou em: 2026-03-30 08:20:05.121318
Novidades já notificadas anteriormente. Sem envio...
Rodou em: 2026-03-30 08:30:05.521460
Novidades já notificadas anteriormente. Sem envio...
Rodou em: 2026-03-30 08:40:04.077977
Novidades já notificadas anteriormente. Sem envio...
Rodou em: 2026-03-30 08:50:04.686760
Novidades já notificadas anteriormente. Sem envio...
Rodou em: 2026-03-30 09:00:08.333395
Novidades já notificadas anteriormente. Sem envio...
Rodou em: 2026-03-30 09:10:07.670392
Novidades já notificadas anteriormente. Sem envio...
Rodou em: 2026-03-30 09:20:06.447687
Novidades já notificadas anteriormente. Sem envio...
Rodou em: 2026-03-30 09:30:04.576621
Novidades já notificadas anteriormente. Sem envio...
Rodou em: 2026-03-30 09:40:03.911806
Novidades já notificadas anteriormente. Sem envio...
Rodou em: 2026-03-30 09:50:04.742034
Novidades já notificadas anteriormente. Sem envio...
Rodou em: 2026-03-30 10:00:09.539028
Novidades já notificadas anteriormente. Sem envio...
Rodou em: 2026-03-30 10:10:03.957863
Novidades já notificadas anteriormente. Sem envio...
Rodou em: 2026-03-30 10:20:04.198743
Novidades já notificadas anteriormente. Sem envio...
Rodou em: 2026-03-30 10:30:05.885183
Novidades já notificadas anteriormente. Sem envio...
Rodou em: 2026-03-30 10:40:09.075358
Novidades já notificadas anteriormente. Sem envio...
Rodou em: 2026-03-30 10:50:06.402192
Novidades já notificadas anteriormente. Sem envio...
Rodou em: 2026-03-30 11:00:03.883152
Novidades já notificadas anteriormente. Sem envio...
Rodou em: 2026-03-30 11:10:07.175070
Novidades já notificadas anteriormente. Sem envio...
Rodou em: 2026-03-30 11:20:05.421111
Novidades já notificadas anteriormente. Sem envio...
Rodou em: 2026-03-30 11:30:04.119746
Novidades já notificadas anteriormente. Sem envio...
Rodou em: 2026-03-30 11:40:09.462169
Novidades já notificadas anteriormente. Sem envio...
Rodou em: 2026-03-30 11:50:05.760708
Novidades já notificadas anteriormente. Sem envio...
Rodou em: 2026-03-30 12:00:06.346131
Novidades já notificadas anteriormente. Sem envio...
Rodou em: 2026-03-30 12:10:03.938564
Novidades já notificadas anteriormente. Sem envio...
Rodou em: 2026-03-30 12:20:05.278315
Novidades já notificadas anteriormente. Sem envio...
Rodou em: 2026-03-30 12:30:04.012161
Novidades já notificadas anteriormente. Sem envio...
Rodou em: 2026-03-30 12:40:05.002986
Novidades já notificadas anteriormente. Sem envio...
Rodou em: 2026-03-30 12:50:04.467075
Novidades já notificadas anteriormente. Sem envio...
Rodou em: 2026-03-30 13:00:04.225338
Novidades já notificadas anteriormente. Sem envio...
Rodou em: 2026-03-30 13:10:04.823589
Novidades já notificadas anteriormente. Sem envio...
Rodou em: 2026-03-30 13:20:12.170372
Novidades já notificadas anteriormente. Sem envio...
Rodou em: 2026-03-30 13:30:07.541654
Novidades já notificadas anteriormente. Sem envio...
Rodou em: 2026-03-30 13:40:04.301241
Email enviado com sucesso!
Rodou em: 2026-03-30 13:50:04.220305
Novidades já notificadas anteriormente. Sem envio...
Rodou em: 2026-03-30 14:00:04.380223
Novidades já notificadas anteriormente. Sem envio...
Rodou em: 2026-03-30 14:10:04.761501
Novidades já notificadas anteriormente. Sem envio...
Rodou em: 2026-03-30 14:20:04.806972
Novidades já notificadas anteriormente. Sem envio...
Rodou em: 2026-03-30 14:30:13.593893
Novidades já notificadas anteriormente. Sem envio...
Rodou em: 2026-03-30 14:40:06.862201
Novidades já notificadas anteriormente. Sem envio...
Rodou em: 2026-03-30 14:50:05.709043
Novidades já notificadas anteriormente. Sem envio...
Rodou em: 2026-03-30 15:00:04.545957
Novidades já notificadas anteriormente. Sem envio...
Rodou em: 2026-03-30 15:10:05.751991
Novidades já notificadas anteriormente. Sem envio...
Rodou em: 2026-03-30 15:20:04.270961
Novidades já notificadas anteriormente. Sem envio...
Rodou em: 2026-03-30 15:30:04.730309
Novidades já notificadas anteriormente. Sem envio...
Rodou em: 2026-03-30 15:40:04.347277
Novidades já notificadas anteriormente. Sem envio...
Rodou em: 2026-03-30 15:50:05.697831
Novidades já notificadas anteriormente. Sem envio...
Rodou em: 2026-03-30 16:00:04.663882
Novidades já notificadas anteriormente. Sem envio...
Rodou em: 2026-03-30 16:10:05.382812
Novidades já notificadas anteriormente. Sem envio...
Rodou em: 2026-03-30 16:20:05.274757
Novidades já notificadas anteriormente. Sem envio...
Rodou em: 2026-03-30 16:30:10.108962
Novidades já notificadas anteriormente. Sem envio...
Rodou em: 2026-03-30 16:40:04.381746
Novidades já notificadas anteriormente. Sem envio...
Rodou em: 2026-03-30 16:50:04.065254
Novidades já notificadas anteriormente. Sem envio...
Rodou em: 2026-03-30 17:00:05.693983
Novidades já notificadas anteriormente. Sem envio...
Rodou em: 2026-03-30 17:10:09.227970
Novidades já notificadas anteriormente. Sem envio...
Rodou em: 2026-03-30 17:20:04.354127
Novidades já notificadas anteriormente. Sem envio...
Rodou em: 2026-03-30 17:30:06.201626
Novidades já notificadas anteriormente. Sem envio...
Rodou em: 2026-03-30 17:40:05.358177
Novidades já notificadas anteriormente. Sem envio...
Rodou em: 2026-03-30 17:50:03.877188
Novidades já notificadas anteriormente. Sem envio...
Rodou em: 2026-03-30 18:00:05.497752
Novidades já notificadas anteriormente. Sem envio...
Rodou em: 2026-03-30 18:10:04.377335
Novidades já notificadas anteriormente. Sem envio...
Rodou em: 2026-03-30 18:20:06.142083
Novidades já notificadas anteriormente. Sem envio...
Rodou em: 2026-03-30 18:30:04.234050
Novidades já notificadas anteriormente. Sem envio...
Rodou em: 2026-03-30 18:40:05.529494
Novidades já notificadas anteriormente. Sem envio...
Rodou em: 2026-03-30 18:50:04.150851
Novidades já notificadas anteriormente. Sem envio...
Rodou em: 2026-03-30 19:00:05.645659
Novidades já notificadas anteriormente. Sem envio...
Rodou em: 2026-03-30 19:10:04.116353
Novidades já notificadas anteriormente. Sem envio...
Rodou em: 2026-03-30 19:20:05.351391
Novidades já notificadas anteriormente. Sem envio...
Rodou em: 2026-03-30 19:30:05.515262
Novidades já notificadas anteriormente. Sem envio...
Rodou em: 2026-03-30 19:40:05.663525
Novidades já notificadas anteriormente. Sem envio...
Rodou em: 2026-03-30 19:50:04.507746
Novidades já notificadas anteriormente. Sem envio...
Rodou em: 2026-03-30 20:00:07.531263
Novidades já notificadas anteriormente. Sem envio...
Rodou em: 2026-03-30 20:10:04.023254
Novidades já notificadas anteriormente. Sem envio...
Rodou em: 2026-03-30 20:20:06.656617
Novidades já notificadas anteriormente. Sem envio...
Rodou em: 2026-03-30 20:30:04.603667
Novidades já notificadas anteriormente. Sem envio...
Rodou em: 2026-03-30 20:40:05.727990
Novidades já notificadas anteriormente. Sem envio...
Rodou em: 2026-03-30 20:50:04.366849
Novidades já notificadas anteriormente. Sem envio...
Rodou em: 2026-03-30 21:00:06.913709
Novidades já notificadas anteriormente. Sem envio...
Rodou em: 2026-03-30 21:10:05.795323
Novidades já notificadas anteriormente. Sem envio...
Rodou em: 2026-03-30 21:20:04.218607
Novidades já notificadas anteriormente. Sem envio...
Rodou em: 2026-03-30 21:30:05.973689
Novidades já notificadas anteriormente. Sem envio...
Rodou em: 2026-03-30 21:40:05.524141
Novidades já notificadas anteriormente. Sem envio...
Rodou em: 2026-03-30 21:50:04.426194
Novidades já notificadas anteriormente. Sem envio...
Rodou em: 2026-03-30 22:00:06.677950
Novidades já notificadas anteriormente. Sem envio...
Rodou em: 2026-03-30 22:10:04.449957
Novidades já notificadas anteriormente. Sem envio...
Rodou em: 2026-03-30 22:50:08.256202
Novidades já notificadas anteriormente. Sem envio...
Rodou em: 2026-03-31 01:15:24.643741
Novidades já notificadas anteriormente. Sem envio...
Rodou em: 2026-03-31 05:00:06.362055
Novidades já notificadas anteriormente. Sem envio...
Rodou em: 2026-03-31 05:10:04.385677
Novidades já notificadas anteriormente. Sem envio...
Rodou em: 2026-03-31 05:20:04.386598
Novidades já notificadas anteriormente. Sem envio...
Rodou em: 2026-03-31 05:30:04.622222
Novidades já notificadas anteriormente. Sem envio...
Rodou em: 2026-03-31 05:40:04.776255
Novidades já notificadas anteriormente. Sem envio...
Rodou em: 2026-03-31 05:50:06.312909
Novidades já notificadas anteriormente. Sem envio...
Rodou em: 2026-03-31 06:00:04.136755
Novidades já notificadas anteriormente. Sem envio...
Rodou em: 2026-03-31 06:10:03.949771
Novidades já notificadas anteriormente. Sem envio...
Rodou em: 2026-03-31 07:30:07.040856
Novidades já notificadas anteriormente. Sem envio...
Rodou em: 2026-03-31 07:40:05.508747
Novidades já notificadas anteriormente. Sem envio...
Rodou em: 2026-03-31 07:50:05.426054
Novidades já notificadas anteriormente. Sem envio...
Rodou em: 2026-03-31 08:00:08.473176
Novidades já notificadas anteriormente. Sem envio...
Rodou em: 2026-03-31 08:10:04.260722
Novidades já notificadas anteriormente. Sem envio...
Rodou em: 2026-03-31 08:20:05.703051
Novidades já notificadas anteriormente. Sem envio...
Rodou em: 2026-03-31 08:30:12.246573
Novidades já notificadas anteriormente. Sem envio...
Rodou em: 2026-03-31 08:40:04.424825
Novidades já notificadas anteriormente. Sem envio...
Rodou em: 2026-03-31 08:50:12.623266
Novidades já notificadas anteriormente. Sem envio...
Rodou em: 2026-03-31 09:00:06.282596
Novidades já notificadas anteriormente. Sem envio...
Rodou em: 2026-03-31 09:10:08.578156
Novidades já notificadas anteriormente. Sem envio...
Rodou em: 2026-03-31 09:20:07.132544
Novidades já notificadas anteriormente. Sem envio...
Rodou em: 2026-03-31 09:30:04.812073
Novidades já notificadas anteriormente. Sem envio...
Rodou em: 2026-03-31 09:40:13.247247
Novidades já notificadas anteriormente. Sem envio...
Rodou em: 2026-03-31 09:50:06.156173
Novidades já notificadas anteriormente. Sem envio...
Rodou em: 2026-03-31 10:00:07.082058
Novidades já notificadas anteriormente. Sem envio...
Rodou em: 2026-03-31 10:10:04.637737
Novidades já notificadas anteriormente. Sem envio...
Rodou em: 2026-03-31 10:20:04.448164
Novidades já notificadas anteriormente. Sem envio...
Rodou em: 2026-03-31 10:30:07.266268
Novidades já notificadas anteriormente. Sem envio...
Rodou em: 2026-03-31 10:40:07.394304
Novidades já notificadas anteriormente. Sem envio...
Rodou em: 2026-03-31 10:50:08.409295
Novidades já notificadas anteriormente. Sem envio...
Rodou em: 2026-03-31 11:00:06.987418
Novidades já notificadas anteriormente. Sem envio...
Rodou em: 2026-03-31 11:10:04.388006
Novidades já notificadas anteriormente. Sem envio...
Rodou em: 2026-03-31 11:20:04.334861
Novidades já notificadas anteriormente. Sem envio...
Rodou em: 2026-03-31 11:30:06.852998
Novidades já notificadas anteriormente. Sem envio...
Rodou em: 2026-03-31 11:40:04.365134
Novidades já notificadas anteriormente. Sem envio...
Rodou em: 2026-03-31 11:50:03.829626
Novidades já notificadas anteriormente. Sem envio...
Rodou em: 2026-03-31 12:00:04.048151
Novidades já notificadas anteriormente. Sem envio...
Rodou em: 2026-03-31 12:10:03.944643
Novidades já notificadas anteriormente. Sem envio...
Rodou em: 2026-03-31 12:20:03.432911
Novidades já notificadas anteriormente. Sem envio...
Rodou em: 2026-03-31 12:30:03.812289
Novidades já notificadas anteriormente. Sem envio...
Rodou em: 2026-03-31 12:40:06.146595
Novidades já notificadas anteriormente. Sem envio...
Rodou em: 2026-03-31 12:50:05.188605
Novidades já notificadas anteriormente. Sem envio...
Rodou em: 2026-03-31 13:00:05.537752
Novidades já notificadas anteriormente. Sem envio...
Rodou em: 2026-03-31 13:10:04.730687
Novidades já notificadas anteriormente. Sem envio...
Rodou em: 2026-03-31 13:20:04.328091
Novidades já notificadas anteriormente. Sem envio...
Rodou em: 2026-03-31 13:30:05.178001
Novidades já notificadas anteriormente. Sem envio...
Rodou em: 2026-03-31 13:40:05.962133
Novidades já notificadas anteriormente. Sem envio...
Rodou em: 2026-03-31 13:50:04.406342
Novidades já notificadas anteriormente. Sem envio...
Rodou em: 2026-03-31 14:00:04.588245
Novidades já notificadas anteriormente. Sem envio...
Rodou em: 2026-03-31 14:10:04.582966
Novidades já notificadas anteriormente. Sem envio...
Rodou em: 2026-03-31 14:20:05.670749
Novidades já notificadas anteriormente. Sem envio...
Rodou em: 2026-03-31 14:30:04.000877
Novidades já notificadas anteriormente. Sem envio...
Rodou em: 2026-03-31 14:40:08.177384
Novidades já notificadas anteriormente. Sem envio...
Rodou em: 2026-03-31 14:50:04.433659
Novidades já notificadas anteriormente. Sem envio...
Rodou em: 2026-03-31 15:00:04.316101
Novidades já notificadas anteriormente. Sem envio...
Rodou em: 2026-03-31 15:10:08.402183
Novidades já notificadas anteriormente. Sem envio...
Rodou em: 2026-03-31 15:20:15.053932
Novidades já notificadas anteriormente. Sem envio...
Rodou em: 2026-03-31 15:30:07.673438
Novidades já notificadas anteriormente. Sem envio...
Rodou em: 2026-03-31 15:40:22.035925
Novidades já notificadas anteriormente. Sem envio...
Rodou em: 2026-03-31 15:50:05.013969
Novidades já notificadas anteriormente. Sem envio...
Rodou em: 2026-03-31 16:00:04.854213
Novidades já notificadas anteriormente. Sem envio...
Rodou em: 2026-03-31 16:10:05.572813
Novidades já notificadas anteriormente. Sem envio...
Rodou em: 2026-03-31 16:20:04.716772
Novidades já notificadas anteriormente. Sem envio...
Rodou em: 2026-03-31 16:30:05.278308
Novidades já notificadas anteriormente. Sem envio...
Rodou em: 2026-03-31 16:40:09.155355
Novidades já notificadas anteriormente. Sem envio...
Rodou em: 2026-03-31 16:50:03.693750
Novidades já notificadas anteriormente. Sem envio...
Rodou em: 2026-03-31 17:00:09.720729
Novidades já notificadas anteriormente. Sem envio...
Rodou em: 2026-03-31 17:10:06.826594
Novidades já notificadas anteriormente. Sem envio...
Rodou em: 2026-03-31 17:20:04.277196
Novidades já notificadas anteriormente. Sem envio...
Rodou em: 2026-03-31 17:30:03.922119
Novidades já notificadas anteriormente. Sem envio...
Rodou em: 2026-03-31 17:40:04.328957
Novidades já notificadas anteriormente. Sem envio...
Rodou em: 2026-03-31 17:50:03.944388
Novidades já notificadas anteriormente. Sem envio...
Rodou em: 2026-03-31 18:00:04.015758
Novidades já notificadas anteriormente. Sem envio...
Rodou em: 2026-03-31 18:10:04.561897
Novidades já notificadas anteriormente. Sem envio...
Rodou em: 2026-03-31 18:20:07.647604
Novidades já notificadas anteriormente. Sem envio...
Rodou em: 2026-03-31 18:30:05.157442
Novidades já notificadas anteriormente. Sem envio...
Rodou em: 2026-03-31 18:40:05.549031
Novidades já notificadas anteriormente. Sem envio...
Rodou em: 2026-03-31 18:50:04.482978
Novidades já notificadas anteriormente. Sem envio...
Rodou em: 2026-03-31 19:00:05.715941
Novidades já notificadas anteriormente. Sem envio...
Rodou em: 2026-03-31 19:10:05.300756
Novidades já notificadas anteriormente. Sem envio...
Rodou em: 2026-03-31 19:20:04.669352
Novidades já notificadas anteriormente. Sem envio...
Rodou em: 2026-03-31 19:30:04.288289
Novidades já notificadas anteriormente. Sem envio...
Rodou em: 2026-03-31 19:40:04.230895
Novidades já notificadas anteriormente. Sem envio...
Rodou em: 2026-03-31 19:50:07.193714
Novidades já notificadas anteriormente. Sem envio...
Rodou em: 2026-03-31 20:00:06.422993
Novidades já notificadas anteriormente. Sem envio...
Rodou em: 2026-03-31 20:10:04.133571
Novidades já notificadas anteriormente. Sem envio...
Rodou em: 2026-03-31 20:20:03.875871
Novidades já notificadas anteriormente. Sem envio...
Rodou em: 2026-03-31 20:30:08.222404
Novidades já notificadas anteriormente. Sem envio...
Rodou em: 2026-03-31 20:40:04.590879
Novidades já notificadas anteriormente. Sem envio...
Rodou em: 2026-03-31 20:50:04.690250
Novidades já notificadas anteriormente. Sem envio...
Rodou em: 2026-03-31 21:00:05.058549
Novidades já notificadas anteriormente. Sem envio...
Rodou em: 2026-03-31 21:10:04.820719
Novidades já notificadas anteriormente. Sem envio...
Rodou em: 2026-03-31 21:20:04.808012
Novidades já notificadas anteriormente. Sem envio...
Rodou em: 2026-03-31 21:30:06.949777
Novidades já notificadas anteriormente. Sem envio...
Rodou em: 2026-03-31 21:40:05.539632
Novidades já notificadas anteriormente. Sem envio...
Rodou em: 2026-03-31 21:50:05.366663
Novidades já notificadas anteriormente. Sem envio...
Rodou em: 2026-03-31 22:20:15.797055
Novidades já notificadas anteriormente. Sem envio...
Rodou em: 2026-03-31 22:30:15.592834
Novidades já notificadas anteriormente. Sem envio...
Rodou em: 2026-03-31 22:40:17.633992
Novidades já notificadas anteriormente. Sem envio...
Rodou em: 2026-03-31 22:52:10.066656
Novidades já notificadas anteriormente. Sem envio...
Erro ao acessar o site: HTTPSConnectionPool(host='sitepd.org.br', port=443): Read timed out. (read timeout=10)
Rodou em: 2026-04-01 04:40:06.053590
Novidades já notificadas anteriormente. Sem envio...
Rodou em: 2026-04-01 04:50:06.095342
Novidades já notificadas anteriormente. Sem envio...
Rodou em: 2026-04-01 05:00:05.535220
Novidades já notificadas anteriormente. Sem envio...
Rodou em: 2026-04-01 05:10:06.975324
Novidades já notificadas anteriormente. Sem envio...
Rodou em: 2026-04-01 05:20:05.188432
Novidades já notificadas anteriormente. Sem envio...
Rodou em: 2026-04-01 05:30:05.259241
Novidades já notificadas anteriormente. Sem envio...
Rodou em: 2026-04-01 05:40:04.275217
Novidades já notificadas anteriormente. Sem envio...
Rodou em: 2026-04-01 06:10:13.620967
Novidades já notificadas anteriormente. Sem envio...
Rodou em: 2026-04-01 06:20:09.963035
Novidades já notificadas anteriormente. Sem envio...
Rodou em: 2026-04-01 06:30:11.520894
Novidades já notificadas anteriormente. Sem envio...
Rodou em: 2026-04-01 06:40:12.157034
Novidades já notificadas anteriormente. Sem envio...
Rodou em: 2026-04-01 06:50:12.350231
Novidades já notificadas anteriormente. Sem envio...
Rodou em: 2026-04-01 07:00:13.689793
Novidades já notificadas anteriormente. Sem envio...
Rodou em: 2026-04-01 07:10:10.545703
Novidades já notificadas anteriormente. Sem envio...
Rodou em: 2026-04-01 07:20:06.338478
Novidades já notificadas anteriormente. Sem envio...
Rodou em: 2026-04-01 07:30:05.769443
Novidades já notificadas anteriormente. Sem envio...
Rodou em: 2026-04-01 07:40:07.359062
Novidades já notificadas anteriormente. Sem envio...
Rodou em: 2026-04-01 07:50:04.984969
Novidades já notificadas anteriormente. Sem envio...
Rodou em: 2026-04-01 08:00:10.616853
Novidades já notificadas anteriormente. Sem envio...
Rodou em: 2026-04-01 08:10:07.149091
Novidades já notificadas anteriormente. Sem envio...
Rodou em: 2026-04-01 08:20:11.324905
Novidades já notificadas anteriormente. Sem envio...
Rodou em: 2026-04-01 08:30:06.398773
Novidades já notificadas anteriormente. Sem envio...
Rodou em: 2026-04-01 08:40:04.064574
Novidades já notificadas anteriormente. Sem envio...
Rodou em: 2026-04-01 08:50:05.661515
Novidades já notificadas anteriormente. Sem envio...
Rodou em: 2026-04-01 09:00:08.380861
Novidades já notificadas anteriormente. Sem envio...
Rodou em: 2026-04-01 09:10:06.113397
Novidades já notificadas anteriormente. Sem envio...
Rodou em: 2026-04-01 09:20:04.199766
Novidades já notificadas anteriormente. Sem envio...
Rodou em: 2026-04-01 09:30:03.793966
Novidades já notificadas anteriormente. Sem envio...
Rodou em: 2026-04-01 09:40:05.593066
Novidades já notificadas anteriormente. Sem envio...
Rodou em: 2026-04-01 09:50:05.364160
Novidades já notificadas anteriormente. Sem envio...
Rodou em: 2026-04-01 10:00:04.423817
Novidades já notificadas anteriormente. Sem envio...
Rodou em: 2026-04-01 10:10:04.593503
Novidades já notificadas anteriormente. Sem envio...
Rodou em: 2026-04-01 10:20:04.019294
Novidades já notificadas anteriormente. Sem envio...
Rodou em: 2026-04-01 10:30:07.447268
Novidades já notificadas anteriormente. Sem envio...
Rodou em: 2026-04-01 10:40:04.777699
Novidades já notificadas anteriormente. Sem envio...
Rodou em: 2026-04-01 10:50:07.947374
Novidades já notificadas anteriormente. Sem envio...
Rodou em: 2026-04-01 11:00:04.842633
Novidades já notificadas anteriormente. Sem envio...
Rodou em: 2026-04-01 11:10:04.156010
Novidades já notificadas anteriormente. Sem envio...
Rodou em: 2026-04-01 11:20:05.435049
Novidades já notificadas anteriormente. Sem envio...
Rodou em: 2026-04-01 11:30:04.173665
Novidades já notificadas anteriormente. Sem envio...
Rodou em: 2026-04-01 11:40:04.518375
Novidades já notificadas anteriormente. Sem envio...
Rodou em: 2026-04-01 11:50:04.054542
Novidades já notificadas anteriormente. Sem envio...
Rodou em: 2026-04-01 12:00:06.606707
Novidades já notificadas anteriormente. Sem envio...
Rodou em: 2026-04-01 12:10:04.806552
Novidades já notificadas anteriormente. Sem envio...
Rodou em: 2026-04-01 12:20:03.832129
Novidades já notificadas anteriormente. Sem envio...
Rodou em: 2026-04-01 12:30:03.979168
Novidades já notificadas anteriormente. Sem envio...
Rodou em: 2026-04-01 12:40:04.305093
Novidades já notificadas anteriormente. Sem envio...
Rodou em: 2026-04-01 12:50:03.632385
Novidades já notificadas anteriormente. Sem envio...
Rodou em: 2026-04-01 13:00:06.052412
Novidades já notificadas anteriormente. Sem envio...
Rodou em: 2026-04-01 13:10:06.119859
Novidades já notificadas anteriormente. Sem envio...
Rodou em: 2026-04-01 13:20:04.760209
Novidades já notificadas anteriormente. Sem envio...
Rodou em: 2026-04-01 13:30:05.208094
Novidades já notificadas anteriormente. Sem envio...
Rodou em: 2026-04-01 13:40:05.309129
Novidades já notificadas anteriormente. Sem envio...
Rodou em: 2026-04-01 13:50:04.392252
Novidades já notificadas anteriormente. Sem envio...
Rodou em: 2026-04-01 14:00:06.344091
Novidades já notificadas anteriormente. Sem envio...
Rodou em: 2026-04-01 14:10:03.853609
Novidades já notificadas anteriormente. Sem envio...
Rodou em: 2026-04-01 14:20:03.595632
Novidades já notificadas anteriormente. Sem envio...
Rodou em: 2026-04-01 14:30:05.261958
Novidades já notificadas anteriormente. Sem envio...
Rodou em: 2026-04-01 14:40:04.754150
Novidades já notificadas anteriormente. Sem envio...
Rodou em: 2026-04-01 14:50:05.393173
Novidades já notificadas anteriormente. Sem envio...
Rodou em: 2026-04-01 15:00:06.394979
Novidades já notificadas anteriormente. Sem envio...
Rodou em: 2026-04-01 15:10:04.052714
Novidades já notificadas anteriormente. Sem envio...
Rodou em: 2026-04-01 15:20:05.477015
Email enviado com sucesso!
Rodou em: 2026-04-01 15:30:08.989436
Novidades já notificadas anteriormente. Sem envio...
Rodou em: 2026-04-01 15:40:05.433620
Novidades já notificadas anteriormente. Sem envio...
Rodou em: 2026-04-01 15:50:04.077892
Novidades já notificadas anteriormente. Sem envio...
Rodou em: 2026-04-01 16:00:04.117273
Novidades já notificadas anteriormente. Sem envio...
Rodou em: 2026-04-01 16:10:04.628737
Novidades já notificadas anteriormente. Sem envio...
Rodou em: 2026-04-01 16:20:04.295525
Novidades já notificadas anteriormente. Sem envio...
Rodou em: 2026-04-01 16:30:07.697852
Novidades já notificadas anteriormente. Sem envio...
Rodou em: 2026-04-01 16:40:04.257260
Novidades já notificadas anteriormente. Sem envio...
Rodou em: 2026-04-01 16:50:04.615358
Novidades já notificadas anteriormente. Sem envio...
Rodou em: 2026-04-01 17:00:08.809155
Novidades já notificadas anteriormente. Sem envio...
Rodou em: 2026-04-01 17:10:07.826723
Novidades já notificadas anteriormente. Sem envio...
Rodou em: 2026-04-01 17:20:04.294202
Novidades já notificadas anteriormente. Sem envio...
Rodou em: 2026-04-01 17:30:06.869298
Novidades já notificadas anteriormente. Sem envio...
Rodou em: 2026-04-01 17:40:05.581140
Novidades já notificadas anteriormente. Sem envio...
Rodou em: 2026-04-01 19:06:50.675972
Novidades já notificadas anteriormente. Sem envio...
Rodou em: 2026-04-01 21:00:06.364803
Novidades já notificadas anteriormente. Sem envio...
Rodou em: 2026-04-01 23:20:06.568251
Novidades já notificadas anteriormente. Sem envio...
Rodou em: 2026-04-01 23:30:04.556967
Novidades já notificadas anteriormente. Sem envio...
Rodou em: 2026-04-01 23:40:03.792226
Novidades já notificadas anteriormente. Sem envio...
Rodou em: 2026-04-01 23:53:57.823350
Novidades já notificadas anteriormente. Sem envio...
Rodou em: 2026-04-02 07:50:06.827106
Novidades já notificadas anteriormente. Sem envio...
Rodou em: 2026-04-02 08:00:05.395402
Novidades já notificadas anteriormente. Sem envio...
Rodou em: 2026-04-02 08:10:05.850027
Novidades já notificadas anteriormente. Sem envio...
Rodou em: 2026-04-02 08:20:04.297257
Novidades já notificadas anteriormente. Sem envio...
Rodou em: 2026-04-02 08:30:03.933232
Novidades já notificadas anteriormente. Sem envio...
Rodou em: 2026-04-02 08:40:05.472988
Novidades já notificadas anteriormente. Sem envio...
Rodou em: 2026-04-02 08:50:04.833225
Novidades já notificadas anteriormente. Sem envio...
Rodou em: 2026-04-02 09:00:05.872626
Novidades já notificadas anteriormente. Sem envio...
Rodou em: 2026-04-02 09:10:04.310967
Novidades já notificadas anteriormente. Sem envio...
Rodou em: 2026-04-02 09:20:03.866013
Novidades já notificadas anteriormente. Sem envio...
Rodou em: 2026-04-02 09:30:03.868180
Novidades já notificadas anteriormente. Sem envio...
Rodou em: 2026-04-02 09:40:06.551545
Novidades já notificadas anteriormente. Sem envio...
Rodou em: 2026-04-02 09:50:05.671626
Novidades já notificadas anteriormente. Sem envio...
Rodou em: 2026-04-02 10:00:06.146817
Novidades já notificadas anteriormente. Sem envio...
Rodou em: 2026-04-02 10:10:04.637572
Novidades já notificadas anteriormente. Sem envio...
Rodou em: 2026-04-02 10:20:15.058825
Novidades já notificadas anteriormente. Sem envio...
Rodou em: 2026-04-02 10:30:06.945955
Novidades já notificadas anteriormente. Sem envio...
Rodou em: 2026-04-02 10:40:06.616355
Novidades já notificadas anteriormente. Sem envio...
Rodou em: 2026-04-02 10:50:05.446760
Novidades já notificadas anteriormente. Sem envio...
Rodou em: 2026-04-02 11:00:04.479352
Novidades já notificadas anteriormente. Sem envio...
Rodou em: 2026-04-02 11:10:04.293782
Novidades já notificadas anteriormente. Sem envio...
Rodou em: 2026-04-02 11:20:03.922347
Novidades já notificadas anteriormente. Sem envio...
Rodou em: 2026-04-02 11:30:04.378026
Novidades já notificadas anteriormente. Sem envio...
Rodou em: 2026-04-02 11:40:06.984811
Novidades já notificadas anteriormente. Sem envio...
Rodou em: 2026-04-02 11:50:05.073996
Novidades já notificadas anteriormente. Sem envio...
Rodou em: 2026-04-02 12:00:04.213509
Novidades já notificadas anteriormente. Sem envio...
Rodou em: 2026-04-02 12:10:03.814032
Novidades já notificadas anteriormente. Sem envio...
Rodou em: 2026-04-02 12:20:04.796689
Novidades já notificadas anteriormente. Sem envio...
Rodou em: 2026-04-02 12:30:07.102723
Novidades já notificadas anteriormente. Sem envio...
Rodou em: 2026-04-02 12:40:05.573674
Novidades já notificadas anteriormente. Sem envio...
Rodou em: 2026-04-02 12:50:04.443897
Novidades já notificadas anteriormente. Sem envio...
Rodou em: 2026-04-02 13:00:05.362948
Novidades já notificadas anteriormente. Sem envio...
Rodou em: 2026-04-02 13:10:03.922308
Novidades já notificadas anteriormente. Sem envio...
Rodou em: 2026-04-02 13:20:10.188673
Novidades já notificadas anteriormente. Sem envio...
Rodou em: 2026-04-02 13:30:04.123327
Novidades já notificadas anteriormente. Sem envio...
Rodou em: 2026-04-02 13:40:04.128995
Novidades já notificadas anteriormente. Sem envio...
Rodou em: 2026-04-02 13:50:06.093758
Novidades já notificadas anteriormente. Sem envio...
Rodou em: 2026-04-02 14:00:05.304021
Novidades já notificadas anteriormente. Sem envio...
Rodou em: 2026-04-02 14:10:05.333109
Novidades já notificadas anteriormente. Sem envio...
Rodou em: 2026-04-02 14:20:03.880294
Novidades já notificadas anteriormente. Sem envio...
Rodou em: 2026-04-02 14:30:04.093104
Novidades já notificadas anteriormente. Sem envio...
Rodou em: 2026-04-02 14:40:04.447894
Novidades já notificadas anteriormente. Sem envio...
Rodou em: 2026-04-02 14:50:05.024624
Novidades já notificadas anteriormente. Sem envio...
Rodou em: 2026-04-02 15:00:05.032111
Novidades já notificadas anteriormente. Sem envio...
Rodou em: 2026-04-02 15:10:04.703913
Novidades já notificadas anteriormente. Sem envio...
Rodou em: 2026-04-02 15:20:06.113843
Novidades já notificadas anteriormente. Sem envio...
Rodou em: 2026-04-02 15:30:05.482270
Novidades já notificadas anteriormente. Sem envio...
Rodou em: 2026-04-02 15:40:05.387235
Novidades já notificadas anteriormente. Sem envio...
Rodou em: 2026-04-02 15:50:05.161185
Novidades já notificadas anteriormente. Sem envio...
Rodou em: 2026-04-02 16:00:04.601264
Novidades já notificadas anteriormente. Sem envio...
Rodou em: 2026-04-02 16:10:04.096052
Novidades já notificadas anteriormente. Sem envio...
Rodou em: 2026-04-02 16:20:05.108987
Novidades já notificadas anteriormente. Sem envio...
Rodou em: 2026-04-02 16:30:07.749247
Novidades já notificadas anteriormente. Sem envio...
Rodou em: 2026-04-02 16:40:06.354519
Novidades já notificadas anteriormente. Sem envio...
Rodou em: 2026-04-02 16:50:04.953854
Novidades já notificadas anteriormente. Sem envio...
Rodou em: 2026-04-02 17:00:04.131593
Novidades já notificadas anteriormente. Sem envio...
Rodou em: 2026-04-02 17:10:10.874263
Novidades já notificadas anteriormente. Sem envio...
Rodou em: 2026-04-02 17:20:03.931539
Novidades já notificadas anteriormente. Sem envio...
Rodou em: 2026-04-02 17:30:09.265159
Novidades já notificadas anteriormente. Sem envio...
Rodou em: 2026-04-02 17:40:05.150999
Novidades já notificadas anteriormente. Sem envio...
Rodou em: 2026-04-02 17:50:03.776851
Novidades já notificadas anteriormente. Sem envio...
Rodou em: 2026-04-02 18:00:04.526250
Novidades já notificadas anteriormente. Sem envio...
Rodou em: 2026-04-02 18:10:05.831339
Novidades já notificadas anteriormente. Sem envio...
Rodou em: 2026-04-02 18:20:04.307377
Novidades já notificadas anteriormente. Sem envio...
Rodou em: 2026-04-02 18:30:04.166403
Novidades já notificadas anteriormente. Sem envio...
Rodou em: 2026-04-02 18:40:05.583288
Novidades já notificadas anteriormente. Sem envio...
Rodou em: 2026-04-02 18:50:04.170269
Novidades já notificadas anteriormente. Sem envio...
Rodou em: 2026-04-02 19:00:04.641485
Novidades já notificadas anteriormente. Sem envio...
Rodou em: 2026-04-02 19:10:06.230777
Novidades já notificadas anteriormente. Sem envio...
Rodou em: 2026-04-02 19:20:03.922708
Novidades já notificadas anteriormente. Sem envio...
Rodou em: 2026-04-02 19:30:04.071538
Novidades já notificadas anteriormente. Sem envio...
Rodou em: 2026-04-02 19:40:04.353060
Novidades já notificadas anteriormente. Sem envio...
Rodou em: 2026-04-02 19:50:04.179412
Novidades já notificadas anteriormente. Sem envio...
Rodou em: 2026-04-02 20:00:03.780087
Novidades já notificadas anteriormente. Sem envio...
Rodou em: 2026-04-02 20:10:06.182383
Novidades já notificadas anteriormente. Sem envio...
Rodou em: 2026-04-02 20:20:05.018659
Novidades já notificadas anteriormente. Sem envio...
Rodou em: 2026-04-02 20:30:04.465805
Novidades já notificadas anteriormente. Sem envio...
Rodou em: 2026-04-02 20:40:03.927799
Novidades já notificadas anteriormente. Sem envio...
Rodou em: 2026-04-02 20:50:05.343029
Novidades já notificadas anteriormente. Sem envio...
Rodou em: 2026-04-02 21:00:06.013702
Novidades já notificadas anteriormente. Sem envio...
Rodou em: 2026-04-02 21:10:05.159045
Novidades já notificadas anteriormente. Sem envio...
Rodou em: 2026-04-02 21:20:04.604905
Novidades já notificadas anteriormente. Sem envio...
Rodou em: 2026-04-02 21:30:04.224324
Novidades já notificadas anteriormente. Sem envio...
Rodou em: 2026-04-02 21:40:05.664162
Novidades já notificadas anteriormente. Sem envio...
Rodou em: 2026-04-02 21:50:04.727923
Novidades já notificadas anteriormente. Sem envio...
Rodou em: 2026-04-02 22:00:04.641255
Novidades já notificadas anteriormente. Sem envio...
Rodou em: 2026-04-02 22:10:04.122598
Novidades já notificadas anteriormente. Sem envio...
Rodou em: 2026-04-02 22:20:03.907731
Novidades já notificadas anteriormente. Sem envio...
Rodou em: 2026-04-02 22:30:03.957445
Novidades já notificadas anteriormente. Sem envio...
Rodou em: 2026-04-02 22:40:04.910304
Novidades já notificadas anteriormente. Sem envio...
Rodou em: 2026-04-02 22:50:03.669820
Novidades já notificadas anteriormente. Sem envio...
Rodou em: 2026-04-02 23:00:04.968086
Novidades já notificadas anteriormente. Sem envio...
Rodou em: 2026-04-02 23:10:05.801679
Novidades já notificadas anteriormente. Sem envio...
Rodou em: 2026-04-02 23:20:04.569363
Novidades já notificadas anteriormente. Sem envio...
Rodou em: 2026-04-02 23:30:04.141731
Novidades já notificadas anteriormente. Sem envio...
Rodou em: 2026-04-02 23:40:04.043437
Novidades já notificadas anteriormente. Sem envio...
Rodou em: 2026-04-03 00:08:48.989917
Novidades já notificadas anteriormente. Sem envio...
Rodou em: 2026-04-03 04:40:06.225981
Novidades já notificadas anteriormente. Sem envio...
Rodou em: 2026-04-03 04:50:05.332301
Novidades já notificadas anteriormente. Sem envio...
Rodou em: 2026-04-03 05:00:05.437996
Novidades já notificadas anteriormente. Sem envio...
Rodou em: 2026-04-03 05:10:06.409762
Novidades já notificadas anteriormente. Sem envio...
Rodou em: 2026-04-03 05:20:04.391055
Novidades já notificadas anteriormente. Sem envio...
Rodou em: 2026-04-03 05:30:05.127325
Novidades já notificadas anteriormente. Sem envio...
Rodou em: 2026-04-03 05:44:20.491688
Novidades já notificadas anteriormente. Sem envio...
Rodou em: 2026-04-03 11:00:09.418354
Novidades já notificadas anteriormente. Sem envio...
Rodou em: 2026-04-03 11:10:05.114165
Novidades já notificadas anteriormente. Sem envio...
Rodou em: 2026-04-03 15:54:24.389054
Novidades já notificadas anteriormente. Sem envio...
Rodou em: 2026-04-03 17:26:01.211126
Novidades já notificadas anteriormente. Sem envio...
Rodou em: 2026-04-03 20:25:56.543143
Novidades já notificadas anteriormente. Sem envio...
Rodou em: 2026-04-03 20:30:10.293804
Novidades já notificadas anteriormente. Sem envio...
Rodou em: 2026-04-03 20:40:18.756928
Novidades já notificadas anteriormente. Sem envio...
Rodou em: 2026-04-03 20:50:18.296934
Novidades já notificadas anteriormente. Sem envio...
Rodou em: 2026-04-03 21:00:17.865466
Novidades já notificadas anteriormente. Sem envio...
Rodou em: 2026-04-03 21:10:11.134301
Novidades já notificadas anteriormente. Sem envio...
Rodou em: 2026-04-03 21:20:11.477513
Novidades já notificadas anteriormente. Sem envio...
Rodou em: 2026-04-03 21:30:09.509700
Novidades já notificadas anteriormente. Sem envio...
Rodou em: 2026-04-03 21:50:05.066336
Novidades já notificadas anteriormente. Sem envio...
Rodou em: 2026-04-03 22:00:03.658722
Novidades já notificadas anteriormente. Sem envio...
Rodou em: 2026-04-03 22:10:04.489271
Novidades já notificadas anteriormente. Sem envio...
Rodou em: 2026-04-03 22:20:04.322756
Novidades já notificadas anteriormente. Sem envio...
Rodou em: 2026-04-03 22:30:05.611835
Novidades já notificadas anteriormente. Sem envio...
Rodou em: 2026-04-03 22:40:04.550157
Novidades já notificadas anteriormente. Sem envio...
Rodou em: 2026-04-04 04:00:12.344194
Novidades já notificadas anteriormente. Sem envio...
Rodou em: 2026-04-04 04:20:04.882113
Novidades já notificadas anteriormente. Sem envio...
Rodou em: 2026-04-04 04:30:03.647182
Novidades já notificadas anteriormente. Sem envio...
Rodou em: 2026-04-04 04:40:04.298135
Novidades já notificadas anteriormente. Sem envio...
Rodou em: 2026-04-04 04:50:04.316512
Novidades já notificadas anteriormente. Sem envio...
Rodou em: 2026-04-04 05:00:04.731482
Novidades já notificadas anteriormente. Sem envio...
Rodou em: 2026-04-04 05:10:04.603470
Novidades já notificadas anteriormente. Sem envio...
Rodou em: 2026-04-04 05:20:05.910698
Novidades já notificadas anteriormente. Sem envio...
Rodou em: 2026-04-04 11:05:35.161906
Novidades já notificadas anteriormente. Sem envio...
Rodou em: 2026-04-04 12:19:31.158178
Novidades já notificadas anteriormente. Sem envio...
Rodou em: 2026-04-04 12:22:59.460217
Novidades já notificadas anteriormente. Sem envio...
Rodou em: 2026-04-04 13:30:19.613569
Novidades já notificadas anteriormente. Sem envio...
Rodou em: 2026-04-04 13:40:17.738274
Novidades já notificadas anteriormente. Sem envio...
Rodou em: 2026-04-04 13:50:11.976224
Novidades já notificadas anteriormente. Sem envio...
Rodou em: 2026-04-04 15:00:07.374400
Novidades já notificadas anteriormente. Sem envio...
Rodou em: 2026-04-04 15:10:06.980307
Novidades já notificadas anteriormente. Sem envio...
Rodou em: 2026-04-04 15:20:05.571592
Novidades já notificadas anteriormente. Sem envio...
Rodou em: 2026-04-04 15:30:03.982279
Novidades já notificadas anteriormente. Sem envio...
Rodou em: 2026-04-04 15:40:04.357413
Novidades já notificadas anteriormente. Sem envio...
Rodou em: 2026-04-04 15:50:06.023620
Novidades já notificadas anteriormente. Sem envio...
Rodou em: 2026-04-04 16:00:04.712637
Novidades já notificadas anteriormente. Sem envio...
Rodou em: 2026-04-04 16:10:05.954092
Novidades já notificadas anteriormente. Sem envio...
Rodou em: 2026-04-04 16:20:03.705361
Novidades já notificadas anteriormente. Sem envio...
Rodou em: 2026-04-04 16:30:04.662792
Novidades já notificadas anteriormente. Sem envio...
Rodou em: 2026-04-04 16:40:04.433869
Novidades já notificadas anteriormente. Sem envio...
Rodou em: 2026-04-04 16:50:04.221244
Novidades já notificadas anteriormente. Sem envio...
Rodou em: 2026-04-04 17:00:04.078815
Novidades já notificadas anteriormente. Sem envio...
Rodou em: 2026-04-04 17:10:06.484438
Novidades já notificadas anteriormente. Sem envio...
Rodou em: 2026-04-04 17:20:04.434525
Novidades já notificadas anteriormente. Sem envio...
Rodou em: 2026-04-04 17:30:05.475745
Novidades já notificadas anteriormente. Sem envio...
Rodou em: 2026-04-04 17:40:05.814750
Novidades já notificadas anteriormente. Sem envio...
Rodou em: 2026-04-04 17:50:04.447981
Novidades já notificadas anteriormente. Sem envio...
Rodou em: 2026-04-04 18:00:05.915440
Novidades já notificadas anteriormente. Sem envio...
Rodou em: 2026-04-04 18:10:05.132249
Novidades já notificadas anteriormente. Sem envio...
Rodou em: 2026-04-04 18:20:05.074160
Novidades já notificadas anteriormente. Sem envio...
Rodou em: 2026-04-04 18:30:04.849211
Novidades já notificadas anteriormente. Sem envio...
Rodou em: 2026-04-04 18:40:05.666590
Novidades já notificadas anteriormente. Sem envio...
Rodou em: 2026-04-04 18:50:04.294990
Novidades já notificadas anteriormente. Sem envio...
Rodou em: 2026-04-04 19:06:25.749087
Novidades já notificadas anteriormente. Sem envio...
Rodou em: 2026-04-04 21:00:06.498579
Novidades já notificadas anteriormente. Sem envio...
Rodou em: 2026-04-05 01:16:31.612487
Novidades já notificadas anteriormente. Sem envio...
Rodou em: 2026-04-05 01:26:28.909960
Novidades já notificadas anteriormente. Sem envio...
Rodou em: 2026-04-05 01:31:17.686505
Novidades já notificadas anteriormente. Sem envio...
Rodou em: 2026-04-05 01:41:19.876679
Novidades já notificadas anteriormente. Sem envio...
Rodou em: 2026-04-05 04:30:06.430360
Novidades já notificadas anteriormente. Sem envio...
Rodou em: 2026-04-05 04:40:05.510074
Novidades já notificadas anteriormente. Sem envio...
Rodou em: 2026-04-05 04:50:05.804199
Novidades já notificadas anteriormente. Sem envio...
Rodou em: 2026-04-05 05:00:04.831148
Novidades já notificadas anteriormente. Sem envio...
Rodou em: 2026-04-05 05:10:06.215675
Novidades já notificadas anteriormente. Sem envio...
Rodou em: 2026-04-05 05:20:05.804898
Novidades já notificadas anteriormente. Sem envio...
Rodou em: 2026-04-05 05:30:06.048616
Novidades já notificadas anteriormente. Sem envio...
Rodou em: 2026-04-05 05:40:05.438038
Novidades já notificadas anteriormente. Sem envio...
Rodou em: 2026-04-05 05:50:06.152384
Novidades já notificadas anteriormente. Sem envio...
Rodou em: 2026-04-05 06:00:05.234956
Novidades já notificadas anteriormente. Sem envio...
Rodou em: 2026-04-05 06:10:03.858832
Novidades já notificadas anteriormente. Sem envio...
Rodou em: 2026-04-05 06:20:04.361202
Novidades já notificadas anteriormente. Sem envio...
Rodou em: 2026-04-05 06:30:06.822890
Novidades já notificadas anteriormente. Sem envio...
Rodou em: 2026-04-05 06:50:17.782529
Novidades já notificadas anteriormente. Sem envio...
Rodou em: 2026-04-05 07:10:06.408178
Novidades já notificadas anteriormente. Sem envio...
Rodou em: 2026-04-05 07:30:10.961462
Novidades já notificadas anteriormente. Sem envio...
Rodou em: 2026-04-05 07:40:10.600584
Novidades já notificadas anteriormente. Sem envio...
Erro ao acessar o site: HTTPSConnectionPool(host='sitepd.org.br', port=443): Read timed out.
Rodou em: 2026-04-05 08:00:14.542556
Novidades já notificadas anteriormente. Sem envio...
Rodou em: 2026-04-05 08:50:58.256807
Novidades já notificadas anteriormente. Sem envio...
Rodou em: 2026-04-05 14:20:09.207993
Novidades já notificadas anteriormente. Sem envio...
Rodou em: 2026-04-05 16:05:46.395664
Novidades já notificadas anteriormente. Sem envio...
Rodou em: 2026-04-05 17:00:40.787589
Novidades já notificadas anteriormente. Sem envio...
Rodou em: 2026-04-05 19:16:18.518776
Novidades já notificadas anteriormente. Sem envio...
Rodou em: 2026-04-05 19:40:16.972316
Novidades já notificadas anteriormente. Sem envio...
Rodou em: 2026-04-05 19:50:10.201476
Novidades já notificadas anteriormente. Sem envio...
Rodou em: 2026-04-05 20:00:08.556897
Novidades já notificadas anteriormente. Sem envio...
Rodou em: 2026-04-05 20:10:14.435008
Novidades já notificadas anteriormente. Sem envio...
Rodou em: 2026-04-05 20:20:06.081521
Novidades já notificadas anteriormente. Sem envio...
Rodou em: 2026-04-05 20:30:04.588212
Novidades já notificadas anteriormente. Sem envio...
Rodou em: 2026-04-05 20:40:05.907858
Novidades já notificadas anteriormente. Sem envio...
Rodou em: 2026-04-05 20:50:05.691056
Novidades já notificadas anteriormente. Sem envio...
Erro ao acessar o site: HTTPSConnectionPool(host='sitepd.org.br', port=443): Read timed out. (read timeout=10)
Rodou em: 2026-04-05 21:10:05.137245
Novidades já notificadas anteriormente. Sem envio...
Erro ao acessar o site: HTTPSConnectionPool(host='sitepd.org.br', port=443): Read timed out. (read timeout=10)
Rodou em: 2026-04-05 23:30:05.405341
Novidades já notificadas anteriormente. Sem envio...
Rodou em: 2026-04-05 23:40:04.035640
Novidades já notificadas anteriormente. Sem envio...
Rodou em: 2026-04-05 23:50:04.512805
Novidades já notificadas anteriormente. Sem envio...
Rodou em: 2026-04-06 00:00:06.521141
Novidades já notificadas anteriormente. Sem envio...
Rodou em: 2026-04-06 00:10:04.350847
Novidades já notificadas anteriormente. Sem envio...
Rodou em: 2026-04-06 00:20:06.512879
Novidades já notificadas anteriormente. Sem envio...
Rodou em: 2026-04-06 00:30:04.193020
Novidades já notificadas anteriormente. Sem envio...
Rodou em: 2026-04-06 04:30:06.566295
Novidades já notificadas anteriormente. Sem envio...
Rodou em: 2026-04-06 04:40:04.299816
Novidades já notificadas anteriormente. Sem envio...
Rodou em: 2026-04-06 04:50:05.668449
Novidades já notificadas anteriormente. Sem envio...
Rodou em: 2026-04-06 05:00:04.321290
Novidades já notificadas anteriormente. Sem envio...
Rodou em: 2026-04-06 05:10:04.039190
Novidades já notificadas anteriormente. Sem envio...
Rodou em: 2026-04-06 05:20:04.835955
Novidades já notificadas anteriormente. Sem envio...
Rodou em: 2026-04-06 05:30:06.436686
Novidades já notificadas anteriormente. Sem envio...
Rodou em: 2026-04-06 05:40:03.885097
Novidades já notificadas anteriormente. Sem envio...
Rodou em: 2026-04-06 05:50:03.640471
Novidades já notificadas anteriormente. Sem envio...
Erro ao acessar o site: HTTPSConnectionPool(host='sitepd.org.br', port=443): Read timed out.
Rodou em: 2026-04-06 07:20:41.229553
Novidades já notificadas anteriormente. Sem envio...
Rodou em: 2026-04-06 07:30:07.246304
Novidades já notificadas anteriormente. Sem envio...
Rodou em: 2026-04-06 07:40:04.037653
Novidades já notificadas anteriormente. Sem envio...
Rodou em: 2026-04-06 07:50:04.645632
Novidades já notificadas anteriormente. Sem envio...
Rodou em: 2026-04-06 08:00:06.828325
Novidades já notificadas anteriormente. Sem envio...
Rodou em: 2026-04-06 08:10:06.365363
Novidades já notificadas anteriormente. Sem envio...
Rodou em: 2026-04-06 08:20:04.322387
Novidades já notificadas anteriormente. Sem envio...
Rodou em: 2026-04-06 08:30:05.441447
Novidades já notificadas anteriormente. Sem envio...
Rodou em: 2026-04-06 08:40:04.816809
Novidades já notificadas anteriormente. Sem envio...
Rodou em: 2026-04-06 08:50:05.546801
Novidades já notificadas anteriormente. Sem envio...
Rodou em: 2026-04-06 09:00:07.681289
Novidades já notificadas anteriormente. Sem envio...
Rodou em: 2026-04-06 09:10:04.224131
Novidades já notificadas anteriormente. Sem envio...
Rodou em: 2026-04-06 09:20:05.539605
Novidades já notificadas anteriormente. Sem envio...
Rodou em: 2026-04-06 09:30:06.408592
Novidades já notificadas anteriormente. Sem envio...
Rodou em: 2026-04-06 09:40:04.740950
Novidades já notificadas anteriormente. Sem envio...
Rodou em: 2026-04-06 09:50:04.093707
Novidades já notificadas anteriormente. Sem envio...
Rodou em: 2026-04-06 10:00:05.185565
Novidades já notificadas anteriormente. Sem envio...
Rodou em: 2026-04-06 10:10:04.737025
Novidades já notificadas anteriormente. Sem envio...
Rodou em: 2026-04-06 10:20:03.896991
Novidades já notificadas anteriormente. Sem envio...
Rodou em: 2026-04-06 10:30:10.015238
Novidades já notificadas anteriormente. Sem envio...
Rodou em: 2026-04-06 10:40:04.958770
Novidades já notificadas anteriormente. Sem envio...
Rodou em: 2026-04-06 10:50:04.734326
Novidades já notificadas anteriormente. Sem envio...
Rodou em: 2026-04-06 11:00:04.266958
Novidades já notificadas anteriormente. Sem envio...
Rodou em: 2026-04-06 11:10:08.586419
Novidades já notificadas anteriormente. Sem envio...
Rodou em: 2026-04-06 11:20:09.682447
Novidades já notificadas anteriormente. Sem envio...
Rodou em: 2026-04-06 11:30:07.371471
Novidades já notificadas anteriormente. Sem envio...
Rodou em: 2026-04-06 11:40:04.301626
Novidades já notificadas anteriormente. Sem envio...
Rodou em: 2026-04-06 11:50:04.148066
Novidades já notificadas anteriormente. Sem envio...
Rodou em: 2026-04-06 12:00:03.964886
Novidades já notificadas anteriormente. Sem envio...
Rodou em: 2026-04-06 12:10:04.448100
Novidades já notificadas anteriormente. Sem envio...
Rodou em: 2026-04-06 12:20:06.170438
Novidades já notificadas anteriormente. Sem envio...
Rodou em: 2026-04-06 12:30:04.607332
Novidades já notificadas anteriormente. Sem envio...
Rodou em: 2026-04-06 12:40:04.598589
Novidades já notificadas anteriormente. Sem envio...
Rodou em: 2026-04-06 12:50:04.249528
Novidades já notificadas anteriormente. Sem envio...
Rodou em: 2026-04-06 13:00:04.713675
Novidades já notificadas anteriormente. Sem envio...
Rodou em: 2026-04-06 13:10:04.986751
Novidades já notificadas anteriormente. Sem envio...
Rodou em: 2026-04-06 13:20:07.018417
Novidades já notificadas anteriormente. Sem envio...
Rodou em: 2026-04-06 13:30:08.623271
Novidades já notificadas anteriormente. Sem envio...
Rodou em: 2026-04-06 13:40:05.199171
Novidades já notificadas anteriormente. Sem envio...
Rodou em: 2026-04-06 13:50:04.694678
Novidades já notificadas anteriormente. Sem envio...
Rodou em: 2026-04-06 14:00:04.449484
Novidades já notificadas anteriormente. Sem envio...
Rodou em: 2026-04-06 14:10:05.005581
Novidades já notificadas anteriormente. Sem envio...
Rodou em: 2026-04-06 14:20:03.475160
Novidades já notificadas anteriormente. Sem envio...
Rodou em: 2026-04-06 14:30:04.224994
Novidades já notificadas anteriormente. Sem envio...
Rodou em: 2026-04-06 14:40:03.821996
Novidades já notificadas anteriormente. Sem envio...
Rodou em: 2026-04-06 14:50:04.214854
Novidades já notificadas anteriormente. Sem envio...
Rodou em: 2026-04-06 15:00:05.326593
Novidades já notificadas anteriormente. Sem envio...
Rodou em: 2026-04-06 15:10:08.300160
Novidades já notificadas anteriormente. Sem envio...
Rodou em: 2026-04-06 15:20:05.047936
Novidades já notificadas anteriormente. Sem envio...
Rodou em: 2026-04-06 15:30:20.022001
Novidades já notificadas anteriormente. Sem envio...
Rodou em: 2026-04-06 15:40:04.758202
Novidades já notificadas anteriormente. Sem envio...
Rodou em: 2026-04-06 15:50:04.571329
Novidades já notificadas anteriormente. Sem envio...
Rodou em: 2026-04-06 16:00:05.139750
Novidades já notificadas anteriormente. Sem envio...
Rodou em: 2026-04-06 16:10:06.108824
Novidades já notificadas anteriormente. Sem envio...
Rodou em: 2026-04-06 16:20:06.582052
Novidades já notificadas anteriormente. Sem envio...
Rodou em: 2026-04-06 16:30:05.230258
Novidades já notificadas anteriormente. Sem envio...
Rodou em: 2026-04-06 16:40:03.768118
Novidades já notificadas anteriormente. Sem envio...
Rodou em: 2026-04-06 16:50:04.584532
Novidades já notificadas anteriormente. Sem envio...
Rodou em: 2026-04-06 17:00:16.216438
Novidades já notificadas anteriormente. Sem envio...
Rodou em: 2026-04-06 17:10:08.412672
Novidades já notificadas anteriormente. Sem envio...
Rodou em: 2026-04-06 17:20:05.849126
Novidades já notificadas anteriormente. Sem envio...
Rodou em: 2026-04-06 17:30:06.687166
Novidades já notificadas anteriormente. Sem envio...
Rodou em: 2026-04-06 17:40:04.662962
Novidades já notificadas anteriormente. Sem envio...
Rodou em: 2026-04-06 17:50:04.171121
Novidades já notificadas anteriormente. Sem envio...
Rodou em: 2026-04-06 18:00:06.198591
Novidades já notificadas anteriormente. Sem envio...
Rodou em: 2026-04-06 18:10:04.456617
Novidades já notificadas anteriormente. Sem envio...
Rodou em: 2026-04-06 18:20:04.392419
Novidades já notificadas anteriormente. Sem envio...
Rodou em: 2026-04-06 18:30:04.746425
Novidades já notificadas anteriormente. Sem envio...
Rodou em: 2026-04-06 18:40:04.616562
Novidades já notificadas anteriormente. Sem envio...
Rodou em: 2026-04-06 18:50:06.550938
Novidades já notificadas anteriormente. Sem envio...
Rodou em: 2026-04-06 19:00:05.600428
Novidades já notificadas anteriormente. Sem envio...
Rodou em: 2026-04-06 19:10:04.486506
Novidades já notificadas anteriormente. Sem envio...
Rodou em: 2026-04-06 19:20:04.808659
Novidades já notificadas anteriormente. Sem envio...
Rodou em: 2026-04-06 19:30:07.548058
Novidades já notificadas anteriormente. Sem envio...
Rodou em: 2026-04-06 19:40:04.931119
Novidades já notificadas anteriormente. Sem envio...
Rodou em: 2026-04-06 19:50:06.481114
Novidades já notificadas anteriormente. Sem envio...
Rodou em: 2026-04-06 20:00:05.205320
Novidades já notificadas anteriormente. Sem envio...
Rodou em: 2026-04-06 21:00:06.627038
Novidades já notificadas anteriormente. Sem envio...
Rodou em: 2026-04-07 01:30:14.828024
Novidades já notificadas anteriormente. Sem envio...
Rodou em: 2026-04-07 01:40:10.567955
Novidades já notificadas anteriormente. Sem envio...
Rodou em: 2026-04-07 01:50:11.357704
Novidades já notificadas anteriormente. Sem envio...
Rodou em: 2026-04-07 03:02:05.218188
Novidades já notificadas anteriormente. Sem envio...
Rodou em: 2026-04-07 03:40:11.547119
Novidades já notificadas anteriormente. Sem envio...
Rodou em: 2026-04-07 03:50:03.796919
Novidades já notificadas anteriormente. Sem envio...
Rodou em: 2026-04-07 04:00:06.400906
Novidades já notificadas anteriormente. Sem envio...
Rodou em: 2026-04-07 04:10:04.168819
Novidades já notificadas anteriormente. Sem envio...
Rodou em: 2026-04-07 04:20:06.895691
Novidades já notificadas anteriormente. Sem envio...
Rodou em: 2026-04-07 04:30:04.647520
Novidades já notificadas anteriormente. Sem envio...
Rodou em: 2026-04-07 04:40:05.751648
Novidades já notificadas anteriormente. Sem envio...
Rodou em: 2026-04-07 04:50:04.850637
Novidades já notificadas anteriormente. Sem envio...
Rodou em: 2026-04-07 05:00:04.130239
Novidades já notificadas anteriormente. Sem envio...
Rodou em: 2026-04-07 05:10:05.065677
Novidades já notificadas anteriormente. Sem envio...
Rodou em: 2026-04-07 05:20:07.138027
Novidades já notificadas anteriormente. Sem envio...
Rodou em: 2026-04-07 05:30:05.609515
Novidades já notificadas anteriormente. Sem envio...
Rodou em: 2026-04-07 05:40:04.670218
Novidades já notificadas anteriormente. Sem envio...
Rodou em: 2026-04-07 05:50:07.285936
Novidades já notificadas anteriormente. Sem envio...
Rodou em: 2026-04-07 06:00:04.375008
Novidades já notificadas anteriormente. Sem envio...
Rodou em: 2026-04-07 06:10:04.376892
Novidades já notificadas anteriormente. Sem envio...
Rodou em: 2026-04-07 06:20:05.300511
Novidades já notificadas anteriormente. Sem envio...
Rodou em: 2026-04-07 06:30:04.724510
Novidades já notificadas anteriormente. Sem envio...
Rodou em: 2026-04-07 06:50:06.226032
Novidades já notificadas anteriormente. Sem envio...
Rodou em: 2026-04-07 07:31:40.898926
Novidades já notificadas anteriormente. Sem envio...
Rodou em: 2026-04-07 07:40:05.384378
Novidades já notificadas anteriormente. Sem envio...
Rodou em: 2026-04-07 07:50:04.606143
Novidades já notificadas anteriormente. Sem envio...
Rodou em: 2026-04-07 08:00:05.532158
Novidades já notificadas anteriormente. Sem envio...
Rodou em: 2026-04-07 08:10:04.916361
Novidades já notificadas anteriormente. Sem envio...
Rodou em: 2026-04-07 08:20:03.992626
Novidades já notificadas anteriormente. Sem envio...
Rodou em: 2026-04-07 08:30:06.576778
Novidades já notificadas anteriormente. Sem envio...
Rodou em: 2026-04-07 08:40:04.522800
Novidades já notificadas anteriormente. Sem envio...
Rodou em: 2026-04-07 08:50:05.106270
Novidades já notificadas anteriormente. Sem envio...
Rodou em: 2026-04-07 09:00:04.857308
Novidades já notificadas anteriormente. Sem envio...
Rodou em: 2026-04-07 09:10:12.015819
Novidades já notificadas anteriormente. Sem envio...
Rodou em: 2026-04-07 09:20:13.386528
Novidades já notificadas anteriormente. Sem envio...
Rodou em: 2026-04-07 09:30:04.822470
Novidades já notificadas anteriormente. Sem envio...
Rodou em: 2026-04-07 09:40:04.577757
Novidades já notificadas anteriormente. Sem envio...
Rodou em: 2026-04-07 09:50:07.186901
Novidades já notificadas anteriormente. Sem envio...
Rodou em: 2026-04-07 10:00:06.182124
Novidades já notificadas anteriormente. Sem envio...
Rodou em: 2026-04-07 10:10:05.713166
Novidades já notificadas anteriormente. Sem envio...
Rodou em: 2026-04-07 10:20:04.392568
Novidades já notificadas anteriormente. Sem envio...
Rodou em: 2026-04-07 10:30:09.725658
Novidades já notificadas anteriormente. Sem envio...
Rodou em: 2026-04-07 10:40:04.265807
Novidades já notificadas anteriormente. Sem envio...
Rodou em: 2026-04-07 10:50:06.574298
Novidades já notificadas anteriormente. Sem envio...
Rodou em: 2026-04-07 11:00:04.531623
Novidades já notificadas anteriormente. Sem envio...
Rodou em: 2026-04-07 11:10:04.038122
Novidades já notificadas anteriormente. Sem envio...
Rodou em: 2026-04-07 11:20:04.945817
Novidades já notificadas anteriormente. Sem envio...
Rodou em: 2026-04-07 11:30:06.361792
Novidades já notificadas anteriormente. Sem envio...
Rodou em: 2026-04-07 11:40:04.948296
Novidades já notificadas anteriormente. Sem envio...
Rodou em: 2026-04-07 11:50:06.286516
Novidades já notificadas anteriormente. Sem envio...
Rodou em: 2026-04-07 12:00:09.143936
Novidades já notificadas anteriormente. Sem envio...
Rodou em: 2026-04-07 12:10:04.165901
Novidades já notificadas anteriormente. Sem envio...
Rodou em: 2026-04-07 12:20:04.496699
Novidades já notificadas anteriormente. Sem envio...
Rodou em: 2026-04-07 12:30:04.424827
Novidades já notificadas anteriormente. Sem envio...
Rodou em: 2026-04-07 12:40:04.820756
Novidades já notificadas anteriormente. Sem envio...
Rodou em: 2026-04-07 12:50:06.498237
Novidades já notificadas anteriormente. Sem envio...
Rodou em: 2026-04-07 13:00:04.706595
Novidades já notificadas anteriormente. Sem envio...
Rodou em: 2026-04-07 13:10:04.866391
Novidades já notificadas anteriormente. Sem envio...
Rodou em: 2026-04-07 13:20:03.984144
Novidades já notificadas anteriormente. Sem envio...
Rodou em: 2026-04-07 13:30:09.188443
Novidades já notificadas anteriormente. Sem envio...
Rodou em: 2026-04-07 13:40:04.908439
Novidades já notificadas anteriormente. Sem envio...
Rodou em: 2026-04-07 13:50:05.525998
Novidades já notificadas anteriormente. Sem envio...
Rodou em: 2026-04-07 14:00:04.704183
Novidades já notificadas anteriormente. Sem envio...
Rodou em: 2026-04-07 14:10:05.721155
Novidades já notificadas anteriormente. Sem envio...
Rodou em: 2026-04-07 14:20:04.484688
Novidades já notificadas anteriormente. Sem envio...
Rodou em: 2026-04-07 14:30:04.612960
Novidades já notificadas anteriormente. Sem envio...
Rodou em: 2026-04-07 14:40:05.032475
Novidades já notificadas anteriormente. Sem envio...
Rodou em: 2026-04-07 14:50:08.137933
Novidades já notificadas anteriormente. Sem envio...
Rodou em: 2026-04-07 15:00:06.327338
Novidades já notificadas anteriormente. Sem envio...
Rodou em: 2026-04-07 15:10:04.347367
Novidades já notificadas anteriormente. Sem envio...
Rodou em: 2026-04-07 15:20:05.798594
Novidades já notificadas anteriormente. Sem envio...
Rodou em: 2026-04-07 15:30:11.173142
Novidades já notificadas anteriormente. Sem envio...
Rodou em: 2026-04-07 15:40:06.547989
Novidades já notificadas anteriormente. Sem envio...
Rodou em: 2026-04-07 15:50:05.716646
Novidades já notificadas anteriormente. Sem envio...
Rodou em: 2026-04-07 16:00:05.371682
Novidades já notificadas anteriormente. Sem envio...
Rodou em: 2026-04-07 16:10:04.940729
Novidades já notificadas anteriormente. Sem envio...
Rodou em: 2026-04-07 16:20:07.741894
Novidades já notificadas anteriormente. Sem envio...
Rodou em: 2026-04-07 16:30:06.508829
Novidades já notificadas anteriormente. Sem envio...
Rodou em: 2026-04-07 16:40:06.189782
Novidades já notificadas anteriormente. Sem envio...
Rodou em: 2026-04-07 16:50:04.717119
Novidades já notificadas anteriormente. Sem envio...
Rodou em: 2026-04-07 17:00:06.017295
Novidades já notificadas anteriormente. Sem envio...
Rodou em: 2026-04-07 17:10:06.506993
Novidades já notificadas anteriormente. Sem envio...
Rodou em: 2026-04-07 17:20:03.885884
Novidades já notificadas anteriormente. Sem envio...
Rodou em: 2026-04-07 17:30:05.652293
Novidades já notificadas anteriormente. Sem envio...
Rodou em: 2026-04-07 21:00:06.771007
Novidades já notificadas anteriormente. Sem envio...
Rodou em: 2026-04-08 07:50:07.869963
Novidades já notificadas anteriormente. Sem envio...
Rodou em: 2026-04-08 08:00:11.272192
Novidades já notificadas anteriormente. Sem envio...
Rodou em: 2026-04-08 08:10:07.095761
Novidades já notificadas anteriormente. Sem envio...
Rodou em: 2026-04-08 08:20:04.983433
Novidades já notificadas anteriormente. Sem envio...
Rodou em: 2026-04-08 08:30:06.050051
Novidades já notificadas anteriormente. Sem envio...
Rodou em: 2026-04-08 08:40:05.802195
Novidades já notificadas anteriormente. Sem envio...
Rodou em: 2026-04-08 08:50:07.385047
Novidades já notificadas anteriormente. Sem envio...
Rodou em: 2026-04-08 09:00:06.397039
Novidades já notificadas anteriormente. Sem envio...
Rodou em: 2026-04-08 09:10:05.709954
Novidades já notificadas anteriormente. Sem envio...
Rodou em: 2026-04-08 09:20:05.764640
Novidades já notificadas anteriormente. Sem envio...
Rodou em: 2026-04-08 09:30:11.940365
Novidades já notificadas anteriormente. Sem envio...
Rodou em: 2026-04-08 09:40:04.338815
Novidades já notificadas anteriormente. Sem envio...
Rodou em: 2026-04-08 09:50:04.660000
Novidades já notificadas anteriormente. Sem envio...
Rodou em: 2026-04-08 10:00:05.431670
Novidades já notificadas anteriormente. Sem envio...
Rodou em: 2026-04-08 10:10:05.114836
Novidades já notificadas anteriormente. Sem envio...
Rodou em: 2026-04-08 10:20:06.273539
Novidades já notificadas anteriormente. Sem envio...
Rodou em: 2026-04-08 10:30:04.941345
Novidades já notificadas anteriormente. Sem envio...
Rodou em: 2026-04-08 10:40:04.686527
Novidades já notificadas anteriormente. Sem envio...
Rodou em: 2026-04-08 10:50:15.947877
Novidades já notificadas anteriormente. Sem envio...
Rodou em: 2026-04-08 11:00:07.156111
Novidades já notificadas anteriormente. Sem envio...
Rodou em: 2026-04-08 11:10:07.150033
Novidades já notificadas anteriormente. Sem envio...
Rodou em: 2026-04-08 11:20:04.982040
Novidades já notificadas anteriormente. Sem envio...
Rodou em: 2026-04-08 11:30:05.370134
Novidades já notificadas anteriormente. Sem envio...
Rodou em: 2026-04-08 11:40:05.135473
Novidades já notificadas anteriormente. Sem envio...
Rodou em: 2026-04-08 11:50:06.499581
Novidades já notificadas anteriormente. Sem envio...
Rodou em: 2026-04-08 12:00:05.356965
Novidades já notificadas anteriormente. Sem envio...
Rodou em: 2026-04-08 12:10:04.793252
Novidades já notificadas anteriormente. Sem envio...
Rodou em: 2026-04-08 12:20:06.810747
Novidades já notificadas anteriormente. Sem envio...
Rodou em: 2026-04-08 12:30:05.887791
Novidades já notificadas anteriormente. Sem envio...
Rodou em: 2026-04-08 12:40:03.781935
Novidades já notificadas anteriormente. Sem envio...
Rodou em: 2026-04-08 12:50:04.302054
Novidades já notificadas anteriormente. Sem envio...
Rodou em: 2026-04-08 13:00:05.285373
Novidades já notificadas anteriormente. Sem envio...
Rodou em: 2026-04-08 13:10:05.631009
Novidades já notificadas anteriormente. Sem envio...
Rodou em: 2026-04-08 13:20:08.290067
Novidades já notificadas anteriormente. Sem envio...
Rodou em: 2026-04-08 13:30:05.551691
Novidades já notificadas anteriormente. Sem envio...
Rodou em: 2026-04-08 13:40:05.284982
Novidades já notificadas anteriormente. Sem envio...
Rodou em: 2026-04-08 13:50:05.904895
Novidades já notificadas anteriormente. Sem envio...
Rodou em: 2026-04-08 14:00:08.015590
Novidades já notificadas anteriormente. Sem envio...
Rodou em: 2026-04-08 14:10:05.884031
Novidades já notificadas anteriormente. Sem envio...
Rodou em: 2026-04-08 14:20:05.278275
Novidades já notificadas anteriormente. Sem envio...
Rodou em: 2026-04-08 14:30:04.084455
Novidades já notificadas anteriormente. Sem envio...
Rodou em: 2026-04-08 14:40:04.516131
Novidades já notificadas anteriormente. Sem envio...
Rodou em: 2026-04-08 14:50:05.822296
Novidades já notificadas anteriormente. Sem envio...
Rodou em: 2026-04-08 15:00:10.545810
Novidades já notificadas anteriormente. Sem envio...
Rodou em: 2026-04-08 15:10:06.336516
Novidades já notificadas anteriormente. Sem envio...
Rodou em: 2026-04-08 15:20:06.510737
Novidades já notificadas anteriormente. Sem envio...
Rodou em: 2026-04-08 15:30:12.028621
Novidades já notificadas anteriormente. Sem envio...
Rodou em: 2026-04-08 15:40:06.244869
Novidades já notificadas anteriormente. Sem envio...
Rodou em: 2026-04-08 15:50:06.736004
Novidades já notificadas anteriormente. Sem envio...
Rodou em: 2026-04-08 16:00:05.740479
Novidades já notificadas anteriormente. Sem envio...
Rodou em: 2026-04-08 16:10:04.740999
Novidades já notificadas anteriormente. Sem envio...
Rodou em: 2026-04-08 16:20:03.932329
Novidades já notificadas anteriormente. Sem envio...
Rodou em: 2026-04-08 16:30:04.450118
Novidades já notificadas anteriormente. Sem envio...
Rodou em: 2026-04-08 16:40:04.271306
Novidades já notificadas anteriormente. Sem envio...
Rodou em: 2026-04-08 16:50:05.566673
Novidades já notificadas anteriormente. Sem envio...
Rodou em: 2026-04-08 17:00:05.171603
Novidades já notificadas anteriormente. Sem envio...
Rodou em: 2026-04-08 17:10:06.006218
Novidades já notificadas anteriormente. Sem envio...
Rodou em: 2026-04-08 17:20:05.839450
Novidades já notificadas anteriormente. Sem envio...
Rodou em: 2026-04-08 17:40:06.049072
Novidades já notificadas anteriormente. Sem envio...
Rodou em: 2026-04-08 17:50:03.843984
Novidades já notificadas anteriormente. Sem envio...
Rodou em: 2026-04-08 18:00:05.931612
Novidades já notificadas anteriormente. Sem envio...
Rodou em: 2026-04-08 18:10:04.488888
Novidades já notificadas anteriormente. Sem envio...
Rodou em: 2026-04-08 18:20:04.288472
Novidades já notificadas anteriormente. Sem envio...
Rodou em: 2026-04-08 19:40:14.540523
Novidades já notificadas anteriormente. Sem envio...
Rodou em: 2026-04-08 20:23:16.278813
Novidades já notificadas anteriormente. Sem envio...
Rodou em: 2026-04-08 20:40:03.947996
Novidades já notificadas anteriormente. Sem envio...
Rodou em: 2026-04-08 21:00:07.472577
Novidades já notificadas anteriormente. Sem envio...
Erro ao acessar o site: HTTPSConnectionPool(host='sitepd.org.br', port=443): Read timed out. (read timeout=10)
Erro ao acessar o site: HTTPSConnectionPool(host='sitepd.org.br', port=443): Read timed out. (read timeout=10)
Erro ao acessar o site: HTTPSConnectionPool(host='sitepd.org.br', port=443): Read timed out. (read timeout=10)
Erro ao acessar o site: HTTPSConnectionPool(host='sitepd.org.br', port=443): Read timed out. (read timeout=10)
Erro ao acessar o site: HTTPSConnectionPool(host='sitepd.org.br', port=443): Read timed out. (read timeout=10)
Erro ao acessar o site: HTTPSConnectionPool(host='sitepd.org.br', port=443): Read timed out. (read timeout=10)
Erro ao acessar o site: HTTPSConnectionPool(host='sitepd.org.br', port=443): Read timed out. (read timeout=10)
Erro ao acessar o site: HTTPSConnectionPool(host='sitepd.org.br', port=443): Read timed out. (read timeout=10)
Erro ao acessar o site: HTTPSConnectionPool(host='sitepd.org.br', port=443): Read timed out. (read timeout=10)
Erro ao acessar o site: HTTPSConnectionPool(host='sitepd.org.br', port=443): Read timed out. (read timeout=10)
Erro ao acessar o site: HTTPSConnectionPool(host='sitepd.org.br', port=443): Read timed out. (read timeout=10)
Erro ao acessar o site: HTTPSConnectionPool(host='sitepd.org.br', port=443): Read timed out. (read timeout=10)
Erro ao acessar o site: HTTPSConnectionPool(host='sitepd.org.br', port=443): Read timed out. (read timeout=10)
Erro ao acessar o site: HTTPSConnectionPool(host='sitepd.org.br', port=443): Read timed out. (read timeout=10)
Erro ao acessar o site: HTTPSConnectionPool(host='sitepd.org.br', port=443): Read timed out. (read timeout=10)
Erro ao acessar o site: HTTPSConnectionPool(host='sitepd.org.br', port=443): Read timed out. (read timeout=10)
Erro ao acessar o site: HTTPSConnectionPool(host='sitepd.org.br', port=443): Read timed out. (read timeout=10)
Erro ao acessar o site: HTTPSConnectionPool(host='sitepd.org.br', port=443): Read timed out. (read timeout=10)
Erro ao acessar o site: HTTPSConnectionPool(host='sitepd.org.br', port=443): Read timed out. (read timeout=10)
Erro ao acessar o site: HTTPSConnectionPool(host='sitepd.org.br', port=443): Read timed out. (read timeout=10)
Rodou em: 2026-04-09 09:50:05.805591
Novidades já notificadas anteriormente. Sem envio...
Rodou em: 2026-04-09 10:00:08.421959
Novidades já notificadas anteriormente. Sem envio...
Rodou em: 2026-04-09 10:10:05.663442
Novidades já notificadas anteriormente. Sem envio...
Rodou em: 2026-04-09 10:20:05.157287
Novidades já notificadas anteriormente. Sem envio...
Rodou em: 2026-04-09 10:30:04.039540
Novidades já notificadas anteriormente. Sem envio...
Rodou em: 2026-04-09 10:40:06.678703
Novidades já notificadas anteriormente. Sem envio...
Rodou em: 2026-04-09 10:50:14.833031
Novidades já notificadas anteriormente. Sem envio...
Rodou em: 2026-04-09 11:00:05.740002
Novidades já notificadas anteriormente. Sem envio...
Rodou em: 2026-04-09 11:10:11.541697
Novidades já notificadas anteriormente. Sem envio...
